{
    "__comment": "Fair warning, this format is highly likely to change even more in the future!",
    "variants": {
        "facing=east,half=bottom,shape=straight":  { "model": "brick_roof", "y": 90 },
        "facing=west,half=bottom,shape=straight":  { "model": "brick_roof", "y": 270 },
        "facing=south,half=bottom,shape=straight": { "model": "brick_roof", "y": 180 },
        "facing=north,half=bottom,shape=straight": { "model": "brick_roof", "y": 0 },
        "facing=east,half=bottom,shape=outer_right":  { "model": "brick_roof_outer", "y": 180 },
        "facing=west,half=bottom,shape=outer_right":  { "model": "brick_roof_outer", "y": 0 },
        "facing=south,half=bottom,shape=outer_right": { "model": "brick_roof_outer", "y": 270 },
        "facing=north,half=bottom,shape=outer_right": { "model": "brick_roof_outer", "y": 90 },
        "facing=east,half=bottom,shape=outer_left":  { "model": "brick_roof_outer", "y": 90 },
        "facing=west,half=bottom,shape=outer_left":  { "model": "brick_roof_outer", "y": 270 },
        "facing=south,half=bottom,shape=outer_left": { "model": "brick_roof_outer", "y": 180 },
        "facing=north,half=bottom,shape=outer_left": { "model": "brick_roof_outer", "y": 0 },
        "facing=east,half=bottom,shape=inner_right":  { "model": "brick_roof_corner", "y": 90 },
        "facing=west,half=bottom,shape=inner_right":  { "model": "brick_roof_corner", "y": 270 },
        "facing=south,half=bottom,shape=inner_right": { "model": "brick_roof_corner", "y": 180 },
        "facing=north,half=bottom,shape=inner_right": { "model": "brick_roof_corner", "y": 0 },
        "facing=east,half=bottom,shape=inner_left":  { "model": "brick_roof_corner", "y": 0 },
        "facing=west,half=bottom,shape=inner_left":  { "model": "brick_roof_corner", "y": 180 },
        "facing=south,half=bottom,shape=inner_left": { "model": "brick_roof_corner", "y": 90 },
        "facing=north,half=bottom,shape=inner_left": { "model": "brick_roof_corner", "y": 270 },
        "facing=east,half=top,shape=straight":  { "model": "brick_roof_vert", "y": 90 },
        "facing=west,half=top,shape=straight":  { "model": "brick_roof_vert", "y": 270 },
        "facing=south,half=top,shape=straight": { "model": "brick_roof_vert", "y": 180 },
        "facing=north,half=top,shape=straight": { "model": "brick_roof_vert", "y": 0 },
        "facing=east,half=top,shape=outer_right":  { "model": "brick_outer_stairs", "x": 180 },
        "facing=west,half=top,shape=outer_right":  { "model": "brick_outer_stairs", "x": 180, "y": 180 },
        "facing=south,half=top,shape=outer_right": { "model": "brick_outer_stairs", "x": 180, "y": 90 },
        "facing=north,half=top,shape=outer_right": { "model": "brick_outer_stairs", "x": 180, "y": 270 },
        "facing=east,half=top,shape=outer_left":  { "model": "brick_outer_stairs", "x": 180, "y": 90 },
        "facing=west,half=top,shape=outer_left":  { "model": "brick_outer_stairs", "x": 180, "y": 270 },
        "facing=south,half=top,shape=outer_left": { "model": "brick_outer_stairs", "x": 180, "y": 180 },
        "facing=north,half=top,shape=outer_left": { "model": "brick_outer_stairs", "x": 180 },
        "facing=east,half=top,shape=inner_right":  { "model": "brick_inner_stairs", "x": 180 },
        "facing=west,half=top,shape=inner_right":  { "model": "brick_inner_stairs", "x": 180, "y": 180 },
        "facing=south,half=top,shape=inner_right": { "model": "brick_inner_stairs", "x": 180, "y": 90 },
        "facing=north,half=top,shape=inner_right": { "model": "brick_inner_stairs", "x": 180, "y": 270 },
        "facing=east,half=top,shape=inner_left":  { "model": "brick_inner_stairs", "x": 180, "y": 90 },
        "facing=west,half=top,shape=inner_left":  { "model": "brick_inner_stairs", "x": 180, "y": 270 },
        "facing=south,half=top,shape=inner_left": { "model": "brick_inner_stairs", "x": 180, "y": 180 },
        "facing=north,half=top,shape=inner_left": { "model": "brick_inner_stairs", "x": 180 }
    }
}
