{
"__comment": "Fair warning, this format is highly likely to change even more in the future!",
"ambientocclusion": false,
"textures": {
    "particle": "blocks/acacia_fence_gate",
    "texture": "blocks/acacia_fence_gate"
},
"elements": [ 
{
    "from": [ 1, 2, 7 ],
    "to": [ 1, 2.5, 7.5 ],
    "faces": {
        "west":  { "uv": [ 14, 13.5, 14.5, 14 ], "texture": "#texture" },
        "east":  { "uv": [ 1.5, 13.5, 2, 14 ], "texture": "#texture" }
    }
},
{
    "from": [ 1, 8.5, 1.5 ],
    "to": [ 1, 9, 2 ],
    "faces": {
        "west":  { "uv": [ 8.5, 7, 9, 7.5 ], "texture": "#texture" },
        "east":  { "uv": [ 7, 7, 7.5, 7.5 ], "texture": "#texture" }
    }
},
{
    "from": [ 1, 8.5, 3 ],
    "to": [ 1, 9, 4 ],
    "faces": {
        "west":  { "uv": [ 10, 7, 11, 7.5 ], "texture": "#texture" },
        "east":  { "uv": [ 5, 7, 6, 7.5 ], "texture": "#texture" }
    }
},
{
    "from": [ 1, 8, 2 ],
    "to": [ 1, 8.5, 3.5 ],
    "faces": {
        "west":  { "uv": [ 9, 7.5, 10.5, 8 ], "texture": "#texture" },
        "east":  { "uv": [ 5.5, 7.5, 7, 8 ], "texture": "#texture" }
    }
},
{
    "from": [ 1, 7.5, 3 ],
    "to": [ 1, 8, 3.5 ],
    "faces": {
        "west":  { "uv": [ 10, 8, 10.5, 8.5 ], "texture": "#texture" },
        "east":  { "uv": [ 5.5, 8, 6, 8.5 ], "texture": "#texture" }
    }
},
{
    "from": [ 1, 7, 2.5 ],
    "to": [ 1, 7.5, 5 ],
    "faces": {
        "west":  { "uv": [ 9.5, 8.5, 12, 9 ], "texture": "#texture" },
        "east":  { "uv": [ 4, 8.5, 6.5, 9 ], "texture": "#texture" }
    }
},
{
    "from": [ 1, 8.5, 5 ],
    "to": [ 1, 9, 5.5 ],
    "faces": {
        "west":  { "uv": [ 12, 7, 12.5, 7.5 ], "texture": "#texture" },
        "east":  { "uv": [ 3.5, 7, 4, 7.5 ], "texture": "#texture" }
    }
},
{
    "from": [ 1, 8, 5.5 ],
    "to": [ 1, 8.5, 6 ],
    "faces": {
        "west":  { "uv": [ 12.5, 7.5, 13, 8 ], "texture": "#texture" },
        "east":  { "uv": [ 3, 7.5, 3.5, 8 ], "texture": "#texture" }
    }
},
{
    "from": [ 1, 2.5, 2.5 ],
    "to": [ 1, 3.5, 3 ],
    "faces": {
        "west":  { "uv": [ 9.5, 12.5, 10, 13.5 ], "texture": "#texture" },
        "east":  { "uv": [ 6, 12.5, 6.5, 13.5 ], "texture": "#texture" }
    }
},
{
    "from": [ 1, 2.5, 1.5 ],
    "to": [ 1, 3, 2 ],
    "faces": {
        "west":  { "uv": [ 8.5, 13, 9, 13.5 ], "texture": "#texture" },
        "east":  { "uv": [ 7, 13, 7.5, 13.5 ], "texture": "#texture" }
    }
},
{
    "from": [ 1, 2, 2 ],
    "to": [ 1, 2.5, 2.5 ],
    "faces": {
        "west":  { "uv": [ 9, 13.5, 9.5, 14 ], "texture": "#texture" },
        "east":  { "uv": [ 6.5, 13.5, 7, 14 ], "texture": "#texture" }
    }
},
{
    "from": [ 1, 2.5, 3 ],
    "to": [ 1, 3, 3.5 ],
    "faces": {
        "west":  { "uv": [ 10, 13, 10.5, 13.5 ], "texture": "#texture" },
        "east":  { "uv": [ 5.5, 13, 6, 13.5 ], "texture": "#texture" }
    }
},
{
    "from": [ 1, 3, 3.5 ],
    "to": [ 1, 3.5, 4 ],
    "faces": {
        "west":  { "uv": [ 10.5, 12.5, 11, 13 ], "texture": "#texture" },
        "east":  { "uv": [ 5, 12.5, 5.5, 13 ], "texture": "#texture" }
    }
},
{
    "from": [ 1, 2, 3.5 ],
    "to": [ 1, 2.5, 4 ],
    "faces": {
        "west":  { "uv": [ 10.5, 13.5, 11, 14 ], "texture": "#texture" },
        "east":  { "uv": [ 5, 13.5, 5.5, 14 ], "texture": "#texture" }
    }
},
{
    "from": [ 1, 2.5, 4 ],
    "to": [ 1, 3, 7 ],
    "faces": {
        "west":  { "uv": [ 11, 13, 14, 13.5 ], "texture": "#texture" },
        "east":  { "uv": [ 2, 13, 5, 13.5 ], "texture": "#texture" }
    }
},
{
    "from": [ 1, 3, 4.5 ],
    "to": [ 1, 3.5, 5 ],
    "faces": {
        "west":  { "uv": [ 11.5, 12.5, 12, 13 ], "texture": "#texture" },
        "east":  { "uv": [ 4, 12.5, 4.5, 13 ], "texture": "#texture" }
    }
},
{
    "from": [ 1, 2, 5 ],
    "to": [ 1, 2.5, 5.5 ],
    "faces": {
        "west":  { "uv": [ 12, 13.5, 12.5, 14 ], "texture": "#texture" },
        "east":  { "uv": [ 3.5, 13.5, 4, 14 ], "texture": "#texture" }
    }
},
{
    "from": [ 1, 3, 5.5 ],
    "to": [ 1, 4, 6 ],
    "faces": {
        "west":  { "uv": [ 12.5, 12, 13, 13 ], "texture": "#texture" },
        "east":  { "uv": [ 3, 12, 3.5, 13 ], "texture": "#texture" }
    }
},
{
    "from": [ 1, 3.5, 6 ],
    "to": [ 1, 4, 6.5 ],
    "faces": {
        "west":  { "uv": [ 13, 12, 13.5, 12.5 ], "texture": "#texture" },
        "east":  { "uv": [ 2.5, 12, 3, 12.5 ], "texture": "#texture" }
    }
},
{
    "from": [ 1, 3.5, 3 ],
    "to": [ 1, 5, 3.5 ],
    "faces": {
        "west":  { "uv": [ 10, 11, 10.5, 12.5 ], "texture": "#texture" },
        "east":  { "uv": [ 5.5, 11, 6, 12.5 ], "texture": "#texture" }
    }
},
{
    "from": [ 1, 4, 4.5 ],
    "to": [ 1, 5, 5.5 ],
    "faces": {
        "west":  { "uv": [ 11.5, 11, 12.5, 12 ], "texture": "#texture" },
        "east":  { "uv": [ 3.5, 11, 4.5, 12 ], "texture": "#texture" }
    }
},
{
    "from": [ 1, 5, 3.5 ],
    "to": [ 1, 6, 4.5 ],
    "faces": {
        "west":  { "uv": [ 10.5, 10, 11.5, 11 ], "texture": "#texture" },
        "east":  { "uv": [ 4.5, 10, 5.5, 11 ], "texture": "#texture" }
    }
},
{
    "from": [ 1, 5, 5 ],
    "to": [ 1, 6.5, 5.5 ],
    "faces": {
        "west":  { "uv": [ 12, 9.5, 12.5, 11 ], "texture": "#texture" },
        "east":  { "uv": [ 3.5, 9.5, 4, 11 ], "texture": "#texture" }
    }
},
{
    "from": [ 1, 6.5, 4.5 ],
    "to": [ 1, 7, 5.5 ],
    "faces": {
        "west":  { "uv": [ 11.5, 9, 12.5, 9.5 ], "texture": "#texture" },
        "east":  { "uv": [ 3.5, 9, 4.5, 9.5 ], "texture": "#texture" }
    }
},
{
    "from": [ 1, 6.5, 3.5 ],
    "to": [ 1, 7, 4 ],
    "faces": {
        "west":  { "uv": [ 10.5, 9, 11, 9.5 ], "texture": "#texture" },
        "east":  { "uv": [ 5, 9, 5.5, 9.5 ], "texture": "#texture" }
    }
},
{
    "from": [ 1, 6, 3 ],
    "to": [ 1, 6.5, 3.5 ],
    "faces": {
        "west":  { "uv": [ 10, 9.5, 10.5, 10 ], "texture": "#texture" },
        "east":  { "uv": [ 5.5, 9.5, 6, 10 ], "texture": "#texture" }
    }
},
{
    "from": [ 1, 3.5, 2 ],
    "to": [ 1, 4, 2.5 ],
    "faces": {
        "west":  { "uv": [ 9, 12, 9.5, 12.5 ], "texture": "#texture" },
        "east":  { "uv": [ 6.5, 12, 7, 12.5 ], "texture": "#texture" }
    }
},
{
    "from": [ 1, 4.5, 2 ],
    "to": [ 1, 5, 2.5 ],
    "faces": {
        "west":  { "uv": [ 9, 11, 9.5, 11.5 ], "texture": "#texture" },
        "east":  { "uv": [ 6.5, 11, 7, 11.5 ], "texture": "#texture" }
    }
},
{
    "from": [ 1, 5.5, 2 ],
    "to": [ 1, 6, 3 ],
    "faces": {
        "west":  { "uv": [ 9, 10, 10, 10.5 ], "texture": "#texture" },
        "east":  { "uv": [ 6, 10, 7, 10.5 ], "texture": "#texture" }
    }
},
{
    "from": [ 1, 6.5, 2 ],
    "to": [ 1, 7, 2.5 ],
    "faces": {
        "west":  { "uv": [ 9, 9, 9.5, 9.5 ], "texture": "#texture" },
        "east":  { "uv": [ 6.5, 9, 7, 9.5 ], "texture": "#texture" }
    }
},
{
    "from": [ 1, 3.5, 1.5 ],
    "to": [ 1, 7, 2 ],
    "faces": {
        "west":  { "uv": [ 8.5, 9, 9, 12.5 ], "texture": "#texture" },
        "east":  { "uv": [ 7, 9, 7.5, 12.5 ], "texture": "#texture" }
    }
},
{
    "from": [ 1, 7.5, 4.5 ],
    "to": [ 1, 8, 5.5 ],
    "faces": {
        "west":  { "uv": [ 11.5, 8, 12.5, 8.5 ], "texture": "#texture" },
        "east":  { "uv": [ 3.5, 8, 4.5, 8.5 ], "texture": "#texture" }
    }
},
{
    "from": [ 1, 8, 4 ],
    "to": [ 1, 8.5, 4.5 ],
    "faces": {
        "west":  { "uv": [ 11, 7.5, 11.5, 8 ], "texture": "#texture" },
        "east":  { "uv": [ 4.5, 7.5, 5, 8 ], "texture": "#texture" }
    }
},
{
    "from": [ 1, 8.5, 6 ],
    "to": [ 1, 9, 6.5 ],
    "faces": {
        "west":  { "uv": [ 13, 7, 13.5, 7.5 ], "texture": "#texture" },
        "east":  { "uv": [ 2.5, 7, 3, 7.5 ], "texture": "#texture" }
    }
},
{
    "from": [ 15, 2, 7 ],
    "to": [ 15, 2.5, 7.5 ],
    "__comment": "Otherside",
    "faces": {
        "west":  { "uv": [ 14, 13.5, 14.5, 14 ], "texture": "#texture" },
        "east":  { "uv": [ 1.5, 13.5, 2, 14 ], "texture": "#texture" }
    }
},
{
    "from": [ 15, 8.5, 1.5 ],
    "to": [ 15, 9, 2 ],
    "__comment": "Otherside",
    "faces": {
        "west":  { "uv": [ 8.5, 7, 9, 7.5 ], "texture": "#texture" },
        "east":  { "uv": [ 7, 7, 7.5, 7.5 ], "texture": "#texture" }
    }
},
{
    "from": [ 15, 8.5, 3 ],
    "to": [ 15, 9, 4 ],
    "__comment": "Otherside",
    "faces": {
        "west":  { "uv": [ 10, 7, 11, 7.5 ], "texture": "#texture" },
        "east":  { "uv": [ 5, 7, 6, 7.5 ], "texture": "#texture" }
    }
},
{
    "from": [ 15, 8, 2 ],
    "to": [ 15, 8.5, 3.5 ],
    "__comment": "Otherside",
    "faces": {
        "west":  { "uv": [ 9, 7.5, 10.5, 8 ], "texture": "#texture" },
        "east":  { "uv": [ 5.5, 7.5, 7, 8 ], "texture": "#texture" }
    }
},
{
    "from": [ 15, 7.5, 3 ],
    "to": [ 15, 8, 3.5 ],
    "__comment": "Otherside",
    "faces": {
        "west":  { "uv": [ 10, 8, 10.5, 8.5 ], "texture": "#texture" },
        "east":  { "uv": [ 5.5, 8, 6, 8.5 ], "texture": "#texture" }
    }
},
{
    "from": [ 15, 7, 2.5 ],
    "to": [ 15, 7.5, 5 ],
    "__comment": "Otherside",
    "faces": {
        "west":  { "uv": [ 9.5, 8.5, 12, 9 ], "texture": "#texture" },
        "east":  { "uv": [ 4, 8.5, 6.5, 9 ], "texture": "#texture" }
    }
},
{
    "from": [ 15, 8.5, 5 ],
    "to": [ 15, 9, 5.5 ],
    "__comment": "Otherside",
    "faces": {
        "west":  { "uv": [ 12, 7, 12.5, 7.5 ], "texture": "#texture" },
        "east":  { "uv": [ 3.5, 7, 4, 7.5 ], "texture": "#texture" }
    }
},
{
    "from": [ 15, 8, 5.5 ],
    "to": [ 15, 8.5, 6 ],
    "__comment": "Otherside",
    "faces": {
        "west":  { "uv": [ 12.5, 7.5, 13, 8 ], "texture": "#texture" },
        "east":  { "uv": [ 3, 7.5, 3.5, 8 ], "texture": "#texture" }
    }
},
{
    "from": [ 15, 2.5, 2.5 ],
    "to": [ 15, 3.5, 3 ],
    "__comment": "Otherside",
    "faces": {
        "west":  { "uv": [ 9.5, 12.5, 10, 13.5 ], "texture": "#texture" },
        "east":  { "uv": [ 6, 12.5, 6.5, 13.5 ], "texture": "#texture" }
    }
},
{
    "from": [ 15, 2.5, 1.5 ],
    "to": [ 15, 3, 2 ],
    "__comment": "Otherside",
    "faces": {
        "west":  { "uv": [ 8.5, 13, 9, 13.5 ], "texture": "#texture" },
        "east":  { "uv": [ 7, 13, 7.5, 13.5 ], "texture": "#texture" }
    }
},
{
    "from": [ 15, 2, 2 ],
    "to": [ 15, 2.5, 2.5 ],
    "__comment": "Otherside",
    "faces": {
        "west":  { "uv": [ 9, 13.5, 9.5, 14 ], "texture": "#texture" },
        "east":  { "uv": [ 6.5, 13.5, 7, 14 ], "texture": "#texture" }
    }
},
{
    "from": [ 15, 2.5, 3 ],
    "to": [ 15, 3, 3.5 ],
    "__comment": "Otherside",
    "faces": {
        "west":  { "uv": [ 10, 13, 10.5, 13.5 ], "texture": "#texture" },
        "east":  { "uv": [ 5.5, 13, 6, 13.5 ], "texture": "#texture" }
    }
},
{
    "from": [ 15, 3, 3.5 ],
    "to": [ 15, 3.5, 4 ],
    "__comment": "Otherside",
    "faces": {
        "west":  { "uv": [ 10.5, 12.5, 11, 13 ], "texture": "#texture" },
        "east":  { "uv": [ 5, 12.5, 5.5, 13 ], "texture": "#texture" }
    }
},
{
    "from": [ 15, 2, 3.5 ],
    "to": [ 15, 2.5, 4 ],
    "__comment": "Otherside",
    "faces": {
        "west":  { "uv": [ 10.5, 13.5, 11, 14 ], "texture": "#texture" },
        "east":  { "uv": [ 5, 13.5, 5.5, 14 ], "texture": "#texture" }
    }
},
{
    "from": [ 15, 2.5, 4 ],
    "to": [ 15, 3, 7 ],
    "__comment": "Otherside",
    "faces": {
        "west":  { "uv": [ 11, 13, 14, 13.5 ], "texture": "#texture" },
        "east":  { "uv": [ 2, 13, 5, 13.5 ], "texture": "#texture" }
    }
},
{
    "from": [ 15, 3, 4.5 ],
    "to": [ 15, 3.5, 5 ],
    "__comment": "Otherside",
    "faces": {
        "west":  { "uv": [ 11.5, 12.5, 12, 13 ], "texture": "#texture" },
        "east":  { "uv": [ 4, 12.5, 4.5, 13 ], "texture": "#texture" }
    }
},
{
    "from": [ 15, 2, 5 ],
    "to": [ 15, 2.5, 5.5 ],
    "__comment": "Otherside",
    "faces": {
        "west":  { "uv": [ 12, 13.5, 12.5, 14 ], "texture": "#texture" },
        "east":  { "uv": [ 3.5, 13.5, 4, 14 ], "texture": "#texture" }
    }
},
{
    "from": [ 15, 3, 5.5 ],
    "to": [ 15, 4, 6 ],
    "__comment": "Otherside",
    "faces": {
        "west":  { "uv": [ 12.5, 12, 13, 13 ], "texture": "#texture" },
        "east":  { "uv": [ 3, 12, 3.5, 13 ], "texture": "#texture" }
    }
},
{
    "from": [ 15, 3.5, 6 ],
    "to": [ 15, 4, 6.5 ],
    "__comment": "Otherside",
    "faces": {
        "west":  { "uv": [ 13, 12, 13.5, 12.5 ], "texture": "#texture" },
        "east":  { "uv": [ 2.5, 12, 3, 12.5 ], "texture": "#texture" }
    }
},
{
    "from": [ 15, 3.5, 3 ],
    "to": [ 15, 5, 3.5 ],
    "__comment": "Otherside",
    "faces": {
        "west":  { "uv": [ 10, 11, 10.5, 12.5 ], "texture": "#texture" },
        "east":  { "uv": [ 5.5, 11, 6, 12.5 ], "texture": "#texture" }
    }
},
{
    "from": [ 15, 4, 4.5 ],
    "to": [ 15, 5, 5.5 ],
    "__comment": "Otherside",
    "faces": {
        "west":  { "uv": [ 11.5, 11, 12.5, 12 ], "texture": "#texture" },
        "east":  { "uv": [ 3.5, 11, 4.5, 12 ], "texture": "#texture" }
    }
},
{
    "from": [ 15, 5, 3.5 ],
    "to": [ 15, 6, 4.5 ],
    "__comment": "Otherside",
    "faces": {
        "west":  { "uv": [ 10.5, 10, 11.5, 11 ], "texture": "#texture" },
        "east":  { "uv": [ 4.5, 10, 5.5, 11 ], "texture": "#texture" }
    }
},
{
    "from": [ 15, 5, 5 ],
    "to": [ 15, 6.5, 5.5 ],
    "__comment": "Otherside",
    "faces": {
        "west":  { "uv": [ 12, 9.5, 12.5, 11 ], "texture": "#texture" },
        "east":  { "uv": [ 3.5, 9.5, 4, 11 ], "texture": "#texture" }
    }
},
{
    "from": [ 15, 6.5, 4.5 ],
    "to": [ 15, 7, 5.5 ],
    "__comment": "Otherside",
    "faces": {
        "west":  { "uv": [ 11.5, 9, 12.5, 9.5 ], "texture": "#texture" },
        "east":  { "uv": [ 3.5, 9, 4.5, 9.5 ], "texture": "#texture" }
    }
},
{
    "from": [ 15, 6.5, 3.5 ],
    "to": [ 15, 7, 4 ],
    "__comment": "Otherside",
    "faces": {
        "west":  { "uv": [ 10.5, 9, 11, 9.5 ], "texture": "#texture" },
        "east":  { "uv": [ 5, 9, 5.5, 9.5 ], "texture": "#texture" }
    }
},
{
    "from": [ 15, 6, 3 ],
    "to": [ 15, 6.5, 3.5 ],
    "__comment": "Otherside",
    "faces": {
        "west":  { "uv": [ 10, 9.5, 10.5, 10 ], "texture": "#texture" },
        "east":  { "uv": [ 5.5, 9.5, 6, 10 ], "texture": "#texture" }
    }
},
{
    "from": [ 15, 3.5, 2 ],
    "to": [ 15, 4, 2.5 ],
    "__comment": "Otherside",
    "faces": {
        "west":  { "uv": [ 9, 12, 9.5, 12.5 ], "texture": "#texture" },
        "east":  { "uv": [ 6.5, 12, 7, 12.5 ], "texture": "#texture" }
    }
},
{
    "from": [ 15, 4.5, 2 ],
    "to": [ 15, 5, 2.5 ],
    "__comment": "Otherside",
    "faces": {
        "west":  { "uv": [ 9, 11, 9.5, 11.5 ], "texture": "#texture" },
        "east":  { "uv": [ 6.5, 11, 7, 11.5 ], "texture": "#texture" }
    }
},
{
    "from": [ 15, 5.5, 2 ],
    "to": [ 15, 6, 3 ],
    "__comment": "Otherside",
    "faces": {
        "west":  { "uv": [ 9, 10, 10, 10.5 ], "texture": "#texture" },
        "east":  { "uv": [ 6, 10, 7, 10.5 ], "texture": "#texture" }
    }
},
{
    "from": [ 15, 6.5, 2 ],
    "to": [ 15, 7, 2.5 ],
    "__comment": "Otherside",
    "faces": {
        "west":  { "uv": [ 9, 9, 9.5, 9.5 ], "texture": "#texture" },
        "east":  { "uv": [ 6.5, 9, 7, 9.5 ], "texture": "#texture" }
    }
},
{
    "from": [ 15, 3.5, 1.5 ],
    "to": [ 15, 7, 2 ],
    "__comment": "Otherside",
    "faces": {
        "west":  { "uv": [ 8.5, 9, 9, 12.5 ], "texture": "#texture" },
        "east":  { "uv": [ 7, 9, 7.5, 12.5 ], "texture": "#texture" }
    }
},
{
    "from": [ 15, 7.5, 4.5 ],
    "to": [ 15, 8, 5.5 ],
    "__comment": "Otherside",
    "faces": {
        "west":  { "uv": [ 11.5, 8, 12.5, 8.5 ], "texture": "#texture" },
        "east":  { "uv": [ 3.5, 8, 4.5, 8.5 ], "texture": "#texture" }
    }
},
{
    "from": [ 15, 8, 4 ],
    "to": [ 15, 8.5, 4.5 ],
    "__comment": "Otherside",
    "faces": {
        "west":  { "uv": [ 11, 7.5, 11.5, 8 ], "texture": "#texture" },
        "east":  { "uv": [ 4.5, 7.5, 5, 8 ], "texture": "#texture" }
    }
},
{
    "from": [ 14.5, 2, 1 ],
    "to": [ 15.5, 9, 1.5 ],
    "faces": {
        "down":  { "uv": [ 7.5, 7.5, 8.5, 7 ], "texture": "#texture" },
        "up":    { "uv": [ 7.5, 10, 8.5, 10.5 ], "texture": "#texture" },
        "north": { "uv": [ 7.5, 7, 8.5, 14 ], "texture": "#texture" },
        "south": { "uv": [ 7.5, 7, 8.5, 14 ], "texture": "#texture" },
        "west":  { "uv": [ 8, 7, 8.5, 14 ], "texture": "#texture" },
        "east":  { "uv": [ 7.5, 7, 8, 14 ], "texture": "#texture" }
    }
},
{
    "from": [ 14, 9, 1 ],
    "to": [ 16, 11, 9 ],
    "__comment": "Lower horizontal bar of left-hand gate door*",
    "faces": {
        "down":  { "uv": [ 0, 16, 8, 14 ], "rotation": 90, "texture": "#texture" },
        "up":    { "uv": [ 8, 14, 16, 16 ], "rotation": 90, "texture": "#texture" },
        "north": { "uv": [ 0, 5, 2, 7 ], "texture": "#texture" },
        "south": { "uv": [ 14, 5, 16, 7 ], "texture": "#texture" },
        "west":  { "uv": [ 1, 5, 9, 7 ], "texture": "#texture" },
        "east":  { "uv": [ 7, 5, 15, 7 ], "texture": "#texture" }
    }
},
{
    "from": [ 14, 12.5, 1 ],
    "to": [ 16, 14.5, 9 ],
    "__comment": "Upper horizontal bar of left-hand gate door",
    "faces": {
        "down":  { "uv": [ 0, 16, 8, 14 ], "rotation": 90, "texture": "#texture" },
        "up":    { "uv": [ 0, 14, 8, 16 ], "rotation": 90, "texture": "#texture" },
        "north": { "uv": [ 0, 1.5, 2, 3.5 ], "texture": "#texture" },
        "south": { "uv": [ 14, 1.5, 16, 3.5 ], "texture": "#texture" },
        "west":  { "uv": [ 1, 1.5, 9, 3.5 ], "texture": "#texture" },
        "east":  { "uv": [ 7, 1.5, 15, 3.5 ], "texture": "#texture" }
    }
},
{
    "from": [ 14, 0, 1 ],
    "to": [ 16, 2, 9 ],
    "__comment": "Lower horizontal bar of left-hand gate door",
    "faces": {
        "down":  { "uv": [ 0, 16, 8, 14 ], "rotation": 90, "texture": "#texture" },
        "up":    { "uv": [ 0, 14, 8, 16 ], "rotation": 90, "texture": "#texture" },
        "north": { "uv": [ 4, 1.5, 6, 3.5 ], "texture": "#texture" },
        "south": { "uv": [ 12, 1.5, 14, 3.5 ], "texture": "#texture" },
        "west":  { "uv": [ 1, 1.5, 9, 3.5 ], "texture": "#texture" },
        "east":  { "uv": [ 7.5, 1.5, 15.5, 3.5 ], "texture": "#texture" }
    }
},
{
    "from": [ 14.5, 11, 7.5 ],
    "to": [ 16, 12.5, 8.5 ],
    "__comment": "Inner vertical post of right-hand gate door",
    "faces": {
        "down":  { "uv": [ 14.5, 8.5, 16, 7.5 ], "texture": "#texture" },
        "up":    { "uv": [ 14.5, 7.5, 16, 8.5 ], "texture": "#texture" },
        "north": { "uv": [ 0, 3.5, 1.5, 5 ], "texture": "#texture" },
        "south": { "uv": [ 14.5, 3.5, 16, 5 ], "texture": "#texture" },
        "west":  { "uv": [ 7.5, 3.5, 8.5, 5 ], "texture": "#texture" },
        "east":  { "uv": [ 7.5, 3.5, 8.5, 5 ], "texture": "#texture" }
    }
},
{
    "from": [ 0, 11, 7.5 ],
    "to": [ 1.5, 12.5, 8.5 ],
    "__comment": "Left-hand post",
    "faces": {
        "down":  { "uv": [ 0, 8.5, 1.5, 7.5 ], "texture": "#texture" },
        "up":    { "uv": [ 0, 7.5, 1.5, 8.5 ], "texture": "#texture" },
        "north": { "uv": [ 14.5, 3.5, 16, 5 ], "texture": "#texture" },
        "south": { "uv": [ 0, 3.5, 1.5, 5 ], "texture": "#texture" },
        "west":  { "uv": [ 7.5, 3.5, 8.5, 5 ], "texture": "#texture", "cullface": "west" },
        "east":  { "uv": [ 7.5, 3.5, 8.5, 5 ], "texture": "#texture" }
    }
},
{
    "from": [ 0, 9, 1 ],
    "to": [ 2, 11, 9 ],
    "__comment": "Lower horizontal bar of left-hand gate door*",
    "faces": {
        "down":  { "uv": [ 8, 16, 16, 14 ], "rotation": 90, "texture": "#texture" },
        "up":    { "uv": [ 8, 14, 16, 16 ], "rotation": 90, "texture": "#texture" },
        "north": { "uv": [ 14, 5, 16, 7 ], "texture": "#texture" },
        "south": { "uv": [ 0, 5, 2, 7 ], "texture": "#texture" },
        "west":  { "uv": [ 1, 5, 9, 7 ], "texture": "#texture" },
        "east":  { "uv": [ 7, 5, 15, 7 ], "texture": "#texture" }
    }
},
{
    "from": [ 0, 12.5, 1 ],
    "to": [ 2, 14.5, 9 ],
    "__comment": "Upper horizontal bar of left-hand gate door*",
    "faces": {
        "down":  { "uv": [ 8, 16, 16, 14 ], "rotation": 90, "texture": "#texture" },
        "up":    { "uv": [ 8, 14, 16, 16 ], "rotation": 90, "texture": "#texture" },
        "north": { "uv": [ 14, 1.5, 16, 3.5 ], "texture": "#texture" },
        "south": { "uv": [ 0, 1.5, 2, 3.5 ], "texture": "#texture" },
        "west":  { "uv": [ 1, 1.5, 9, 3.5 ], "texture": "#texture" },
        "east":  { "uv": [ 7, 1.5, 15, 3.5 ], "texture": "#texture" }
    }
},
{
    "from": [ 0, 0, 1 ],
    "to": [ 2, 2, 9 ],
    "__comment": "Lower horizontal bar of left-hand gate door*",
    "faces": {
        "down":  { "uv": [ 8, 16, 16, 14 ], "rotation": 90, "texture": "#texture" },
        "up":    { "uv": [ 8, 14, 16, 16 ], "rotation": 90, "texture": "#texture" },
        "north": { "uv": [ 14, 5, 16, 7 ], "texture": "#texture" },
        "south": { "uv": [ 0, 5, 2, 7 ], "texture": "#texture" },
        "west":  { "uv": [ 8, 5, 16, 7 ], "texture": "#texture" },
        "east":  { "uv": [ 7, 5, 15, 7 ], "texture": "#texture" }
    }
},
{
    "from": [ 0.5, 2, 1 ],
    "to": [ 1.5, 9, 1.5 ],
    "faces": {
        "down":  { "uv": [ 0.5, 4.5, 1.5, 4 ], "texture": "#texture" },
        "up":    { "uv": [ 7, 3.5, 8, 4 ], "texture": "#texture" },
        "north": { "uv": [ 7.5, 7, 8.5, 14 ], "texture": "#texture" },
        "south": { "uv": [ 7.5, 7, 8.5, 14 ], "texture": "#texture" },
        "west":  { "uv": [ 8, 7, 8.5, 14 ], "texture": "#texture" },
        "east":  { "uv": [ 7.5, 7, 8, 14 ], "texture": "#texture" }
    }
},
{
    "from": [ 15, 8.5, 6 ],
    "to": [ 15, 9, 6.5 ],
    "__comment": "Otherside",
    "faces": {
        "west":  { "uv": [ 13, 7, 13.5, 7.5 ], "texture": "#texture" },
        "east":  { "uv": [ 2.5, 7, 3, 7.5 ], "texture": "#texture" }
    }
}
]
}