{
"__comment": "Fair warning, this format is highly likely to change even more in the future!",
"ambientocclusion": false,
"textures": {
    "particle": "blocks/acacia_fence",
    "top": "blocks/acacia_fence_top",
    "texture": "blocks/acacia_fence"
},
"elements": [ 
{
    "from": [ 6, 0, 6 ],
    "to": [ 10, 16, 10 ],
    "__comment": "Center post",
    "faces": {
        "down":  { "uv": [ 6, 10, 10, 6 ], "texture": "#top", "cullface": "down" },
        "up":    { "uv": [ 6, 6, 10, 10 ], "texture": "#top" },
        "north": { "uv": [ 6, 0, 10, 16 ], "texture": "#texture" },
        "south": { "uv": [ 6, 0, 10, 16 ], "texture": "#texture" },
        "west":  { "uv": [ 6, 0, 10, 16 ], "texture": "#texture" },
        "east":  { "uv": [ 6, 0, 10, 16 ], "texture": "#texture" }
    }
}
]
}