{
"__comment": "Fair warning, this format is highly likely to change even more in the future!",
"ambientocclusion": false,
"textures": {
    "particle": "blocks/acacia_fence_gate",
    "texture": "blocks/acacia_fence_gate"
},
"elements": [ 
{
    "from": [ 6.5, 4.5, 8 ],
    "to": [ 7, 5, 8 ],
    "faces": {
        "north": { "uv": [ 9, 11, 9.5, 11.5 ], "texture": "#texture" },
        "south": { "uv": [ 6.5, 11, 7, 11.5 ], "texture": "#texture" }
    }
},
{
    "from": [ 6.5, 3.5, 8 ],
    "to": [ 7, 4, 8 ],
    "faces": {
        "north": { "uv": [ 9, 12, 9.5, 12.5 ], "texture": "#texture" },
        "south": { "uv": [ 6.5, 12, 7, 12.5 ], "texture": "#texture" }
    }
},
{
    "from": [ 3.5, 4, 8 ],
    "to": [ 4.5, 5, 8 ],
    "faces": {
        "north": { "uv": [ 11.5, 11, 12.5, 12 ], "texture": "#texture" },
        "south": { "uv": [ 3.5, 11, 4.5, 12 ], "texture": "#texture" }
    }
},
{
    "from": [ 2.5, 3.5, 8 ],
    "to": [ 3.5, 4, 8 ],
    "faces": {
        "north": { "uv": [ 12.5, 12, 13.5, 12.5 ], "texture": "#texture" },
        "south": { "uv": [ 2.5, 12, 3.5, 12.5 ], "texture": "#texture" }
    }
},
{
    "from": [ 3, 3, 8 ],
    "to": [ 3.5, 3.5, 8 ],
    "faces": {
        "north": { "uv": [ 12.5, 12.5, 13, 13 ], "texture": "#texture" },
        "south": { "uv": [ 3, 12.5, 3.5, 13 ], "texture": "#texture" }
    }
},
{
    "from": [ 2, 2.5, 8 ],
    "to": [ 5, 3, 8 ],
    "faces": {
        "north": { "uv": [ 11, 13, 14, 13.5 ], "texture": "#texture" },
        "south": { "uv": [ 2, 13, 5, 13.5 ], "texture": "#texture" }
    }
},
{
    "from": [ 1.5, 2, 8 ],
    "to": [ 2, 2.5, 8 ],
    "faces": {
        "north": { "uv": [ 14, 13.5, 14.5, 14 ], "texture": "#texture" },
        "south": { "uv": [ 1.5, 13.5, 2, 14 ], "texture": "#texture" }
    }
},
{
    "from": [ 3.5, 2, 8 ],
    "to": [ 4, 2.5, 8 ],
    "faces": {
        "north": { "uv": [ 12, 13.5, 12.5, 14 ], "texture": "#texture" },
        "south": { "uv": [ 3.5, 13.5, 4, 14 ], "texture": "#texture" }
    }
},
{
    "from": [ 4, 3, 8 ],
    "to": [ 4.5, 3.5, 8 ],
    "faces": {
        "north": { "uv": [ 11.5, 12.5, 12, 13 ], "texture": "#texture" },
        "south": { "uv": [ 4, 12.5, 4.5, 13 ], "texture": "#texture" }
    }
},
{
    "from": [ 5, 3, 8 ],
    "to": [ 5.5, 3.5, 8 ],
    "faces": {
        "north": { "uv": [ 10.5, 12.5, 11, 13 ], "texture": "#texture" },
        "south": { "uv": [ 5, 12.5, 5.5, 13 ], "texture": "#texture" }
    }
},
{
    "from": [ 5.5, 3.5, 8 ],
    "to": [ 6, 5, 8 ],
    "faces": {
        "north": { "uv": [ 10, 11, 10.5, 12.5 ], "texture": "#texture" },
        "south": { "uv": [ 5.5, 11, 6, 12.5 ], "texture": "#texture" }
    }
},
{
    "from": [ 6, 2.5, 8 ],
    "to": [ 6.5, 3.5, 8 ],
    "faces": {
        "north": { "uv": [ 9.5, 12.5, 10, 13.5 ], "texture": "#texture" },
        "south": { "uv": [ 6, 12.5, 6.5, 13.5 ], "texture": "#texture" }
    }
},
{
    "from": [ 5.5, 2.5, 8 ],
    "to": [ 6, 3, 8 ],
    "faces": {
        "north": { "uv": [ 10, 13, 10.5, 13.5 ], "texture": "#texture" },
        "south": { "uv": [ 5.5, 13, 6, 13.5 ], "texture": "#texture" }
    }
},
{
    "from": [ 5, 2, 8 ],
    "to": [ 5.5, 2.5, 8 ],
    "faces": {
        "north": { "uv": [ 10.5, 13.5, 11, 14 ], "texture": "#texture" },
        "south": { "uv": [ 5, 13.5, 5.5, 14 ], "texture": "#texture" }
    }
},
{
    "from": [ 6.5, 2, 8 ],
    "to": [ 7, 2.5, 8 ],
    "faces": {
        "north": { "uv": [ 9, 13.5, 9.5, 14 ], "texture": "#texture" },
        "south": { "uv": [ 6.5, 13.5, 7, 14 ], "texture": "#texture" }
    }
},
{
    "from": [ 7, 2.5, 8 ],
    "to": [ 7.5, 3, 8 ],
    "faces": {
        "north": { "uv": [ 8.5, 13, 9, 13.5 ], "texture": "#texture" },
        "south": { "uv": [ 7, 13, 7.5, 13.5 ], "texture": "#texture" }
    }
},
{
    "from": [ 2.5, 8.5, 8 ],
    "to": [ 3, 9, 8 ],
    "faces": {
        "north": { "uv": [ 13, 7, 13.5, 7.5 ], "texture": "#texture" },
        "south": { "uv": [ 2.5, 7, 3, 7.5 ], "texture": "#texture" }
    }
},
{
    "from": [ 2.5, 8.5, 8 ],
    "to": [ 3, 9, 8 ],
    "faces": {
        "north": { "uv": [ 13, 7, 13.5, 7.5 ], "texture": "#texture" },
        "south": { "uv": [ 2.5, 7, 3, 7.5 ], "texture": "#texture" }
    }
},
{
    "from": [ 4.5, 8, 8 ],
    "to": [ 5, 8.5, 8 ],
    "faces": {
        "north": { "uv": [ 11, 7.5, 11.5, 8 ], "texture": "#texture" },
        "south": { "uv": [ 4.5, 7.5, 5, 8 ], "texture": "#texture" }
    }
},
{
    "from": [ 3.5, 7.5, 8 ],
    "to": [ 4.5, 8, 8 ],
    "faces": {
        "north": { "uv": [ 11.5, 8, 12.5, 8.5 ], "texture": "#texture" },
        "south": { "uv": [ 3.5, 8, 4.5, 8.5 ], "texture": "#texture" }
    }
},
{
    "from": [ 3.5, 8.5, 8 ],
    "to": [ 4, 9, 8 ],
    "faces": {
        "north": { "uv": [ 12, 7, 12.5, 7.5 ], "texture": "#texture" },
        "south": { "uv": [ 3.5, 7, 4, 7.5 ], "texture": "#texture" }
    }
},
{
    "from": [ 3, 8, 8 ],
    "to": [ 3.5, 8.5, 8 ],
    "faces": {
        "north": { "uv": [ 12.5, 7.5, 13, 8 ], "texture": "#texture" },
        "south": { "uv": [ 3, 7.5, 3.5, 8 ], "texture": "#texture" }
    }
},
{
    "from": [ 4.5, 5, 8 ],
    "to": [ 5.5, 6, 8 ],
    "faces": {
        "north": { "uv": [ 10.5, 10, 11.5, 11 ], "texture": "#texture" },
        "south": { "uv": [ 4.5, 10, 5.5, 11 ], "texture": "#texture" }
    }
},
{
    "from": [ 3.5, 5, 8 ],
    "to": [ 4, 6.5, 8 ],
    "faces": {
        "north": { "uv": [ 12, 9.5, 12.5, 11 ], "texture": "#texture" },
        "south": { "uv": [ 3.5, 9.5, 4, 11 ], "texture": "#texture" }
    }
},
{
    "from": [ 3.5, 6.5, 8 ],
    "to": [ 4.5, 7, 8 ],
    "faces": {
        "north": { "uv": [ 11.5, 9, 12.5, 9.5 ], "texture": "#texture" },
        "south": { "uv": [ 3.5, 9, 4.5, 9.5 ], "texture": "#texture" }
    }
},
{
    "from": [ 5.5, 6, 8 ],
    "to": [ 6, 6.5, 8 ],
    "faces": {
        "north": { "uv": [ 10, 9.5, 10.5, 10 ], "texture": "#texture" },
        "south": { "uv": [ 5.5, 9.5, 6, 10 ], "texture": "#texture" }
    }
},
{
    "from": [ 5, 6.5, 8 ],
    "to": [ 5.5, 7, 8 ],
    "faces": {
        "north": { "uv": [ 10.5, 9, 11, 9.5 ], "texture": "#texture" },
        "south": { "uv": [ 5, 9, 5.5, 9.5 ], "texture": "#texture" }
    }
},
{
    "from": [ 6, 5.5, 8 ],
    "to": [ 7, 6, 8 ],
    "faces": {
        "north": { "uv": [ 9, 10, 10, 10.5 ], "texture": "#texture" },
        "south": { "uv": [ 6, 10, 7, 10.5 ], "texture": "#texture" }
    }
},
{
    "from": [ 6.5, 6.5, 8 ],
    "to": [ 7, 7, 8 ],
    "faces": {
        "north": { "uv": [ 9, 9, 9.5, 9.5 ], "texture": "#texture" },
        "south": { "uv": [ 6.5, 9, 7, 9.5 ], "texture": "#texture" }
    }
},
{
    "from": [ 4, 7, 8 ],
    "to": [ 6.5, 7.5, 8 ],
    "faces": {
        "north": { "uv": [ 9.5, 8.5, 12, 9 ], "texture": "#texture" },
        "south": { "uv": [ 4, 8.5, 6.5, 9 ], "texture": "#texture" }
    }
},
{
    "from": [ 5.5, 7.5, 8 ],
    "to": [ 6, 8, 8 ],
    "faces": {
        "north": { "uv": [ 10, 8, 10.5, 8.5 ], "texture": "#texture" },
        "south": { "uv": [ 5.5, 8, 6, 8.5 ], "texture": "#texture" }
    }
},
{
    "from": [ 5.5, 8, 8 ],
    "to": [ 7, 8.5, 8 ],
    "faces": {
        "north": { "uv": [ 9, 7.5, 10.5, 8 ], "texture": "#texture" },
        "south": { "uv": [ 5.5, 7.5, 7, 8 ], "texture": "#texture" }
    }
},
{
    "from": [ 5, 8.5, 8 ],
    "to": [ 6, 9, 8 ],
    "faces": {
        "north": { "uv": [ 10, 7, 11, 7.5 ], "texture": "#texture" },
        "south": { "uv": [ 5, 7, 6, 7.5 ], "texture": "#texture" }
    }
},
{
    "from": [ 9, 4.5, 8 ],
    "to": [ 9.5, 5, 8 ],
    "__comment": "Otherside",
    "faces": {
        "north": { "uv": [ 6.5, 11, 7, 11.5 ], "texture": "#texture" },
        "south": { "uv": [ 9, 11, 9.5, 11.5 ], "texture": "#texture" }
    }
},
{
    "from": [ 9, 3.5, 8 ],
    "to": [ 9.5, 4, 8 ],
    "__comment": "Otherside",
    "faces": {
        "north": { "uv": [ 6.5, 12, 7, 12.5 ], "texture": "#texture" },
        "south": { "uv": [ 9, 12, 9.5, 12.5 ], "texture": "#texture" }
    }
},
{
    "from": [ 11.5, 4, 8 ],
    "to": [ 12.5, 5, 8 ],
    "__comment": "Otherside",
    "faces": {
        "north": { "uv": [ 3.5, 11, 4.5, 12 ], "texture": "#texture" },
        "south": { "uv": [ 11.5, 11, 12.5, 12 ], "texture": "#texture" }
    }
},
{
    "from": [ 12.5, 3.5, 8 ],
    "to": [ 13.5, 4, 8 ],
    "__comment": "Otherside",
    "faces": {
        "north": { "uv": [ 2.5, 12, 3.5, 12.5 ], "texture": "#texture" },
        "south": { "uv": [ 12.5, 12, 13.5, 12.5 ], "texture": "#texture" }
    }
},
{
    "from": [ 12.5, 3, 8 ],
    "to": [ 13, 3.5, 8 ],
    "__comment": "Otherside",
    "faces": {
        "north": { "uv": [ 3, 12.5, 3.5, 13 ], "texture": "#texture" },
        "south": { "uv": [ 12.5, 12.5, 13, 13 ], "texture": "#texture" }
    }
},
{
    "from": [ 11, 2.5, 8 ],
    "to": [ 14, 3, 8 ],
    "__comment": "Otherside",
    "faces": {
        "north": { "uv": [ 2, 13, 5, 13.5 ], "texture": "#texture" },
        "south": { "uv": [ 11, 13, 14, 13.5 ], "texture": "#texture" }
    }
},
{
    "from": [ 14, 2, 8 ],
    "to": [ 14.5, 2.5, 8 ],
    "__comment": "Otherside",
    "faces": {
        "north": { "uv": [ 1.5, 13.5, 2, 14 ], "texture": "#texture" },
        "south": { "uv": [ 14, 13.5, 14.5, 14 ], "texture": "#texture" }
    }
},
{
    "from": [ 12, 2, 8 ],
    "to": [ 12.5, 2.5, 8 ],
    "__comment": "Otherside",
    "faces": {
        "north": { "uv": [ 3.5, 13.5, 4, 14 ], "texture": "#texture" },
        "south": { "uv": [ 12, 13.5, 12.5, 14 ], "texture": "#texture" }
    }
},
{
    "from": [ 11.5, 3, 8 ],
    "to": [ 12, 3.5, 8 ],
    "__comment": "Otherside",
    "faces": {
        "north": { "uv": [ 4, 12.5, 4.5, 13 ], "texture": "#texture" },
        "south": { "uv": [ 11.5, 12.5, 12, 13 ], "texture": "#texture" }
    }
},
{
    "from": [ 10.5, 3, 8 ],
    "to": [ 11, 3.5, 8 ],
    "__comment": "Otherside",
    "faces": {
        "north": { "uv": [ 5, 12.5, 5.5, 13 ], "texture": "#texture" },
        "south": { "uv": [ 10.5, 12.5, 11, 13 ], "texture": "#texture" }
    }
},
{
    "from": [ 10, 3.5, 8 ],
    "to": [ 10.5, 5, 8 ],
    "__comment": "Otherside",
    "faces": {
        "north": { "uv": [ 5.5, 11, 6, 12.5 ], "texture": "#texture" },
        "south": { "uv": [ 10, 11, 10.5, 12.5 ], "texture": "#texture" }
    }
},
{
    "from": [ 9.5, 2.5, 8 ],
    "to": [ 10, 3.5, 8 ],
    "__comment": "Otherside",
    "faces": {
        "north": { "uv": [ 6, 12.5, 6.5, 13.5 ], "texture": "#texture" },
        "south": { "uv": [ 9.5, 12.5, 10, 13.5 ], "texture": "#texture" }
    }
},
{
    "from": [ 10, 2.5, 8 ],
    "to": [ 10.5, 3, 8 ],
    "__comment": "Otherside",
    "faces": {
        "north": { "uv": [ 5.5, 13, 6, 13.5 ], "texture": "#texture" },
        "south": { "uv": [ 10, 13, 10.5, 13.5 ], "texture": "#texture" }
    }
},
{
    "from": [ 10.5, 2, 8 ],
    "to": [ 11, 2.5, 8 ],
    "__comment": "Otherside",
    "faces": {
        "north": { "uv": [ 5, 13.5, 5.5, 14 ], "texture": "#texture" },
        "south": { "uv": [ 10.5, 13.5, 11, 14 ], "texture": "#texture" }
    }
},
{
    "from": [ 9, 2, 8 ],
    "to": [ 9.5, 2.5, 8 ],
    "__comment": "Otherside",
    "faces": {
        "north": { "uv": [ 6.5, 13.5, 7, 14 ], "texture": "#texture" },
        "south": { "uv": [ 9, 13.5, 9.5, 14 ], "texture": "#texture" }
    }
},
{
    "from": [ 8.5, 2.5, 8 ],
    "to": [ 9, 3, 8 ],
    "__comment": "Otherside",
    "faces": {
        "north": { "uv": [ 7, 13, 7.5, 13.5 ], "texture": "#texture" },
        "south": { "uv": [ 8.5, 13, 9, 13.5 ], "texture": "#texture" }
    }
},
{
    "from": [ 13, 8.5, 8 ],
    "to": [ 13.5, 9, 8 ],
    "__comment": "Otherside",
    "faces": {
        "north": { "uv": [ 2.5, 7, 3, 7.5 ], "texture": "#texture" },
        "south": { "uv": [ 13, 7, 13.5, 7.5 ], "texture": "#texture" }
    }
},
{
    "from": [ 13, 8.5, 8 ],
    "to": [ 13.5, 9, 8 ],
    "__comment": "Otherside",
    "faces": {
        "north": { "uv": [ 2.5, 7, 3, 7.5 ], "texture": "#texture" },
        "south": { "uv": [ 13, 7, 13.5, 7.5 ], "texture": "#texture" }
    }
},
{
    "from": [ 11, 8, 8 ],
    "to": [ 11.5, 8.5, 8 ],
    "__comment": "Otherside",
    "faces": {
        "north": { "uv": [ 4.5, 7.5, 5, 8 ], "texture": "#texture" },
        "south": { "uv": [ 11, 7.5, 11.5, 8 ], "texture": "#texture" }
    }
},
{
    "from": [ 11.5, 7.5, 8 ],
    "to": [ 12.5, 8, 8 ],
    "__comment": "Otherside",
    "faces": {
        "north": { "uv": [ 3.5, 8, 4.5, 8.5 ], "texture": "#texture" },
        "south": { "uv": [ 11.5, 8, 12.5, 8.5 ], "texture": "#texture" }
    }
},
{
    "from": [ 12, 8.5, 8 ],
    "to": [ 12.5, 9, 8 ],
    "__comment": "Otherside",
    "faces": {
        "north": { "uv": [ 3.5, 7, 4, 7.5 ], "texture": "#texture" },
        "south": { "uv": [ 12, 7, 12.5, 7.5 ], "texture": "#texture" }
    }
},
{
    "from": [ 12.5, 8, 8 ],
    "to": [ 13, 8.5, 8 ],
    "__comment": "Otherside",
    "faces": {
        "north": { "uv": [ 3, 7.5, 3.5, 8 ], "texture": "#texture" },
        "south": { "uv": [ 12.5, 7.5, 13, 8 ], "texture": "#texture" }
    }
},
{
    "from": [ 10.5, 5, 8 ],
    "to": [ 11.5, 6, 8 ],
    "__comment": "Otherside",
    "faces": {
        "north": { "uv": [ 4.5, 10, 5.5, 11 ], "texture": "#texture" },
        "south": { "uv": [ 10.5, 10, 11.5, 11 ], "texture": "#texture" }
    }
},
{
    "from": [ 12, 5, 8 ],
    "to": [ 12.5, 6.5, 8 ],
    "__comment": "Otherside",
    "faces": {
        "north": { "uv": [ 3.5, 9.5, 4, 11 ], "texture": "#texture" },
        "south": { "uv": [ 12, 9.5, 12.5, 11 ], "texture": "#texture" }
    }
},
{
    "from": [ 11.5, 6.5, 8 ],
    "to": [ 12.5, 7, 8 ],
    "__comment": "Otherside",
    "faces": {
        "north": { "uv": [ 3.5, 9, 4.5, 9.5 ], "texture": "#texture" },
        "south": { "uv": [ 11.5, 9, 12.5, 9.5 ], "texture": "#texture" }
    }
},
{
    "from": [ 10, 6, 8 ],
    "to": [ 10.5, 6.5, 8 ],
    "__comment": "Otherside",
    "faces": {
        "north": { "uv": [ 5.5, 9.5, 6, 10 ], "texture": "#texture" },
        "south": { "uv": [ 10, 9.5, 10.5, 10 ], "texture": "#texture" }
    }
},
{
    "from": [ 10.5, 6.5, 8 ],
    "to": [ 11, 7, 8 ],
    "__comment": "Otherside",
    "faces": {
        "north": { "uv": [ 5, 9, 5.5, 9.5 ], "texture": "#texture" },
        "south": { "uv": [ 10.5, 9, 11, 9.5 ], "texture": "#texture" }
    }
},
{
    "from": [ 9, 5.5, 8 ],
    "to": [ 10, 6, 8 ],
    "__comment": "Otherside",
    "faces": {
        "north": { "uv": [ 6, 10, 7, 10.5 ], "texture": "#texture" },
        "south": { "uv": [ 9, 10, 10, 10.5 ], "texture": "#texture" }
    }
},
{
    "from": [ 9, 6.5, 8 ],
    "to": [ 9.5, 7, 8 ],
    "__comment": "Otherside",
    "faces": {
        "north": { "uv": [ 6.5, 9, 7, 9.5 ], "texture": "#texture" },
        "south": { "uv": [ 9, 9, 9.5, 9.5 ], "texture": "#texture" }
    }
},
{
    "from": [ 7, 3.5, 8 ],
    "to": [ 9, 7, 8 ],
    "faces": {
        "north": { "uv": [ 7, 9, 9, 12.5 ], "texture": "#texture" },
        "south": { "uv": [ 7, 9, 9, 12.5 ], "texture": "#texture" }
    }
},
{
    "from": [ 9.5, 7, 8 ],
    "to": [ 12, 7.5, 8 ],
    "__comment": "Otherside",
    "faces": {
        "north": { "uv": [ 4, 8.5, 6.5, 9 ], "texture": "#texture" },
        "south": { "uv": [ 9.5, 8.5, 12, 9 ], "texture": "#texture" }
    }
},
{
    "from": [ 10, 7.5, 8 ],
    "to": [ 10.5, 8, 8 ],
    "__comment": "Otherside",
    "faces": {
        "north": { "uv": [ 5.5, 8, 6, 8.5 ], "texture": "#texture" },
        "south": { "uv": [ 10, 8, 10.5, 8.5 ], "texture": "#texture" }
    }
},
{
    "from": [ 9, 8, 8 ],
    "to": [ 10.5, 8.5, 8 ],
    "__comment": "Otherside",
    "faces": {
        "north": { "uv": [ 5.5, 7.5, 7, 8 ], "texture": "#texture" },
        "south": { "uv": [ 9, 7.5, 10.5, 8 ], "texture": "#texture" }
    }
},
{
    "from": [ 7, 8.5, 8 ],
    "to": [ 9, 9, 8 ],
    "faces": {
        "north": { "uv": [ 7, 7, 9, 7.5 ], "texture": "#texture" },
        "south": { "uv": [ 7, 7, 9, 7.5 ], "texture": "#texture" }
    }
},
{
    "from": [ 0, 11, 7.5 ],
    "to": [ 1.5, 12.5, 8.5 ],
    "__comment": "Left-hand post",
    "faces": {
        "down":  { "uv": [ 0, 8.5, 1.5, 7.5 ], "texture": "#texture" },
        "up":    { "uv": [ 0, 7.5, 1.5, 8.5 ], "texture": "#texture" },
        "north": { "uv": [ 14.5, 3.5, 16, 5 ], "texture": "#texture" },
        "south": { "uv": [ 0, 3.5, 1.5, 5 ], "texture": "#texture" },
        "west":  { "uv": [ 7.5, 3.5, 8.5, 5 ], "texture": "#texture", "cullface": "west" },
        "east":  { "uv": [ 7.5, 3.5, 8.5, 5 ], "texture": "#texture" }
    }
},
{
    "from": [ 14.5, 11, 7.5 ],
    "to": [ 16, 12.5, 8.5 ],
    "__comment": "Inner vertical post of right-hand gate door",
    "faces": {
        "down":  { "uv": [ 14.5, 8.5, 16, 7.5 ], "texture": "#texture" },
        "up":    { "uv": [ 14.5, 7.5, 16, 8.5 ], "texture": "#texture" },
        "north": { "uv": [ 0, 3.5, 1.5, 5 ], "texture": "#texture" },
        "south": { "uv": [ 14.5, 3.5, 16, 5 ], "texture": "#texture" },
        "west":  { "uv": [ 7.5, 3.5, 8.5, 5 ], "texture": "#texture" },
        "east":  { "uv": [ 7.5, 3.5, 8.5, 5 ], "texture": "#texture" }
    }
},
{
    "from": [ 0, 0, 7 ],
    "to": [ 16, 2, 9 ],
    "__comment": "Lower horizontal bar of left-hand gate door",
    "faces": {
        "down":  { "uv": [ 0, 16, 16, 14 ], "texture": "#texture" },
        "up":    { "uv": [ 0, 14, 16, 16 ], "texture": "#texture" },
        "north": { "uv": [ 0, 1.5, 16, 3.5 ], "texture": "#texture" },
        "south": { "uv": [ 0, 1.5, 16, 3.5 ], "texture": "#texture" },
        "west":  { "uv": [ 7, 14, 9, 16 ], "texture": "#texture" },
        "east":  { "uv": [ 7, 14, 9, 16 ], "texture": "#texture" }
    }
},
{
    "from": [ 0, 12.5, 7 ],
    "to": [ 16, 14.5, 9 ],
    "__comment": "Upper horizontal bar of left-hand gate door",
    "faces": {
        "down":  { "uv": [ 0, 16, 16, 14 ], "texture": "#texture" },
        "up":    { "uv": [ 0, 14, 16, 16 ], "texture": "#texture" },
        "north": { "uv": [ 0, 1.5, 16, 3.5 ], "texture": "#texture" },
        "south": { "uv": [ 0, 1.5, 16, 3.5 ], "texture": "#texture" },
        "west":  { "uv": [ 7, 1.5, 9, 3.5 ], "texture": "#texture" },
        "east":  { "uv": [ 7, 1.5, 9, 3.5 ], "texture": "#texture" }
    }
},
{
    "from": [ 0, 9, 7 ],
    "to": [ 16, 11, 9 ],
    "__comment": "Lower horizontal bar of left-hand gate door*",
    "faces": {
        "down":  { "uv": [ 0, 16, 16, 14 ], "texture": "#texture" },
        "up":    { "uv": [ 0, 14, 16, 16 ], "texture": "#texture" },
        "north": { "uv": [ 0, 5, 16, 7 ], "texture": "#texture" },
        "south": { "uv": [ 0, 5, 16, 7 ], "texture": "#texture" },
        "west":  { "uv": [ 7, 5, 9, 7 ], "texture": "#texture" },
        "east":  { "uv": [ 7, 5, 9, 7 ], "texture": "#texture" }
    }
},
{
    "from": [ 10, 8.5, 8 ],
    "to": [ 11, 9, 8 ],
    "__comment": "Oth",
    "faces": {
        "north": { "uv": [ 5, 7, 6, 7.5 ], "texture": "#texture" },
        "south": { "uv": [ 10, 7, 11, 7.5 ], "texture": "#texture" }
    }
},
{
    "from": [ 7.5, 2, 7.5 ],
    "to": [ 8.5, 9, 8.5 ],
    "faces": {
        "down":  { "uv": [ 7.5, 8.5, 8.5, 7.5 ], "texture": "#texture" },
        "up":    { "uv": [ 7.5, 7.5, 8.5, 8.5 ], "texture": "#texture" },
        "north": { "uv": [ 7.5, 7, 8.5, 14 ], "texture": "#texture" },
        "south": { "uv": [ 7.5, 7, 8.5, 14 ], "texture": "#texture" },
        "west":  { "uv": [ 7.5, 7, 8.5, 14 ], "texture": "#texture" },
        "east":  { "uv": [ 7.5, 7, 8.5, 14 ], "texture": "#texture" }
    }
}
]
}