{
"__comment": "Fair warning, this format is highly likely to change even more in the future!",
"ambientocclusion": false,
"textures": {
    "particle": "blocks/acacia_fence",
    "texture": "blocks/acacia_fence",
    "top": "blocks/acacia_fence_top"
},
"elements": [ 
{
    "from": [ 7, 9, 0 ],
    "to": [ 9, 11, 6 ],
    "__comment": "Bars*",
    "faces": {
        "down":  { "uv": [ 7, 6, 9, 0 ], "texture": "#top", "cullface": "down" },
        "up":    { "uv": [ 7, 0, 9, 6 ], "texture": "#top" },
        "north": { "uv": [ 7, 1.5, 9, 3.5 ], "texture": "#top", "cullface": "north" },
        "south": { "uv": [ 7, 1.5, 9, 3.5 ], "texture": "#top", "cullface": "south" },
        "west":  { "uv": [ 0, 1.5, 6, 3.5 ], "texture": "#texture" },
        "east":  { "uv": [ 10, 1.5, 16, 3.5 ], "texture": "#texture" }
    }
},
{
    "from": [ 7, 9, 10 ],
    "to": [ 9, 11, 16 ],
    "__comment": "Bars*",
    "faces": {
        "down":  { "uv": [ 7, 16, 9, 10 ], "texture": "#top", "cullface": "down" },
        "up":    { "uv": [ 7, 10, 9, 16 ], "texture": "#top" },
        "north": { "uv": [ 7, 1.5, 9, 3.5 ], "texture": "#top", "cullface": "north" },
        "south": { "uv": [ 7, 1.5, 9, 3.5 ], "texture": "#top", "cullface": "south" },
        "west":  { "uv": [ 10, 1.5, 16, 3.5 ], "texture": "#texture" },
        "east":  { "uv": [ 0, 1.5, 6, 3.5 ], "texture": "#texture" }
    }
},
{
    "from": [ 7, 12.5, 0 ],
    "to": [ 9, 14.5, 6 ],
    "__comment": "Bars*",
    "faces": {
        "down":  { "uv": [ 7, 6, 9, 0 ], "texture": "#top", "cullface": "down" },
        "up":    { "uv": [ 7, 0, 9, 6 ], "texture": "#top" },
        "north": { "uv": [ 7, 1.5, 9, 3.5 ], "texture": "#top", "cullface": "north" },
        "south": { "uv": [ 7, 1.5, 9, 3.5 ], "texture": "#top", "cullface": "south" },
        "west":  { "uv": [ 0, 1.5, 6, 3.5 ], "texture": "#texture" },
        "east":  { "uv": [ 10, 1.5, 16, 3.5 ], "texture": "#texture" }
    }
},
{
    "from": [ 7, 12.5, 10 ],
    "to": [ 9, 14.5, 16 ],
    "__comment": "Bars*",
    "faces": {
        "down":  { "uv": [ 7, 16, 9, 10 ], "texture": "#top", "cullface": "down" },
        "up":    { "uv": [ 7, 10, 9, 16 ], "texture": "#top" },
        "north": { "uv": [ 7, 1.5, 9, 3.5 ], "texture": "#top", "cullface": "north" },
        "south": { "uv": [ 7, 1.5, 9, 3.5 ], "texture": "#top", "cullface": "south" },
        "west":  { "uv": [ 10, 1.5, 16, 3.5 ], "texture": "#texture" },
        "east":  { "uv": [ 0, 1.5, 6, 3.5 ], "texture": "#texture" }
    }
},
{
    "from": [ 7, 0, 0 ],
    "to": [ 9, 2, 6 ],
    "__comment": "Bars",
    "faces": {
        "down":  { "uv": [ 7, 6, 9, 0 ], "texture": "#top", "cullface": "down" },
        "up":    { "uv": [ 7, 0, 9, 6 ], "texture": "#top" },
        "north": { "uv": [ 7, 1.5, 9, 3.5 ], "texture": "#top", "cullface": "north" },
        "south": { "uv": [ 7, 1.5, 9, 3.5 ], "texture": "#top", "cullface": "south" },
        "west":  { "uv": [ 0, 1.5, 6, 3.5 ], "texture": "#texture" },
        "east":  { "uv": [ 10, 1.5, 16, 3.5 ], "texture": "#texture" }
    }
},
{
    "from": [ 7, 0, 10 ],
    "to": [ 9, 2, 16 ],
    "__comment": "Bars",
    "faces": {
        "down":  { "uv": [ 7, 16, 9, 10 ], "texture": "#top", "cullface": "down" },
        "up":    { "uv": [ 7, 10, 9, 16 ], "texture": "#top" },
        "north": { "uv": [ 7, 1.5, 9, 3.5 ], "texture": "#top", "cullface": "north" },
        "south": { "uv": [ 7, 1.5, 9, 3.5 ], "texture": "#top", "cullface": "south" },
        "west":  { "uv": [ 10, 1.5, 16, 3.5 ], "texture": "#texture" },
        "east":  { "uv": [ 0, 1.5, 6, 3.5 ], "texture": "#texture" }
    }
},
{
    "from": [ 6, 0, 6 ],
    "to": [ 10, 16, 10 ],
    "__comment": "Center post",
    "faces": {
        "down":  { "uv": [ 6, 10, 10, 6 ], "texture": "#top", "cullface": "down" },
        "up":    { "uv": [ 6, 6, 10, 10 ], "texture": "#top" },
        "north": { "uv": [ 6, 0, 10, 16 ], "texture": "#texture" },
        "south": { "uv": [ 6, 0, 10, 16 ], "texture": "#texture" },
        "west":  { "uv": [ 6, 0, 10, 16 ], "texture": "#texture" },
        "east":  { "uv": [ 6, 0, 10, 16 ], "texture": "#texture" }
    }
}
]
}