{
"__comment": "Fair warning, this format is highly likely to change even more in the future!",
"ambientocclusion": true,
"textures": {
    "down": "blocks/anvil_base",
    "up": "blocks/anvil_top_damaged_0",
    "north": "blocks/anvil_base",
    "south": "blocks/anvil_base",
    "west": "blocks/anvil_base",
    "east": "blocks/anvil_base",
    "particle": "blocks/anvil_base"
},
"elements": [ 
{
    "from": [ 4, 10.5, 16 ],
    "to": [ 12, 15.5, 17 ],
    "faces": {
        "down":  { "uv": [ 4, 7, 11, 8 ], "texture": "#down" },
        "up":    { "uv": [ 4, 6, 11, 7 ], "texture": "#up" },
        "south": { "uv": [ 3, 3, 10, 8 ], "texture": "#south" },
        "west":  { "uv": [ 3, 3, 4, 8 ], "texture": "#west" },
        "east":  { "uv": [ 3, 3, 4, 8 ], "texture": "#east" }
    }
},
{
    "from": [ 6, 12.5, -5 ],
    "to": [ 10, 15.5, -3 ],
    "faces": {
        "down":  { "uv": [ 3, 3, 7, 5 ], "texture": "#down" },
        "up":    { "uv": [ 4, 1, 8, 3 ], "texture": "#up" },
        "north": { "uv": [ 6, 6, 10, 9 ], "texture": "#north" },
        "west":  { "uv": [ 5, 4, 7, 7 ], "texture": "#west" },
        "east":  { "uv": [ 5, 5, 7, 8 ], "texture": "#east" }
    }
},
{
    "from": [ 5, 10.75, -3 ],
    "to": [ 11, 15.75, 0 ],
    "faces": {
        "down":  { "uv": [ 3, 3, 9, 6 ], "texture": "#down" },
        "up":    { "uv": [ 4, 1, 10, 4 ], "texture": "#up" },
        "north": { "uv": [ 3, 3, 9, 8 ], "texture": "#north" },
        "west":  { "uv": [ 3, 3, 6, 8 ], "texture": "#west" },
        "east":  { "uv": [ 3, 3, 6, 8 ], "texture": "#east" }
    }
},
{
    "from": [ 3, 10, 0 ],
    "to": [ 13, 16, 16 ],
    "__comment": "Anvil top",
    "faces": {
        "down":  { "uv": [ 3, 0, 13, 16 ], "texture": "#up" },
        "up":    { "uv": [ 3, 0, 13, 16 ], "texture": "#up" },
        "north": { "uv": [ 3, 3, 13, 9 ], "texture": "#down" },
        "south": { "uv": [ 3, 3, 13, 9 ], "texture": "#down" },
        "west":  { "uv": [ 0, 0, 16, 6 ], "texture": "#down" },
        "east":  { "uv": [ 0, 0, 16, 6 ], "texture": "#down" }
    }
},
{
    "from": [ 6, 5, 4 ],
    "to": [ 10, 10, 12 ],
    "__comment": "Wider section beneath top portion",
    "faces": {
        "north": { "uv": [ 6, 6, 10, 11 ], "texture": "#down" },
        "south": { "uv": [ 6, 6, 10, 11 ], "texture": "#down" },
        "west":  { "uv": [ 4, 6, 12, 11 ], "texture": "#down" },
        "east":  { "uv": [ 4, 6, 12, 11 ], "texture": "#down" }
    }
},
{
    "from": [ 4, 4, 3 ],
    "to": [ 12, 5, 13 ],
    "__comment": "Lower narrow portion",
    "faces": {
        "up":    { "uv": [ 4, 3, 12, 13 ], "texture": "#down" },
        "north": { "uv": [ 12, 11, 4, 12 ], "texture": "#down" },
        "south": { "uv": [ 4, 11, 12, 12 ], "texture": "#down" },
        "west":  { "uv": [ 3, 11, 13, 12 ], "texture": "#down" },
        "east":  { "uv": [ 13, 11, 3, 12 ], "texture": "#down" }
    }
},
{
    "from": [ 2, 0, 2 ],
    "to": [ 14, 4, 14 ],
    "__comment": "Anvil base",
    "faces": {
        "down":  { "uv": [ 2, 2, 14, 14 ], "texture": "#down" },
        "up":    { "uv": [ 2, 2, 14, 14 ], "texture": "#down" },
        "north": { "uv": [ 2, 12, 14, 16 ], "texture": "#down" },
        "south": { "uv": [ 2, 12, 14, 16 ], "texture": "#down" },
        "west":  { "uv": [ 2, 12, 14, 16 ], "texture": "#down" },
        "east":  { "uv": [ 2, 12, 14, 16 ], "texture": "#down" }
    }
}
]
}