{
"__comment": "Fair warning, this format is highly likely to change even more in the future!",
"ambientocclusion": false,
"inventoryRender3D": false,
"textures": {
    "down": "blocks/iron_bars",
    "up": "blocks/iron_bars",
    "north": "blocks/iron_bars",
    "south": "blocks/iron_bars",
    "west": "blocks/iron_bars",
    "east": "blocks/iron_bars",
    "particle": "blocks/iron_bars"
},
"elements": [ 
{
    "from": [ 7, 0, 9.5 ],
    "to": [ 9, 16, 11.5 ],
    "__comment": "S",
    "faces": {
        "down":  { "uv": [ 4.5, 9.5, 6.5, 11.5 ], "texture": "#down" },
        "up":    { "uv": [ 4.5, 9.5, 6.5, 11.5 ], "texture": "#up" },
        "north": { "uv": [ 6.5, 0, 4.5, 16 ], "texture": "#north" },
        "south": { "uv": [ 4.5, 0, 6.5, 16 ], "texture": "#south" },
        "west":  { "uv": [ 9.5, 0, 11.5, 16 ], "texture": "#west" },
        "east":  { "uv": [ 11.5, 0, 9.5, 16 ], "texture": "#east" }
    }
},
{
    "from": [ 7, 0, 4.5 ],
    "to": [ 9, 16, 6.5 ],
    "__comment": "N",
    "faces": {
        "down":  { "uv": [ 9.5, 4.5, 11.5, 6.5 ], "texture": "#down" },
        "up":    { "uv": [ 9.5, 4.5, 11.5, 6.5 ], "texture": "#up" },
        "north": { "uv": [ 11.5, 0, 9.5, 16 ], "texture": "#north" },
        "south": { "uv": [ 9.5, 0, 11.5, 16 ], "texture": "#south" },
        "west":  { "uv": [ 4.5, 0, 6.5, 16 ], "texture": "#west" },
        "east":  { "uv": [ 6.5, 0, 4.5, 16 ], "texture": "#east" }
    }
},
{
    "from": [ 7, 0, 15 ],
    "to": [ 9, 16, 16 ],
    "__comment": "S",
    "faces": {
        "down":  { "uv": [ 4.5, 15, 6.5, 16 ], "texture": "#down" },
        "up":    { "uv": [ 4.5, 15, 6.5, 16 ], "texture": "#up" },
        "north": { "uv": [ 6.5, 0, 4.5, 16 ], "texture": "#north" },
        "south": { "uv": [ 4.5, 0, 6.5, 16 ], "texture": "#south" },
        "west":  { "uv": [ 15, 0, 16, 16 ], "texture": "#west" },
        "east":  { "uv": [ 16, 0, 15, 16 ], "texture": "#east" }
    }
},
{
    "from": [ 7, 0, 0 ],
    "to": [ 9, 16, 1 ],
    "__comment": "N",
    "faces": {
        "down":  { "uv": [ 4.5, 0, 6.5, 1 ], "texture": "#down" },
        "up":    { "uv": [ 4.5, 0, 6.5, 1 ], "texture": "#up" },
        "north": { "uv": [ 6.5, 0, 4.5, 16 ], "texture": "#north" },
        "south": { "uv": [ 4.5, 0, 6.5, 16 ], "texture": "#south" },
        "west":  { "uv": [ 0, 0, 1, 16 ], "texture": "#west" },
        "east":  { "uv": [ 1, 0, 0, 16 ], "texture": "#east" }
    }
},
{
    "from": [ 15, 0, 7 ],
    "to": [ 16, 16, 9 ],
    "__comment": "E",
    "faces": {
        "down":  { "uv": [ 15, 4.5, 16, 6.5 ], "texture": "#down" },
        "up":    { "uv": [ 15, 4.5, 16, 6.5 ], "texture": "#up" },
        "north": { "uv": [ 16, 0, 15, 16 ], "texture": "#north" },
        "south": { "uv": [ 15, 0, 16, 16 ], "texture": "#south" },
        "west":  { "uv": [ 4.5, 0, 6.5, 16 ], "texture": "#west" },
        "east":  { "uv": [ 6.5, 0, 4.5, 16 ], "texture": "#east" }
    }
},
{
    "from": [ 9.5, 0, 7 ],
    "to": [ 11.5, 16, 9 ],
    "__comment": "E",
    "faces": {
        "down":  { "uv": [ 9.5, 9.5, 11.5, 11.5 ], "texture": "#down" },
        "up":    { "uv": [ 9.5, 9.5, 11.5, 11.5 ], "texture": "#up" },
        "north": { "uv": [ 11.5, 0, 9.5, 16 ], "texture": "#north" },
        "south": { "uv": [ 9.5, 0, 11.5, 16 ], "texture": "#south" },
        "west":  { "uv": [ 9.5, 0, 11.5, 16 ], "texture": "#west" },
        "east":  { "uv": [ 11.5, 0, 9.5, 16 ], "texture": "#east" }
    }
}
]
}