{
"__comment":"3D Mesh designed with BDcraft Cubik - Version PRO 0.4.1 Beta",
"ambientocclusion":false,
"inventoryRender3D":true,
"textures":{
"particle":"blocks/beacon",
"down":"blocks/beacon_top",
"up":"blocks/beacon_top",
"north":"blocks/beacon",
"south":"blocks/beacon",
"west":"blocks/beacon",
"bottom":"blocks/beacon_bottom",
"east":"blocks/beacon"
},
"elements":[
{"from":[2,10,2],"to":[14,12,14],"faces":{"down":{ "uv":[2,14,14,2],"texture":"#bottom" },"up":{ "uv":[2,2,14,14],"texture":"#up" },"north":{ "uv":[14,4,2,6],"texture":"#north" },"south":{ "uv":[2,4,14,6],"texture":"#south" },"west":{ "uv":[2,4,14,6],"texture":"#west" },"east":{ "uv":[14,4,2,6],"texture":"#east" }}},{"from":[3.5,12,3.5],"to":[12.5,13,12.5],"faces":{"down":{ "uv":[3.5,12.5,12.5,3.5],"texture":"#down" },"up":{ "uv":[3.5,3.5,12.5,12.5],"texture":"#up" },"north":{ "uv":[12.5,3,3.5,4],"texture":"#north" },"south":{ "uv":[3.5,3,12.5,4],"texture":"#south" },"west":{ "uv":[3.5,3,12.5,4],"texture":"#west" },"east":{ "uv":[12.5,3,3.5,4],"texture":"#east" }}},{"from":[4.5,13,4.5],"to":[11.5,14,11.5],"faces":{"down":{ "uv":[4.5,11.5,11.5,4.5],"texture":"#down" },"up":{ "uv":[4.5,4.5,11.5,11.5],"texture":"#up" },"north":{ "uv":[11.5,2,4.5,3],"texture":"#north" },"south":{ "uv":[4.5,2,11.5,3],"texture":"#south" },"west":{ "uv":[4.5,2,11.5,3],"texture":"#west" },"east":{ "uv":[11.5,2,4.5,3],"texture":"#east" }}},{"from":[6,14,6],"to":[10,15,10],"faces":{"down":{ "uv":[6,10,10,6],"texture":"#down" },"up":{ "uv":[6,6,10,10],"texture":"#up" },"north":{ "uv":[10,1,6,2],"texture":"#north" },"south":{ "uv":[6,1,10,2],"texture":"#south" },"west":{ "uv":[6,1,10,2],"texture":"#west" },"east":{ "uv":[10,1,6,2],"texture":"#east" }}},{"from":[5,15,5],"to":[11,16,11],"faces":{"down":{ "uv":[5,11,11,5],"texture":"#down" },"up":{ "uv":[5,5,11,11],"texture":"#up" },"north":{ "uv":[11,0,5,1],"texture":"#north" },"south":{ "uv":[5,0,11,1],"texture":"#south" },"west":{ "uv":[5,0,11,1],"texture":"#west" },"east":{ "uv":[11,0,5,1],"texture":"#east" }}},{"from":[2.5,0,2.5],"to":[13.5,2,13.5],"faces":{"down":{ "uv":[2.5,13.5,13.5,2.5],"texture":"#down" },"up":{ "uv":[2.5,2.5,13.5,13.5],"texture":"#bottom" },"north":{ "uv":[13.5,14,2.5,16],"texture":"#north" },"south":{ "uv":[2.5,14,13.5,16],"texture":"#south" },"west":{ "uv":[2.5,14,13.5,16],"texture":"#west" },"east":{ "uv":[13.5,14,2.5,16],"texture":"#east" }}},
{"from":[12,2,12],"to":[13,10,13],"faces":{"down":{ "uv":[12,13,13,12],"texture":"#down" },"up":{ "uv":[12,12,13,13],"texture":"#up" },"north":{ "uv":[13,6,12,14],"texture":"#north" },"south":{ "uv":[12,6,13,14],"texture":"#south" },"west":{ "uv":[12,6,13,14],"texture":"#west" },"east":{ "uv":[13,6,12,14],"texture":"#east" }}},{"from":[3,2,12],"to":[4,10,13],"faces":{"down":{ "uv":[3,13,4,12],"texture":"#down" },"up":{ "uv":[3,12,4,13],"texture":"#up" },"north":{ "uv":[4,6,3,14],"texture":"#north" },"south":{ "uv":[3,6,4,14],"texture":"#south" },"west":{ "uv":[12,6,13,14],"texture":"#west" },"east":{ "uv":[13,6,12,14],"texture":"#east" }}},{"from":[12,2,3],"to":[13,10,4],"faces":{"down":{ "uv":[12,4,13,3],"texture":"#down" },"up":{ "uv":[12,3,13,4],"texture":"#up" },"north":{ "uv":[13,6,12,14],"texture":"#north" },"south":{ "uv":[12,6,13,14],"texture":"#south" },"west":{ "uv":[3,6,4,14],"texture":"#west" },"east":{ "uv":[4,6,3,14],"texture":"#east" }}},{"from":[3,2,3],"to":[4,10,4],"faces":{"down":{ "uv":[3,4,4,3],"texture":"#down" },"up":{ "uv":[3,3,4,4],"texture":"#up" },"north":{ "uv":[4,6,3,14],"texture":"#north" },"south":{ "uv":[3,6,4,14],"texture":"#south" },"west":{ "uv":[3,6,4,14],"texture":"#west" },"east":{ "uv":[4,6,3,14],"texture":"#east" }}},{"from":[4,2,4],"to":[12,10,12],"faces":{"down":{ "uv":[4,12,12,4],"texture":"#down" },"up":{ "uv":[4,4,12,12],"texture":"#up" },"north":{ "uv":[12,6,4,14],"texture":"#north" },"south":{ "uv":[4,6,12,14],"texture":"#south" },"west":{ "uv":[4,6,12,14],"texture":"#west" },"east":{ "uv":[12,6,4,14],"texture":"#east" }}},

{
"from":[12,5.5,4],
"to":[12.5,6.5,12],
"faces":{
"down":{ "uv":[4,10,12,10.5],"rotation": 90,"texture":"#east" },
"up":{ "uv":[4,9.5,12,10],"rotation": 90,"texture":"#west" },
"north":{ "uv":[12.5,9.5,12,10.5],"texture":"#north" },
"south":{ "uv":[12,9.5,12.5,10.5],"texture":"#south" },
"west":{ "uv":[4,9.5,12,10.5],"texture":"#west" },
"east":{ "uv":[12,9.5,4,10.5],"texture":"#east" }}},
{
"from":[3.5,5.5,4],
"to":[4,6.5,12],
"faces":{
"down":{ "uv":[4,10,12,10.5],"rotation": 90,"texture":"#east" },
"up":{ "uv":[4,9.5,12,10],"rotation": 90,"texture":"#west" },
"north":{ "uv":[4,9.5,3.5,10.5],"texture":"#north" },
"south":{ "uv":[3.5,9.5,4,10.5],"texture":"#south" },
"west":{ "uv":[4,9.5,12,10.5],"texture":"#west" },
"east":{ "uv":[12,9.5,4,10.5],"texture":"#east" }}},
{
"from":[4,5.5,12],
"to":[12,6.5,12.5],
"__comment":"es=bot,we=up",
"faces":{
"down":{ "uv":[4,10,12,10.5],"texture":"#east" },
"up":{ "uv":[4,9.5,12,10],"texture":"#west" },
"north":{ "uv":[12,9.5,4,10.5],"texture":"#north" },
"south":{ "uv":[4,9.5,12,10.5],"texture":"#south" },
"west":{ "uv":[4,9.5,12,10],"texture":"#west" },
"east":{ "uv":[4,10,12,10.5],"texture":"#east" }}},
{
"from":[4,5.5,3.5],
"to":[12,6.5,4],
"faces":{
"down":{ "uv":[4,10,12,10.5],"texture":"#east" },
"up":{ "uv":[4,9.5,12,10],"texture":"#west" },
"north":{ "uv":[12,9.5,4,10.5],"texture":"#north" },
"south":{ "uv":[4,9.5,12,10.5],"texture":"#south" },
"west":{ "uv":[3.5,9.5,4,10.5],"texture":"#west" },
"east":{ "uv":[4,9.5,3.5,10.5],"texture":"#east" }}},
{"from":[12,2,7.5],"to":[12.5,10,8.5],"faces":{"down":{ "uv":[12,8.5,12.5,7.5],"texture":"#down" },"up":{ "uv":[12,7.5,12.5,8.5],"texture":"#up" },"north":{ "uv":[12.5,6,12,14],"texture":"#north" },"south":{ "uv":[12,6,12.5,14],"texture":"#south" },"west":{ "uv":[7.5,6,8.5,14],"texture":"#west" },"east":{ "uv":[8.5,6,7.5,14],"texture":"#east" }}},{"from":[3.5,2,7.5],"to":[4,10,8.5],"faces":{"down":{ "uv":[3.5,8.5,4,7.5],"texture":"#down" },"up":{ "uv":[3.5,7.5,4,8.5],"texture":"#up" },"north":{ "uv":[4,6,3.5,14],"texture":"#north" },"south":{ "uv":[3.5,6,4,14],"texture":"#south" },"west":{ "uv":[7.5,6,8.5,14],"texture":"#west" },"east":{ "uv":[8.5,6,7.5,14],"texture":"#east" }}},{"from":[7.5,2,12],"to":[8.5,10,12.5],"faces":{"down":{ "uv":[7.5,12.5,8.5,12],"texture":"#down" },"up":{ "uv":[7.5,12,8.5,12.5],"texture":"#up" },"north":{ "uv":[8.5,6,7.5,14],"texture":"#north" },"south":{ "uv":[7.5,6,8.5,14],"texture":"#south" },"west":{ "uv":[12,6,12.5,14],"texture":"#west" },"east":{ "uv":[12.5,6,12,14],"texture":"#east" }}},{"from":[7.5,2,3.5],"to":[8.5,10,4],"faces":{"down":{ "uv":[7.5,4,8.5,3.5],"texture":"#down" },"up":{ "uv":[7.5,3.5,8.5,4],"texture":"#up" },"north":{ "uv":[8.5,6,7.5,14],"texture":"#north" },"south":{ "uv":[7.5,6,8.5,14],"texture":"#south" },"west":{ "uv":[3.5,6,4,14],"texture":"#west" },"east":{ "uv":[4,6,3.5,14],"texture":"#east" }}}



]}