{
"__comment": "Bed-h PROVA!",
"ambientocclusion": false,
"textures": {
    "particle": "blocks/bed_feet_top",
    "bottom": "blocks/planks_oak",
    "top": "blocks/bed_feet_top",
    "end": "blocks/bed_feet_end",
    "side": "blocks/bed_feet_side"
},
"elements": [ 
{
    "from": [ 0, 0, 0 ],
    "to": [ 3, 16, 3 ],
    "faces": {
        "down":  { "uv": [ 13, 3, 16, 0 ], "texture": "#side" },
        "up":    { "uv": [ 13, 0, 16, 3 ], "texture": "#side" },
        "north": { "uv": [ 3, 0, 0, 16 ], "texture": "#side" },
        "south": { "uv": [ 0, 0, 3, 16 ], "texture": "#side" },
        "west":  { "uv": [ 0, 0, 3, 16 ], "texture": "#side" },
        "east":  { "uv": [ 3, 0, 0, 16 ], "texture": "#side" }
    }
},
{
    "__comment": "centro*",
    "from": [ 3, 1.5, 0.5 ],
    "to": [ 13, 9, 3 ],
    "faces": {
        "down":  { "uv": [ 3, 3, 13, 0.5 ], "texture": "#bottom" },
        "up":    { "uv": [ 3, 0.5, 13, 3 ], "texture": "#top" },
        "north": { "uv": [ 13, 7, 3, 14.5 ], "texture": "#end" },
        "south": { "uv": [ 3, 7, 13, 14.5 ], "texture": "#end" },
        "west":  { "uv": [ 0.5, 7, 3, 14.5 ], "texture": "#side" },
        "east":  { "uv": [ 3, 7, 0.5, 14.5 ], "texture": "#side" }
    }
},
{
    "__comment": "centro",
    "from": [ 0, 1.5, 3 ],
    "to": [ 16, 9, 16 ],
    "faces": {
        "down":  { "uv": [ 0, 16, 16, 3 ], "texture": "#bottom" },
        "up":    { "uv": [ 0, 3, 16, 16 ], "texture": "#top" },
        "north": { "uv": [ 16, 7, 0, 14.5 ], "texture": "#end" },
        "south": { "uv": [ 0, 7, 16, 14.5 ], "texture": "#end" },
        "west":  { "uv": [ 3, 7, 16, 14.5 ], "texture": "#side" },
        "east":  { "uv": [ 16, 7, 3, 14.5 ], "texture": "#side" }
    }
},
{
    "from": [ 13, 0, 0 ],
    "to": [ 16, 16, 3 ],
    "faces": {
        "down":  { "uv": [ 13, 3, 16, 0 ], "texture": "#side" },
        "up":    { "uv": [ 13, 0, 16, 3 ], "texture": "#side" },
        "north": { "uv": [ 3, 0, 0, 16 ], "texture": "#side" },
        "south": { "uv": [ 0, 0, 3, 16 ], "texture": "#side" },
        "west":  { "uv": [ 0, 0, 3, 16 ], "texture": "#side" },
        "east":  { "uv": [ 3, 0, 0, 16 ], "texture": "#side" }
    }
}
]
}