{
"__comment": "Bed-h PROVA!",
"ambientocclusion": false,
"textures": {
    "particle": "blocks/bed_head_top",
    "bottom": "blocks/planks_oak",
    "top": "blocks/bed_head_top",
    "end": "blocks/bed_head_end",
    "side": "blocks/bed_head_side"
},
"elements": [ 
{
    "__comment": "schienale",
    "from": [ 3, 1.5, 13.5 ],
    "to": [ 13, 14, 15.5 ],
    "faces": {
        "down":  { "uv": [ 3, 16, 13, 14 ], "texture": "#bottom" },
        "up":    { "uv": [ 3, 14, 13, 16 ], "texture": "#top" },
        "north": { "uv": [ 3, 2, 13, 14.5 ], "texture": "#end" },
        "south": { "uv": [ 3, 2, 13, 14.5 ], "texture": "#end" }
    }
},
{
    "__comment": "centro",
    "from": [ 0, 1.5, 0 ],
    "to": [ 16, 9, 13 ],
    "faces": {
        "down":  { "uv": [ 0, 13, 16, 0 ], "texture": "#bottom" },
        "up":    { "uv": [ 0, 0, 16, 13 ], "texture": "#top" },
        "north": { "uv": [ 16, 7, 0, 14.5 ], "texture": "#end" },
        "south": { "uv": [ 0, 7, 16, 14.5 ], "texture": "#end" },
        "west":  { "uv": [ 0, 7, 13, 14.5 ], "texture": "#side" },
        "east":  { "uv": [ 13, 7, 0, 14.5 ], "texture": "#side" }
    }
},
{
    "from": [ 0.5, 1.5, 13 ],
    "to": [ 15.5, 9, 13.5 ],
    "faces": {
        "down":  { "uv": [ 0.5, 13.5, 15.5, 13 ], "texture": "#bottom" },
        "south": { "uv": [ 0.5, 7, 15.5, 14.5 ], "texture": "#end" },
        "west":  { "uv": [ 13, 7, 13.5, 14.5 ], "texture": "#side" },
        "east":  { "uv": [ 13.5, 7, 13, 14.5 ], "texture": "#side" }
    }
},
{
    "from": [ 13, 0, 13 ],
    "to": [ 16, 16, 16 ],
    "faces": {
        "down":  { "uv": [ 0, 3, 3, 0 ], "texture": "#side" },
        "up":    { "uv": [ 0, 0, 3, 3 ], "texture": "#side" },
        "north": { "uv": [ 16, 0, 13, 16 ], "texture": "#side" },
        "south": { "uv": [ 13, 0, 16, 16 ], "texture": "#side" },
        "west":  { "uv": [ 13, 0, 16, 16 ], "texture": "#side" },
        "east":  { "uv": [ 16, 0, 13, 16 ], "texture": "#side" }
    }
},
{
    "from": [ 0, 0, 13 ],
    "to": [ 3, 16, 16 ],
    "faces": {
        "down":  { "uv": [ 0, 3, 3, 0 ], "texture": "#side" },
        "up":    { "uv": [ 0, 0, 3, 3 ], "texture": "#side" },
        "north": { "uv": [ 16, 0, 13, 16 ], "texture": "#side" },
        "south": { "uv": [ 13, 0, 16, 16 ], "texture": "#side" },
        "west":  { "uv": [ 13, 0, 16, 16 ], "texture": "#side" },
        "east":  { "uv": [ 16, 0, 13, 16 ], "texture": "#side" }
    }
},
{
    "from": [ 0.5, 8, 6 ],
    "to": [ 15.5, 10, 14 ],
    "faces": {
        "down":  { "uv": [ 0.5, 14, 15.5, 6 ], "texture": "#bottom" },
        "up":    { "uv": [ 0.5, 6, 15.5, 14 ], "texture": "#top" },
        "north": { "uv": [ 15.5, 0, 0.5, 2 ], "texture": "#end" },
        "south": { "uv": [ 0.5, 0, 15.5, 2 ], "texture": "#end" },
        "west":  { "uv": [ 6, 5, 14, 7 ], "texture": "#side" },
        "east":  { "uv": [ 14, 5, 6, 7 ], "texture": "#side" }
    }
}
]
}