{
"__comment": "Designed by Jugbot with BDcraft Cubik PRO 0.76 Beta - http://bdcraft.net",
"textures": {
    "particle": "blocks/fence_birch_top",
    "texture": "blocks/fence_birch_top",
    "side": "blocks/fence_birch"
},
"elements": [ 
{
    "from": [ 4, 0, 7 ],
    "to": [ 5.5, 16, 9 ],
    "__comment": "N",
    "faces": {
        "down":  { "uv": [ 1.5, 2, 3, 0 ], "texture": "#texture" },
        "up":    { "uv": [ 0, 0.5, 1.5, 2.5 ], "texture": "#texture" },
        "north": { "uv": [ 14.5, 0, 16, 16 ], "texture": "#side" },
        "south": { "uv": [ 0, 0, 1.5, 16 ], "texture": "#side" },
        "west":  { "uv": [ 7, 0, 9, 16 ], "texture": "#texture" },
        "east":  { "uv": [ 7, 0, 9, 16 ], "texture": "#texture" }
    }
},
{
    "from": [ 7, 0, 10.5 ],
    "to": [ 9, 16, 12 ],
    "__comment": "N",
    "faces": {
        "down":  { "uv": [ 0.5, 2.5, 2.5, 1 ], "texture": "#texture" },
        "up":    { "uv": [ 1, 0.5, 3, 2 ], "texture": "#texture" },
        "north": { "uv": [ 7, 0, 9, 16 ], "texture": "#texture" },
        "south": { "uv": [ 7, 0, 9, 16 ], "texture": "#texture" },
        "west":  { "uv": [ 0, 0, 1.5, 16 ], "texture": "#side" },
        "east":  { "uv": [ 14.5, 0, 16, 16 ], "texture": "#side" }
    }
},
{
    "from": [ 5.5, 14, 7.5 ],
    "to": [ 7, 15, 8.5 ],
    "faces": {
        "down":  { "uv": [ 5.5, 8.5, 7, 7.5 ], "texture": "#texture" },
        "up":    { "uv": [ 5.5, 7.5, 7, 8.5 ], "texture": "#texture" },
        "north": { "uv": [ 9, 1, 10.5, 2 ], "texture": "#texture" },
        "south": { "uv": [ 5.5, 1, 7, 2 ], "texture": "#texture" },
        "west":  { "uv": [ 7.5, 1, 8.5, 2 ], "texture": "#texture" },
        "east":  { "uv": [ 7.5, 1, 8.5, 2 ], "texture": "#texture" }
    }
},
{
    "from": [ 5.5, 1, 7.5 ],
    "to": [ 7, 2, 8.5 ],
    "faces": {
        "down":  { "uv": [ 5.5, 8.5, 7, 7.5 ], "texture": "#texture" },
        "up":    { "uv": [ 5.5, 7.5, 7, 8.5 ], "texture": "#texture" },
        "north": { "uv": [ 9, 14, 10.5, 15 ], "texture": "#texture" },
        "south": { "uv": [ 5.5, 14, 7, 15 ], "texture": "#texture" },
        "west":  { "uv": [ 7.5, 14, 8.5, 15 ], "texture": "#texture" },
        "east":  { "uv": [ 7.5, 14, 8.5, 15 ], "texture": "#texture" }
    }
},
{
    "from": [ 5.5, 9, 7.5 ],
    "to": [ 7, 10, 8.5 ],
    "faces": {
        "down":  { "uv": [ 5.5, 8.5, 7, 7.5 ], "texture": "#texture" },
        "up":    { "uv": [ 5.5, 7.5, 7, 8.5 ], "texture": "#texture" },
        "north": { "uv": [ 9, 6, 10.5, 7 ], "texture": "#texture" },
        "south": { "uv": [ 5.5, 6, 7, 7 ], "texture": "#texture" },
        "west":  { "uv": [ 7.5, 6, 8.5, 7 ], "texture": "#texture" },
        "east":  { "uv": [ 7.5, 6, 8.5, 7 ], "texture": "#texture" }
    }
},
{
    "from": [ 5.5, 6, 7.5 ],
    "to": [ 7, 7, 8.5 ],
    "faces": {
        "down":  { "uv": [ 5.5, 8.5, 7, 7.5 ], "texture": "#texture" },
        "up":    { "uv": [ 5.5, 7.5, 7, 8.5 ], "texture": "#texture" },
        "north": { "uv": [ 9, 9, 10.5, 10 ], "texture": "#texture" },
        "south": { "uv": [ 5.5, 9, 7, 10 ], "texture": "#texture" },
        "west":  { "uv": [ 7.5, 9, 8.5, 10 ], "texture": "#texture" },
        "east":  { "uv": [ 7.5, 9, 8.5, 10 ], "texture": "#texture" }
    }
},
{
    "from": [ 7.5, 14, 9 ],
    "to": [ 8.5, 15, 10.5 ],
    "faces": {
        "down":  { "uv": [ 7.5, 10.5, 8.5, 9 ], "texture": "#texture" },
        "up":    { "uv": [ 7.5, 9, 8.5, 10.5 ], "texture": "#texture" },
        "north": { "uv": [ 7.5, 1, 8.5, 2 ], "texture": "#texture" },
        "south": { "uv": [ 7.5, 1, 8.5, 2 ], "texture": "#texture" },
        "west":  { "uv": [ 9, 1, 10.5, 2 ], "texture": "#texture" },
        "east":  { "uv": [ 5.5, 1, 7, 2 ], "texture": "#texture" }
    }
},
{
    "from": [ 7.5, 1, 9 ],
    "to": [ 8.5, 2, 10.5 ],
    "faces": {
        "down":  { "uv": [ 7.5, 10.5, 8.5, 9 ], "texture": "#texture" },
        "up":    { "uv": [ 7.5, 9, 8.5, 10.5 ], "texture": "#texture" },
        "north": { "uv": [ 7.5, 14, 8.5, 15 ], "texture": "#texture" },
        "south": { "uv": [ 7.5, 14, 8.5, 15 ], "texture": "#texture" },
        "west":  { "uv": [ 9, 14, 10.5, 15 ], "texture": "#texture" },
        "east":  { "uv": [ 5.5, 14, 7, 15 ], "texture": "#texture" }
    }
},
{
    "from": [ 7.5, 9, 9 ],
    "to": [ 8.5, 10, 10.5 ],
    "faces": {
        "down":  { "uv": [ 7.5, 10.5, 8.5, 9 ], "texture": "#texture" },
        "up":    { "uv": [ 7.5, 9, 8.5, 10.5 ], "texture": "#texture" },
        "north": { "uv": [ 7.5, 6, 8.5, 7 ], "texture": "#texture" },
        "south": { "uv": [ 7.5, 6, 8.5, 7 ], "texture": "#texture" },
        "west":  { "uv": [ 9, 6, 10.5, 7 ], "texture": "#texture" },
        "east":  { "uv": [ 5.5, 6, 7, 7 ], "texture": "#texture" }
    }
},
{
    "from": [ 7.5, 6, 9 ],
    "to": [ 8.5, 7, 10.5 ],
    "faces": {
        "down":  { "uv": [ 7.5, 10.5, 8.5, 9 ], "texture": "#texture" },
        "up":    { "uv": [ 7.5, 9, 8.5, 10.5 ], "texture": "#texture" },
        "north": { "uv": [ 7.5, 9, 8.5, 10 ], "texture": "#texture" },
        "south": { "uv": [ 7.5, 9, 8.5, 10 ], "texture": "#texture" },
        "west":  { "uv": [ 9, 9, 10.5, 10 ], "texture": "#texture" },
        "east":  { "uv": [ 5.5, 9, 7, 10 ], "texture": "#texture" }
    }
},
{
    "from": [ 10.5, 0, 7 ],
    "to": [ 12, 16, 9 ],
    "__comment": "N",
    "faces": {
        "down":  { "uv": [ 0, 2, 1.5, 0 ], "texture": "#texture" },
        "up":    { "uv": [ 1, 1.5, 2.5, 3.5 ], "texture": "#texture" },
        "north": { "uv": [ 0, 0, 1.5, 16 ], "texture": "#side" },
        "south": { "uv": [ 14.5, 0, 16, 16 ], "texture": "#side" },
        "west":  { "uv": [ 7, 0, 9, 16 ], "texture": "#texture" },
        "east":  { "uv": [ 7, 0, 9, 16 ], "texture": "#texture" }
    }
},
{
    "from": [ 9, 14, 7.5 ],
    "to": [ 10.5, 15, 8.5 ],
    "faces": {
        "down":  { "uv": [ 9, 8.5, 10.5, 7.5 ], "texture": "#texture" },
        "up":    { "uv": [ 9, 7.5, 10.5, 8.5 ], "texture": "#texture" },
        "north": { "uv": [ 5.5, 1, 7, 2 ], "texture": "#texture" },
        "south": { "uv": [ 9, 1, 10.5, 2 ], "texture": "#texture" },
        "west":  { "uv": [ 7.5, 1, 8.5, 2 ], "texture": "#texture" },
        "east":  { "uv": [ 7.5, 1, 8.5, 2 ], "texture": "#texture" }
    }
},
{
    "from": [ 9, 1, 7.5 ],
    "to": [ 10.5, 2, 8.5 ],
    "faces": {
        "down":  { "uv": [ 9, 8.5, 10.5, 7.5 ], "texture": "#texture" },
        "up":    { "uv": [ 9, 7.5, 10.5, 8.5 ], "texture": "#texture" },
        "north": { "uv": [ 5.5, 14, 7, 15 ], "texture": "#texture" },
        "south": { "uv": [ 9, 14, 10.5, 15 ], "texture": "#texture" },
        "west":  { "uv": [ 7.5, 14, 8.5, 15 ], "texture": "#texture" },
        "east":  { "uv": [ 7.5, 14, 8.5, 15 ], "texture": "#texture" }
    }
},
{
    "from": [ 9, 9, 7.5 ],
    "to": [ 10.5, 10, 8.5 ],
    "faces": {
        "down":  { "uv": [ 9, 8.5, 10.5, 7.5 ], "texture": "#texture" },
        "up":    { "uv": [ 9, 7.5, 10.5, 8.5 ], "texture": "#texture" },
        "north": { "uv": [ 5.5, 6, 7, 7 ], "texture": "#texture" },
        "south": { "uv": [ 9, 6, 10.5, 7 ], "texture": "#texture" },
        "west":  { "uv": [ 7.5, 6, 8.5, 7 ], "texture": "#texture" },
        "east":  { "uv": [ 7.5, 6, 8.5, 7 ], "texture": "#texture" }
    }
},
{
    "from": [ 9, 6, 7.5 ],
    "to": [ 10.5, 7, 8.5 ],
    "faces": {
        "down":  { "uv": [ 9, 8.5, 10.5, 7.5 ], "texture": "#texture" },
        "up":    { "uv": [ 9, 7.5, 10.5, 8.5 ], "texture": "#texture" },
        "north": { "uv": [ 5.5, 9, 7, 10 ], "texture": "#texture" },
        "south": { "uv": [ 9, 9, 10.5, 10 ], "texture": "#texture" },
        "west":  { "uv": [ 7.5, 9, 8.5, 10 ], "texture": "#texture" },
        "east":  { "uv": [ 7.5, 9, 8.5, 10 ], "texture": "#texture" }
    }
},
{
    "from": [ 7.5, 14, 5.5 ],
    "to": [ 8.5, 15, 7 ],
    "faces": {
        "down":  { "uv": [ 7.5, 7, 8.5, 5.5 ], "texture": "#texture" },
        "up":    { "uv": [ 7.5, 5.5, 8.5, 7 ], "texture": "#texture" },
        "north": { "uv": [ 7.5, 1, 8.5, 2 ], "texture": "#texture" },
        "south": { "uv": [ 7.5, 1, 8.5, 2 ], "texture": "#texture" },
        "west":  { "uv": [ 5.5, 1, 7, 2 ], "texture": "#texture" },
        "east":  { "uv": [ 9, 1, 10.5, 2 ], "texture": "#texture" }
    }
},
{
    "from": [ 7.5, 1, 5.5 ],
    "to": [ 8.5, 2, 7 ],
    "faces": {
        "down":  { "uv": [ 7.5, 7, 8.5, 5.5 ], "texture": "#texture" },
        "up":    { "uv": [ 7.5, 5.5, 8.5, 7 ], "texture": "#texture" },
        "north": { "uv": [ 7.5, 14, 8.5, 15 ], "texture": "#texture" },
        "south": { "uv": [ 7.5, 14, 8.5, 15 ], "texture": "#texture" },
        "west":  { "uv": [ 5.5, 14, 7, 15 ], "texture": "#texture" },
        "east":  { "uv": [ 9, 14, 10.5, 15 ], "texture": "#texture" }
    }
},
{
    "from": [ 7.5, 9, 5.5 ],
    "to": [ 8.5, 10, 7 ],
    "faces": {
        "down":  { "uv": [ 7.5, 7, 8.5, 5.5 ], "texture": "#texture" },
        "up":    { "uv": [ 7.5, 5.5, 8.5, 7 ], "texture": "#texture" },
        "north": { "uv": [ 7.5, 6, 8.5, 7 ], "texture": "#texture" },
        "south": { "uv": [ 7.5, 6, 8.5, 7 ], "texture": "#texture" },
        "west":  { "uv": [ 5.5, 6, 7, 7 ], "texture": "#texture" },
        "east":  { "uv": [ 9, 6, 10.5, 7 ], "texture": "#texture" }
    }
},
{
    "from": [ 7.5, 6, 5.5 ],
    "to": [ 8.5, 7, 7 ],
    "faces": {
        "down":  { "uv": [ 7.5, 7, 8.5, 5.5 ], "texture": "#texture" },
        "up":    { "uv": [ 7.5, 5.5, 8.5, 7 ], "texture": "#texture" },
        "north": { "uv": [ 7.5, 9, 8.5, 10 ], "texture": "#texture" },
        "south": { "uv": [ 7.5, 9, 8.5, 10 ], "texture": "#texture" },
        "west":  { "uv": [ 5.5, 9, 7, 10 ], "texture": "#texture" },
        "east":  { "uv": [ 9, 9, 10.5, 10 ], "texture": "#texture" }
    }
},
{
    "from": [ 7, 0, 7 ],
    "to": [ 9, 16, 9 ],
    "__comment": "S",
    "faces": {
        "down":  { "uv": [ 1.5, 2, 3.5, 0 ], "texture": "#texture" },
        "up":    { "uv": [ 0.5, 1, 2.5, 3 ], "texture": "#texture" },
        "north": { "uv": [ 7, 0, 9, 16 ], "texture": "#texture" },
        "south": { "uv": [ 7, 0, 9, 16 ], "texture": "#texture" },
        "west":  { "uv": [ 7, 0, 9, 16 ], "texture": "#texture" },
        "east":  { "uv": [ 7, 0, 9, 16 ], "texture": "#texture" }
    }
},
{
    "from": [ 7, 0, 4 ],
    "to": [ 9, 16, 5.5 ],
    "__comment": "N",
    "faces": {
        "down":  { "uv": [ 0.5, 2.5, 2.5, 1 ], "texture": "#texture" },
        "up":    { "uv": [ 1, 0.5, 3, 2 ], "texture": "#texture" },
        "north": { "uv": [ 7, 0, 9, 16 ], "texture": "#texture" },
        "south": { "uv": [ 7, 0, 9, 16 ], "texture": "#texture" },
        "west":  { "uv": [ 0, 0, 1.5, 16 ], "texture": "#side" },
        "east":  { "uv": [ 14.5, 0, 16, 16 ], "texture": "#side" }
    }
}
]
}