{
"__comment": "Designed by Jugbot with BDcraft Cubik PRO 0.76 Beta - http://bdcraft.net",
"textures": {
    "particle": "blocks/planks_birch",
    "texture": "blocks/fence_birch_top",
    "side": "blocks/fence_birch",
    "iron": "blocks/iron_block"
},
"elements": [ 
{
    "from": [ 7.5, 15, 8.5 ],
    "to": [ 8.5, 16, 12.5 ],
    "__comment": "N",
    "faces": {
        "down":  { "uv": [ 7.5, 12.5, 8.5, 8.5 ], "texture": "#texture" },
        "up":    { "uv": [ 7.5, 8.5, 8.5, 12.5 ], "texture": "#texture" },
        "north": { "uv": [ 7.5, 0, 8.5, 1 ], "texture": "#texture" },
        "south": { "uv": [ 7.5, 0, 8.5, 1 ], "texture": "#texture" },
        "west":  { "uv": [ 8.5, 0, 12.5, 1 ], "texture": "#texture" },
        "east":  { "uv": [ 3.5, 0, 7.5, 1 ], "texture": "#texture" }
    }
},
{
    "from": [ 7.5, 14, 12.5 ],
    "to": [ 8.5, 15, 13.5 ],
    "__comment": "N",
    "faces": {
        "down":  { "uv": [ 7.5, 13.5, 8.5, 12.5 ], "texture": "#texture" },
        "up":    { "uv": [ 7.5, 12.5, 8.5, 13.5 ], "texture": "#texture" },
        "north": { "uv": [ 7.5, 1, 8.5, 2 ], "texture": "#texture" },
        "south": { "uv": [ 7.5, 1, 8.5, 2 ], "texture": "#texture" },
        "west":  { "uv": [ 12.5, 1, 13.5, 2 ], "texture": "#texture" },
        "east":  { "uv": [ 2.5, 1, 3.5, 2 ], "texture": "#texture" }
    }
},
{
    "from": [ 7.5, 2, 13 ],
    "to": [ 8.5, 14, 14 ],
    "__comment": "N",
    "faces": {
        "down":  { "uv": [ 7.5, 14, 8.5, 13 ], "texture": "#texture" },
        "up":    { "uv": [ 7.5, 13, 8.5, 14 ], "texture": "#texture" },
        "north": { "uv": [ 7.5, 2, 8.5, 14 ], "texture": "#texture" },
        "south": { "uv": [ 7.5, 2, 8.5, 14 ], "texture": "#texture" },
        "west":  { "uv": [ 13, 2, 14, 14 ], "texture": "#texture" },
        "east":  { "uv": [ 2, 2, 3, 14 ], "texture": "#texture" }
    }
},
{
    "from": [ 7.5, 3, 6.5 ],
    "to": [ 8.5, 15, 7.5 ],
    "__comment": "N",
    "faces": {
        "down":  { "uv": [ 7.5, 7.5, 8.5, 6.5 ], "texture": "#texture" },
        "up":    { "uv": [ 7.5, 6.5, 8.5, 7.5 ], "texture": "#texture" },
        "north": { "uv": [ 7.5, 1, 8.5, 13 ], "texture": "#texture" },
        "south": { "uv": [ 7.5, 1, 8.5, 13 ], "texture": "#texture" },
        "west":  { "uv": [ 6.5, 1, 7.5, 13 ], "texture": "#texture" },
        "east":  { "uv": [ 8.5, 1, 9.5, 13 ], "texture": "#texture" }
    }
},
{
    "from": [ 7.5, 14, 2.5 ],
    "to": [ 8.5, 15, 3.5 ],
    "__comment": "N",
    "faces": {
        "down":  { "uv": [ 7.5, 3.5, 8.5, 2.5 ], "texture": "#texture" },
        "up":    { "uv": [ 7.5, 2.5, 8.5, 3.5 ], "texture": "#texture" },
        "north": { "uv": [ 7.5, 1, 8.5, 2 ], "texture": "#texture" },
        "south": { "uv": [ 7.5, 1, 8.5, 2 ], "texture": "#texture" },
        "west":  { "uv": [ 2.5, 1, 3.5, 2 ], "texture": "#texture" },
        "east":  { "uv": [ 12.5, 1, 13.5, 2 ], "texture": "#texture" }
    }
},
{
    "from": [ 7.5, 15, 3.5 ],
    "to": [ 8.5, 16, 7.5 ],
    "__comment": "N",
    "faces": {
        "down":  { "uv": [ 7.5, 7.5, 8.5, 3.5 ], "texture": "#texture" },
        "up":    { "uv": [ 7.5, 3.5, 8.5, 7.5 ], "texture": "#texture" },
        "north": { "uv": [ 7.5, 0, 8.5, 1 ], "texture": "#texture" },
        "south": { "uv": [ 7.5, 0, 8.5, 1 ], "texture": "#texture" },
        "west":  { "uv": [ 3.5, 0, 7.5, 1 ], "texture": "#texture" },
        "east":  { "uv": [ 8.5, 0, 12.5, 1 ], "texture": "#texture" }
    }
},
{
    "from": [ 7.5, 3, 8.5 ],
    "to": [ 8.5, 15, 9.5 ],
    "__comment": "N",
    "faces": {
        "down":  { "uv": [ 7.5, 9.5, 8.5, 8.5 ], "texture": "#texture" },
        "up":    { "uv": [ 7.5, 8.5, 8.5, 9.5 ], "texture": "#texture" },
        "north": { "uv": [ 7.5, 1, 8.5, 13 ], "texture": "#texture" },
        "south": { "uv": [ 7.5, 1, 8.5, 13 ], "texture": "#texture" },
        "west":  { "uv": [ 8.5, 1, 9.5, 13 ], "texture": "#texture" },
        "east":  { "uv": [ 6.5, 1, 7.5, 13 ], "texture": "#texture" }
    }
},
{
    "from": [ 7.5, 2, 2 ],
    "to": [ 8.5, 14, 3 ],
    "__comment": "N",
    "faces": {
        "down":  { "uv": [ 7.5, 3, 8.5, 2 ], "texture": "#texture" },
        "up":    { "uv": [ 7.5, 2, 8.5, 3 ], "texture": "#texture" },
        "north": { "uv": [ 7.5, 2, 8.5, 14 ], "texture": "#texture" },
        "south": { "uv": [ 7.5, 2, 8.5, 14 ], "texture": "#texture" },
        "west":  { "uv": [ 2, 2, 3, 14 ], "texture": "#texture" },
        "east":  { "uv": [ 13, 2, 14, 14 ], "texture": "#texture" }
    }
},
{
    "from": [ 7.5, 2, 8.5 ],
    "to": [ 8.5, 3, 13 ],
    "__comment": "N",
    "faces": {
        "down":  { "uv": [ 7.5, 13, 8.5, 8.5 ], "texture": "#texture" },
        "up":    { "uv": [ 7.5, 8.5, 8.5, 13 ], "texture": "#texture" },
        "north": { "uv": [ 7.5, 13, 8.5, 14 ], "texture": "#texture" },
        "south": { "uv": [ 7.5, 13, 8.5, 14 ], "texture": "#texture" },
        "west":  { "uv": [ 8.5, 13, 13, 14 ], "texture": "#texture" },
        "east":  { "uv": [ 3, 13, 7.5, 14 ], "texture": "#texture" }
    }
},
{
    "from": [ 7, 0, 14.5 ],
    "to": [ 9, 16, 16 ],
    "__comment": "Posts",
    "faces": {
        "down":  { "uv": [ 1, 2.5, 3, 1 ], "texture": "#texture" },
        "up":    { "uv": [ 0.5, 0.5, 2.5, 2 ], "texture": "#texture" },
        "north": { "uv": [ 7, 0, 9, 16 ], "texture": "#texture" },
        "south": { "uv": [ 7, 0, 9, 16 ], "texture": "#texture" },
        "west":  { "uv": [ 14.5, 0, 16, 16 ], "texture": "#side" },
        "east":  { "uv": [ 0, 0, 1.5, 16 ], "texture": "#side" }
    }
},
{
    "from": [ 7, 0, 0 ],
    "to": [ 9, 16, 1.5 ],
    "__comment": "Posts",
    "faces": {
        "down":  { "uv": [ 0.5, 2.5, 2.5, 1 ], "texture": "#texture" },
        "up":    { "uv": [ 1, 0.5, 3, 2 ], "texture": "#texture" },
        "north": { "uv": [ 7, 0, 9, 16 ], "texture": "#texture" },
        "south": { "uv": [ 7, 0, 9, 16 ], "texture": "#texture" },
        "west":  { "uv": [ 0, 0, 1.5, 16 ], "texture": "#side" },
        "east":  { "uv": [ 14.5, 0, 16, 16 ], "texture": "#side" }
    }
},
{
    "from": [ 7.5, 2, 3 ],
    "to": [ 8.5, 3, 7.5 ],
    "__comment": "N",
    "faces": {
        "down":  { "uv": [ 7.5, 7.5, 8.5, 3 ], "texture": "#texture" },
        "up":    { "uv": [ 7.5, 3, 8.5, 7.5 ], "texture": "#texture" },
        "north": { "uv": [ 7.5, 13, 8.5, 14 ], "texture": "#texture" },
        "south": { "uv": [ 7.5, 13, 8.5, 14 ], "texture": "#texture" },
        "west":  { "uv": [ 3, 13, 7.5, 14 ], "texture": "#texture" },
        "east":  { "uv": [ 8.5, 13, 13, 14 ], "texture": "#texture" }
    }
},
{
    "from": [ 8, 8.5, 3.5 ],
    "to": [ 8, 9, 4.5 ],
    "faces": {
        "west":  { "uv": [ 3.5, 7, 4.5, 7.5 ], "texture": "#side" },
        "east":  { "uv": [ 11.5, 7, 12.5, 7.5 ], "texture": "#side" }
    }
},
{
    "from": [ 8, 3, 5.5 ],
    "to": [ 8, 4, 6.5 ],
    "faces": {
        "west":  { "uv": [ 5.5, 12, 6.5, 13 ], "texture": "#side" },
        "east":  { "uv": [ 9.5, 12, 10.5, 13 ], "texture": "#side" }
    }
},
{
    "from": [ 8, 4, 5 ],
    "to": [ 8, 4.5, 6 ],
    "faces": {
        "west":  { "uv": [ 5, 11.5, 6, 12 ], "texture": "#side" },
        "east":  { "uv": [ 10, 11.5, 11, 12 ], "texture": "#side" }
    }
},
{
    "from": [ 8, 3, 3 ],
    "to": [ 8, 4, 4 ],
    "faces": {
        "west":  { "uv": [ 3, 12, 4, 13 ], "texture": "#side" },
        "east":  { "uv": [ 12, 12, 13, 13 ], "texture": "#side" }
    }
},
{
    "from": [ 8, 4, 3.5 ],
    "to": [ 8, 4.5, 4.5 ],
    "faces": {
        "west":  { "uv": [ 3.5, 11.5, 4.5, 12 ], "texture": "#side" },
        "east":  { "uv": [ 11.5, 11.5, 12.5, 12 ], "texture": "#side" }
    }
},
{
    "from": [ 8, 7.5, 4 ],
    "to": [ 8, 8.5, 5.5 ],
    "faces": {
        "west":  { "uv": [ 4, 7.5, 5.5, 8.5 ], "texture": "#side" },
        "east":  { "uv": [ 10.5, 7.5, 12, 8.5 ], "texture": "#side" }
    }
},
{
    "from": [ 8, 8.5, 5 ],
    "to": [ 8, 9, 6 ],
    "faces": {
        "west":  { "uv": [ 5, 7, 6, 7.5 ], "texture": "#side" },
        "east":  { "uv": [ 10, 7, 11, 7.5 ], "texture": "#side" }
    }
},
{
    "from": [ 8, 7, 3.5 ],
    "to": [ 8, 7.5, 4.5 ],
    "faces": {
        "west":  { "uv": [ 3.5, 8.5, 4.5, 9 ], "texture": "#side" },
        "east":  { "uv": [ 11.5, 8.5, 12.5, 9 ], "texture": "#side" }
    }
},
{
    "from": [ 8, 7, 5 ],
    "to": [ 8, 7.5, 6 ],
    "faces": {
        "west":  { "uv": [ 5, 8.5, 6, 9 ], "texture": "#side" },
        "east":  { "uv": [ 10, 8.5, 11, 9 ], "texture": "#side" }
    }
},
{
    "from": [ 8, 6, 3 ],
    "to": [ 8, 7, 4 ],
    "faces": {
        "west":  { "uv": [ 3, 9, 4, 10 ], "texture": "#side" },
        "east":  { "uv": [ 12, 9, 13, 10 ], "texture": "#side" }
    }
},
{
    "from": [ 8, 6, 5.5 ],
    "to": [ 8, 7, 6.5 ],
    "faces": {
        "west":  { "uv": [ 5.5, 9, 6.5, 10 ], "texture": "#side" },
        "east":  { "uv": [ 9.5, 9, 10.5, 10 ], "texture": "#side" }
    }
},
{
    "from": [ 8, 5.5, 3.5 ],
    "to": [ 8, 6, 4.5 ],
    "faces": {
        "west":  { "uv": [ 3.5, 10, 4.5, 10.5 ], "texture": "#side" },
        "east":  { "uv": [ 11.5, 10, 12.5, 10.5 ], "texture": "#side" }
    }
},
{
    "from": [ 8, 5.5, 5 ],
    "to": [ 8, 6, 6 ],
    "faces": {
        "west":  { "uv": [ 5, 10, 6, 10.5 ], "texture": "#side" },
        "east":  { "uv": [ 10, 10, 11, 10.5 ], "texture": "#side" }
    }
},
{
    "from": [ 8, 4.5, 4 ],
    "to": [ 8, 5.5, 5.5 ],
    "faces": {
        "west":  { "uv": [ 4, 10.5, 5.5, 11.5 ], "texture": "#side" },
        "east":  { "uv": [ 10.5, 10.5, 12, 11.5 ], "texture": "#side" }
    }
},
{
    "from": [ 8, 14.5, 3.5 ],
    "to": [ 8, 15, 4.5 ],
    "faces": {
        "west":  { "uv": [ 3.5, 1, 4.5, 1.5 ], "texture": "#side" },
        "east":  { "uv": [ 11.5, 1, 12.5, 1.5 ], "texture": "#side" }
    }
},
{
    "from": [ 8, 9, 5.5 ],
    "to": [ 8, 10, 6.5 ],
    "faces": {
        "west":  { "uv": [ 5.5, 6, 6.5, 7 ], "texture": "#side" },
        "east":  { "uv": [ 9.5, 6, 10.5, 7 ], "texture": "#side" }
    }
},
{
    "from": [ 8, 10, 5 ],
    "to": [ 8, 10.5, 6 ],
    "faces": {
        "west":  { "uv": [ 5, 5.5, 6, 6 ], "texture": "#side" },
        "east":  { "uv": [ 10, 5.5, 11, 6 ], "texture": "#side" }
    }
},
{
    "from": [ 8, 9, 3 ],
    "to": [ 8, 10, 4 ],
    "faces": {
        "west":  { "uv": [ 3, 6, 4, 7 ], "texture": "#side" },
        "east":  { "uv": [ 12, 6, 13, 7 ], "texture": "#side" }
    }
},
{
    "from": [ 8, 10, 3.5 ],
    "to": [ 8, 10.5, 4.5 ],
    "faces": {
        "west":  { "uv": [ 3.5, 5.5, 4.5, 6 ], "texture": "#side" },
        "east":  { "uv": [ 11.5, 5.5, 12.5, 6 ], "texture": "#side" }
    }
},
{
    "from": [ 8, 13.5, 4 ],
    "to": [ 8, 14.5, 5.5 ],
    "faces": {
        "west":  { "uv": [ 4, 1.5, 5.5, 2.5 ], "texture": "#side" },
        "east":  { "uv": [ 10.5, 1.5, 12, 2.5 ], "texture": "#side" }
    }
},
{
    "from": [ 8, 14.5, 5 ],
    "to": [ 8, 15, 6 ],
    "faces": {
        "west":  { "uv": [ 5, 1, 6, 1.5 ], "texture": "#side" },
        "east":  { "uv": [ 10, 1, 11, 1.5 ], "texture": "#side" }
    }
},
{
    "from": [ 8, 13, 3.5 ],
    "to": [ 8, 13.5, 4.5 ],
    "faces": {
        "west":  { "uv": [ 3.5, 2.5, 4.5, 3 ], "texture": "#side" },
        "east":  { "uv": [ 11.5, 2.5, 12.5, 3 ], "texture": "#side" }
    }
},
{
    "from": [ 8, 13, 5 ],
    "to": [ 8, 13.5, 6 ],
    "faces": {
        "west":  { "uv": [ 5, 2.5, 6, 3 ], "texture": "#side" },
        "east":  { "uv": [ 10, 2.5, 11, 3 ], "texture": "#side" }
    }
},
{
    "from": [ 8, 12, 3 ],
    "to": [ 8, 13, 4 ],
    "faces": {
        "west":  { "uv": [ 3, 3, 4, 4 ], "texture": "#side" },
        "east":  { "uv": [ 12, 3, 13, 4 ], "texture": "#side" }
    }
},
{
    "from": [ 8, 12, 5.5 ],
    "to": [ 8, 13, 6.5 ],
    "faces": {
        "west":  { "uv": [ 5.5, 3, 6.5, 4 ], "texture": "#side" },
        "east":  { "uv": [ 9.5, 3, 10.5, 4 ], "texture": "#side" }
    }
},
{
    "from": [ 8, 11.5, 3.5 ],
    "to": [ 8, 12, 4.5 ],
    "faces": {
        "west":  { "uv": [ 3.5, 4, 4.5, 4.5 ], "texture": "#side" },
        "east":  { "uv": [ 11.5, 4, 12.5, 4.5 ], "texture": "#side" }
    }
},
{
    "from": [ 8, 11.5, 5 ],
    "to": [ 8, 12, 6 ],
    "faces": {
        "west":  { "uv": [ 5, 4, 6, 4.5 ], "texture": "#side" },
        "east":  { "uv": [ 10, 4, 11, 4.5 ], "texture": "#side" }
    }
},
{
    "from": [ 8, 10.5, 4 ],
    "to": [ 8, 11.5, 5.5 ],
    "faces": {
        "west":  { "uv": [ 4, 4.5, 5.5, 5.5 ], "texture": "#side" },
        "east":  { "uv": [ 10.5, 4.5, 12, 5.5 ], "texture": "#side" }
    }
},
{
    "from": [ 8, 8.5, 10 ],
    "to": [ 8, 9, 11 ],
    "faces": {
        "west":  { "uv": [ 10, 7, 11, 7.5 ], "texture": "#side" },
        "east":  { "uv": [ 5, 7, 6, 7.5 ], "texture": "#side" }
    }
},
{
    "from": [ 8, 3, 12 ],
    "to": [ 8, 4, 13 ],
    "faces": {
        "west":  { "uv": [ 12, 12, 13, 13 ], "texture": "#side" },
        "east":  { "uv": [ 3, 12, 4, 13 ], "texture": "#side" }
    }
},
{
    "from": [ 8, 4, 11.5 ],
    "to": [ 8, 4.5, 12.5 ],
    "faces": {
        "west":  { "uv": [ 11.5, 11.5, 12.5, 12 ], "texture": "#side" },
        "east":  { "uv": [ 3.5, 11.5, 4.5, 12 ], "texture": "#side" }
    }
},
{
    "from": [ 8, 3, 9.5 ],
    "to": [ 8, 4, 10.5 ],
    "faces": {
        "west":  { "uv": [ 9.5, 12, 10.5, 13 ], "texture": "#side" },
        "east":  { "uv": [ 5.5, 12, 6.5, 13 ], "texture": "#side" }
    }
},
{
    "from": [ 8, 4, 10 ],
    "to": [ 8, 4.5, 11 ],
    "faces": {
        "west":  { "uv": [ 10, 11.5, 11, 12 ], "texture": "#side" },
        "east":  { "uv": [ 5, 11.5, 6, 12 ], "texture": "#side" }
    }
},
{
    "from": [ 8, 7.5, 10.5 ],
    "to": [ 8, 8.5, 12 ],
    "faces": {
        "west":  { "uv": [ 10.5, 7.5, 12, 8.5 ], "texture": "#side" },
        "east":  { "uv": [ 4, 7.5, 5.5, 8.5 ], "texture": "#side" }
    }
},
{
    "from": [ 8, 8.5, 11.5 ],
    "to": [ 8, 9, 12.5 ],
    "faces": {
        "west":  { "uv": [ 11.5, 7, 12.5, 7.5 ], "texture": "#side" },
        "east":  { "uv": [ 3.5, 7, 4.5, 7.5 ], "texture": "#side" }
    }
},
{
    "from": [ 8, 7, 10 ],
    "to": [ 8, 7.5, 11 ],
    "faces": {
        "west":  { "uv": [ 10, 8.5, 11, 9 ], "texture": "#side" },
        "east":  { "uv": [ 5, 8.5, 6, 9 ], "texture": "#side" }
    }
},
{
    "from": [ 8, 7, 11.5 ],
    "to": [ 8, 7.5, 12.5 ],
    "faces": {
        "west":  { "uv": [ 11.5, 8.5, 12.5, 9 ], "texture": "#side" },
        "east":  { "uv": [ 3.5, 8.5, 4.5, 9 ], "texture": "#side" }
    }
},
{
    "from": [ 8, 6, 9.5 ],
    "to": [ 8, 7, 10.5 ],
    "faces": {
        "west":  { "uv": [ 9.5, 9, 10.5, 10 ], "texture": "#side" },
        "east":  { "uv": [ 5.5, 9, 6.5, 10 ], "texture": "#side" }
    }
},
{
    "from": [ 8, 6, 12 ],
    "to": [ 8, 7, 13 ],
    "faces": {
        "west":  { "uv": [ 12, 9, 13, 10 ], "texture": "#side" },
        "east":  { "uv": [ 3, 9, 4, 10 ], "texture": "#side" }
    }
},
{
    "from": [ 8, 5.5, 10 ],
    "to": [ 8, 6, 11 ],
    "faces": {
        "west":  { "uv": [ 10, 10, 11, 10.5 ], "texture": "#side" },
        "east":  { "uv": [ 5, 10, 6, 10.5 ], "texture": "#side" }
    }
},
{
    "from": [ 8, 5.5, 11.5 ],
    "to": [ 8, 6, 12.5 ],
    "faces": {
        "west":  { "uv": [ 11.5, 10, 12.5, 10.5 ], "texture": "#side" },
        "east":  { "uv": [ 3.5, 10, 4.5, 10.5 ], "texture": "#side" }
    }
},
{
    "from": [ 8, 4.5, 10.5 ],
    "to": [ 8, 5.5, 12 ],
    "faces": {
        "west":  { "uv": [ 10.5, 10.5, 12, 11.5 ], "texture": "#side" },
        "east":  { "uv": [ 4, 10.5, 5.5, 11.5 ], "texture": "#side" }
    }
},
{
    "from": [ 8, 14.5, 10 ],
    "to": [ 8, 15, 11 ],
    "faces": {
        "west":  { "uv": [ 10, 1, 11, 1.5 ], "texture": "#side" },
        "east":  { "uv": [ 5, 1, 6, 1.5 ], "texture": "#side" }
    }
},
{
    "from": [ 8, 9, 12 ],
    "to": [ 8, 10, 13 ],
    "faces": {
        "west":  { "uv": [ 12, 6, 13, 7 ], "texture": "#side" },
        "east":  { "uv": [ 3, 6, 4, 7 ], "texture": "#side" }
    }
},
{
    "from": [ 8, 10, 11.5 ],
    "to": [ 8, 10.5, 12.5 ],
    "faces": {
        "west":  { "uv": [ 11.5, 5.5, 12.5, 6 ], "texture": "#side" },
        "east":  { "uv": [ 3.5, 5.5, 4.5, 6 ], "texture": "#side" }
    }
},
{
    "from": [ 8, 9, 9.5 ],
    "to": [ 8, 10, 10.5 ],
    "faces": {
        "west":  { "uv": [ 9.5, 6, 10.5, 7 ], "texture": "#side" },
        "east":  { "uv": [ 5.5, 6, 6.5, 7 ], "texture": "#side" }
    }
},
{
    "from": [ 8, 10, 10 ],
    "to": [ 8, 10.5, 11 ],
    "faces": {
        "west":  { "uv": [ 10, 5.5, 11, 6 ], "texture": "#side" },
        "east":  { "uv": [ 5, 5.5, 6, 6 ], "texture": "#side" }
    }
},
{
    "from": [ 8, 13.5, 10.5 ],
    "to": [ 8, 14.5, 12 ],
    "faces": {
        "west":  { "uv": [ 10.5, 1.5, 12, 2.5 ], "texture": "#side" },
        "east":  { "uv": [ 4, 1.5, 5.5, 2.5 ], "texture": "#side" }
    }
},
{
    "from": [ 8, 14.5, 11.5 ],
    "to": [ 8, 15, 12.5 ],
    "faces": {
        "west":  { "uv": [ 11.5, 1, 12.5, 1.5 ], "texture": "#side" },
        "east":  { "uv": [ 3.5, 1, 4.5, 1.5 ], "texture": "#side" }
    }
},
{
    "from": [ 8, 13, 10 ],
    "to": [ 8, 13.5, 11 ],
    "faces": {
        "west":  { "uv": [ 10, 2.5, 11, 3 ], "texture": "#side" },
        "east":  { "uv": [ 5, 2.5, 6, 3 ], "texture": "#side" }
    }
},
{
    "from": [ 8, 13, 11.5 ],
    "to": [ 8, 13.5, 12.5 ],
    "faces": {
        "west":  { "uv": [ 11.5, 2.5, 12.5, 3 ], "texture": "#side" },
        "east":  { "uv": [ 3.5, 2.5, 4.5, 3 ], "texture": "#side" }
    }
},
{
    "from": [ 8, 12, 9.5 ],
    "to": [ 8, 13, 10.5 ],
    "faces": {
        "west":  { "uv": [ 9.5, 3, 10.5, 4 ], "texture": "#side" },
        "east":  { "uv": [ 5.5, 3, 6.5, 4 ], "texture": "#side" }
    }
},
{
    "from": [ 8, 12, 12 ],
    "to": [ 8, 13, 13 ],
    "faces": {
        "west":  { "uv": [ 12, 3, 13, 4 ], "texture": "#side" },
        "east":  { "uv": [ 3, 3, 4, 4 ], "texture": "#side" }
    }
},
{
    "from": [ 8, 11.5, 10 ],
    "to": [ 8, 12, 11 ],
    "faces": {
        "west":  { "uv": [ 10, 4, 11, 4.5 ], "texture": "#side" },
        "east":  { "uv": [ 5, 4, 6, 4.5 ], "texture": "#side" }
    }
},
{
    "from": [ 8, 11.5, 11.5 ],
    "to": [ 8, 12, 12.5 ],
    "faces": {
        "west":  { "uv": [ 11.5, 4, 12.5, 4.5 ], "texture": "#side" },
        "east":  { "uv": [ 3.5, 4, 4.5, 4.5 ], "texture": "#side" }
    }
},
{
    "from": [ 8, 10.5, 10.5 ],
    "to": [ 8, 11.5, 12 ],
    "faces": {
        "west":  { "uv": [ 10.5, 4.5, 12, 5.5 ], "texture": "#side" },
        "east":  { "uv": [ 4, 4.5, 5.5, 5.5 ], "texture": "#side" }
    }
},
{
    "from": [ 7.75, 10, 1.5 ],
    "to": [ 8.25, 12, 2 ],
    "__comment": "Hinges",
    "faces": {
        "down":  { "uv": [ 7.5, 3.5, 8, 3 ], "texture": "#iron" },
        "up":    { "uv": [ 7.5, 3, 8, 3.5 ], "texture": "#iron" },
        "north": { "uv": [ 8, 4, 7.5, 6 ], "texture": "#iron" },
        "south": { "uv": [ 7.5, 4, 8, 6 ], "texture": "#iron" },
        "west":  { "uv": [ 3, 4, 3.5, 6 ], "texture": "#iron" },
        "east":  { "uv": [ 3.5, 4, 3, 6 ], "texture": "#iron" }
    }
},
{
    "from": [ 7.75, 4, 14 ],
    "to": [ 8.25, 6, 14.5 ],
    "__comment": "Hinges",
    "faces": {
        "down":  { "uv": [ 7.5, 13, 8, 12.5 ], "texture": "#iron" },
        "up":    { "uv": [ 7.5, 12.5, 8, 13 ], "texture": "#iron" },
        "north": { "uv": [ 8, 10, 7.5, 12 ], "texture": "#iron" },
        "south": { "uv": [ 7.5, 10, 8, 12 ], "texture": "#iron" },
        "west":  { "uv": [ 12.5, 10, 13, 12 ], "texture": "#iron" },
        "east":  { "uv": [ 13, 10, 12.5, 12 ], "texture": "#iron" }
    }
},
{
    "from": [ 7.75, 4, 1.5 ],
    "to": [ 8.25, 6, 2 ],
    "__comment": "Hinges",
    "faces": {
        "down":  { "uv": [ 7.5, 3.5, 8, 3 ], "texture": "#iron" },
        "up":    { "uv": [ 7.5, 3, 8, 3.5 ], "texture": "#iron" },
        "north": { "uv": [ 8, 10, 7.5, 12 ], "texture": "#iron" },
        "south": { "uv": [ 7.5, 10, 8, 12 ], "texture": "#iron" },
        "west":  { "uv": [ 3, 10, 3.5, 12 ], "texture": "#iron" },
        "east":  { "uv": [ 3.5, 10, 3, 12 ], "texture": "#iron" }
    }
},
{
    "from": [ 7.75, 10, 14 ],
    "to": [ 8.25, 12, 14.5 ],
    "__comment": "Hinges",
    "faces": {
        "down":  { "uv": [ 7.5, 13, 8, 12.5 ], "texture": "#iron" },
        "up":    { "uv": [ 7.5, 12.5, 8, 13 ], "texture": "#iron" },
        "north": { "uv": [ 8, 4, 7.5, 6 ], "texture": "#iron" },
        "south": { "uv": [ 7.5, 4, 8, 6 ], "texture": "#iron" },
        "west":  { "uv": [ 12.5, 4, 13, 6 ], "texture": "#iron" },
        "east":  { "uv": [ 13, 4, 12.5, 6 ], "texture": "#iron" }
    }
}
]
}