{
"__comment": "Designed by Jugbot with BDcraft Cubik PRO 0.76 Beta - http://bdcraft.net",
"textures": {
    "particle": "blocks/fence_birch_top",
    "texture": "blocks/fence_birch_top",
    "side": "blocks/fence_birch"
},
"elements": [ 
{
    "from": [ 14.5, 0, 7 ],
    "to": [ 16, 16, 9 ],
    "__comment": "E",
    "faces": {
        "down":  { "uv": [ 0.5, 2.5, 2, 0.5 ], "texture": "#texture" },
        "up":    { "uv": [ 0, 0, 1.5, 2 ], "texture": "#texture" },
        "north": { "uv": [ 0, 0, 1.5, 16 ], "texture": "#side" },
        "south": { "uv": [ 14.5, 0, 16, 16 ], "texture": "#side" },
        "west":  { "uv": [ 7, 0, 9, 16 ], "texture": "#texture" },
        "east":  { "uv": [ 7, 0, 9, 16 ], "texture": "#texture" }
    }
},
{
    "from": [ 7, 0, 0 ],
    "to": [ 9, 16, 1.5 ],
    "__comment": "N",
    "faces": {
        "down":  { "uv": [ 0.5, 2.5, 2.5, 1 ], "texture": "#texture" },
        "up":    { "uv": [ 1, 0.5, 3, 2 ], "texture": "#texture" },
        "north": { "uv": [ 7, 0, 9, 16 ], "texture": "#texture" },
        "south": { "uv": [ 7, 0, 9, 16 ], "texture": "#texture" },
        "west":  { "uv": [ 0, 0, 1.5, 16 ], "texture": "#side" },
        "east":  { "uv": [ 14.5, 0, 16, 16 ], "texture": "#side" }
    }
},
{
    "from": [ 9.5, 15, 7.5 ],
    "to": [ 14.5, 16, 8.5 ],
    "__comment": "E",
    "faces": {
        "down":  { "uv": [ 9.5, 8.5, 14.5, 7.5 ], "texture": "#texture" },
        "up":    { "uv": [ 9.5, 7.5, 14.5, 8.5 ], "texture": "#texture" },
        "north": { "uv": [ 1.5, 0, 6.5, 1 ], "texture": "#side" },
        "south": { "uv": [ 9.5, 0, 14.5, 1 ], "texture": "#side" }
    }
},
{
    "from": [ 7.5, 15, 1.5 ],
    "to": [ 8.5, 16, 6.5 ],
    "__comment": "N",
    "faces": {
        "down":  { "uv": [ 7.5, 6.5, 8.5, 1.5 ], "texture": "#texture" },
        "up":    { "uv": [ 7.5, 1.5, 8.5, 6.5 ], "texture": "#texture" },
        "west":  { "uv": [ 1.5, 0, 6.5, 1 ], "texture": "#side" },
        "east":  { "uv": [ 9.5, 0, 14.5, 1 ], "texture": "#side" }
    }
},
{
    "from": [ 9.5, 0, 7.5 ],
    "to": [ 14.5, 1, 8.5 ],
    "__comment": "E",
    "faces": {
        "down":  { "uv": [ 9.5, 8.5, 14.5, 7.5 ], "texture": "#texture" },
        "up":    { "uv": [ 9.5, 7.5, 14.5, 8.5 ], "texture": "#texture" },
        "north": { "uv": [ 1.5, 15, 6.5, 16 ], "texture": "#side" },
        "south": { "uv": [ 9.5, 15, 14.5, 16 ], "texture": "#side" }
    }
},
{
    "from": [ 7.5, 0, 1.5 ],
    "to": [ 8.5, 1, 6.5 ],
    "__comment": "N",
    "faces": {
        "down":  { "uv": [ 7.5, 6.5, 8.5, 1.5 ], "texture": "#texture" },
        "up":    { "uv": [ 7.5, 1.5, 8.5, 6.5 ], "texture": "#texture" },
        "west":  { "uv": [ 1.5, 15, 6.5, 16 ], "texture": "#side" },
        "east":  { "uv": [ 9.5, 15, 14.5, 16 ], "texture": "#side" }
    }
},
{
    "from": [ 6.5, 0, 6.5 ],
    "to": [ 9.5, 16, 9.5 ],
    "__comment": "Center",
    "faces": {
        "down":  { "uv": [ 0, 3, 3, 0 ], "texture": "#texture" },
        "up":    { "uv": [ 0, 0, 3, 3 ], "texture": "#texture" },
        "north": { "uv": [ 9.5, 0, 6.5, 16 ], "texture": "#texture" },
        "south": { "uv": [ 6.5, 0, 9.5, 16 ], "texture": "#texture" },
        "west":  { "uv": [ 6.5, 0, 9.5, 16 ], "texture": "#texture" },
        "east":  { "uv": [ 9.5, 0, 6.5, 16 ], "texture": "#texture" }
    }
},
{
    "from": [ 8, 4, 3.5 ],
    "to": [ 8, 4.5, 4.5 ],
    "__comment": "NNN",
    "faces": {
        "west":  { "uv": [ 3.5, 11.5, 4.5, 12 ], "texture": "#side" },
        "east":  { "uv": [ 11.5, 11.5, 12.5, 12 ], "texture": "#side" }
    }
},
{
    "from": [ 8, 2.5, 2 ],
    "to": [ 8, 3, 3 ],
    "__comment": "NNN",
    "faces": {
        "west":  { "uv": [ 2, 13, 3, 13.5 ], "texture": "#side" },
        "east":  { "uv": [ 13, 13, 14, 13.5 ], "texture": "#side" }
    }
},
{
    "from": [ 8, 2.5, 3.5 ],
    "to": [ 8, 3, 4.5 ],
    "__comment": "NNN",
    "faces": {
        "west":  { "uv": [ 3.5, 13, 4.5, 13.5 ], "texture": "#side" },
        "east":  { "uv": [ 11.5, 13, 12.5, 13.5 ], "texture": "#side" }
    }
},
{
    "from": [ 8, 2.5, 5 ],
    "to": [ 8, 3, 6 ],
    "__comment": "NNN",
    "faces": {
        "west":  { "uv": [ 5, 13, 6, 13.5 ], "texture": "#side" },
        "east":  { "uv": [ 10, 13, 11, 13.5 ], "texture": "#side" }
    }
},
{
    "from": [ 8, 1.5, 4 ],
    "to": [ 8, 2.5, 5.5 ],
    "__comment": "NNN",
    "faces": {
        "west":  { "uv": [ 4, 13.5, 5.5, 14.5 ], "texture": "#side" },
        "east":  { "uv": [ 10.5, 13.5, 12, 14.5 ], "texture": "#side" }
    }
},
{
    "from": [ 8, 1.5, 1.5 ],
    "to": [ 8, 2.5, 2.5 ],
    "__comment": "NNN",
    "faces": {
        "west":  { "uv": [ 1.5, 13.5, 2.5, 14.5 ], "texture": "#side" },
        "east":  { "uv": [ 13.5, 13.5, 14.5, 14.5 ], "texture": "#side" }
    }
},
{
    "from": [ 8, 3, 5.5 ],
    "to": [ 8, 4, 7 ],
    "__comment": "NNN",
    "faces": {
        "west":  { "uv": [ 5.5, 12, 7, 13 ], "texture": "#side" },
        "east":  { "uv": [ 9, 12, 10.5, 13 ], "texture": "#side" }
    }
},
{
    "from": [ 8, 4, 5 ],
    "to": [ 8, 4.5, 6 ],
    "__comment": "NNN",
    "faces": {
        "west":  { "uv": [ 5, 11.5, 6, 12 ], "texture": "#side" },
        "east":  { "uv": [ 10, 11.5, 11, 12 ], "texture": "#side" }
    }
},
{
    "from": [ 8, 1, 2 ],
    "to": [ 8, 1.5, 3 ],
    "__comment": "NNN",
    "faces": {
        "west":  { "uv": [ 2, 14.5, 3, 15 ], "texture": "#side" },
        "east":  { "uv": [ 13, 14.5, 14, 15 ], "texture": "#side" }
    }
},
{
    "from": [ 8, 1, 3.5 ],
    "to": [ 8, 1.5, 4.5 ],
    "__comment": "NNN",
    "faces": {
        "west":  { "uv": [ 3.5, 14.5, 4.5, 15 ], "texture": "#side" },
        "east":  { "uv": [ 11.5, 14.5, 12.5, 15 ], "texture": "#side" }
    }
},
{
    "from": [ 8, 4.5, 1.5 ],
    "to": [ 8, 5.5, 2.5 ],
    "__comment": "NNN",
    "faces": {
        "west":  { "uv": [ 1.5, 10.5, 2.5, 11.5 ], "texture": "#side" },
        "east":  { "uv": [ 13.5, 10.5, 14.5, 11.5 ], "texture": "#side" }
    }
},
{
    "from": [ 8, 3, 2.5 ],
    "to": [ 8, 4, 4 ],
    "__comment": "NNN",
    "faces": {
        "west":  { "uv": [ 2.5, 12, 4, 13 ], "texture": "#side" },
        "east":  { "uv": [ 12, 12, 13.5, 13 ], "texture": "#side" }
    }
},
{
    "from": [ 8, 4, 2 ],
    "to": [ 8, 4.5, 3 ],
    "__comment": "NNN",
    "faces": {
        "west":  { "uv": [ 2, 11.5, 3, 12 ], "texture": "#side" },
        "east":  { "uv": [ 13, 11.5, 14, 12 ], "texture": "#side" }
    }
},
{
    "from": [ 8, 5.5, 5 ],
    "to": [ 8, 6, 6 ],
    "__comment": "NNN",
    "faces": {
        "west":  { "uv": [ 5, 10, 6, 10.5 ], "texture": "#side" },
        "east":  { "uv": [ 10, 10, 11, 10.5 ], "texture": "#side" }
    }
},
{
    "from": [ 8, 5.5, 3.5 ],
    "to": [ 8, 6, 4.5 ],
    "__comment": "NNN",
    "faces": {
        "west":  { "uv": [ 3.5, 10, 4.5, 10.5 ], "texture": "#side" },
        "east":  { "uv": [ 11.5, 10, 12.5, 10.5 ], "texture": "#side" }
    }
},
{
    "from": [ 8, 5.5, 2 ],
    "to": [ 8, 6, 3 ],
    "__comment": "NNN",
    "faces": {
        "west":  { "uv": [ 2, 10, 3, 10.5 ], "texture": "#side" },
        "east":  { "uv": [ 13, 10, 14, 10.5 ], "texture": "#side" }
    }
},
{
    "from": [ 8, 1, 5 ],
    "to": [ 8, 1.5, 6 ],
    "__comment": "NNN",
    "faces": {
        "west":  { "uv": [ 5, 14.5, 6, 15 ], "texture": "#side" },
        "east":  { "uv": [ 10, 14.5, 11, 15 ], "texture": "#side" }
    }
},
{
    "from": [ 8, 13.5, 4 ],
    "to": [ 8, 14.5, 5.5 ],
    "__comment": "NNN",
    "faces": {
        "west":  { "uv": [ 4, 1.5, 5.5, 2.5 ], "texture": "#side" },
        "east":  { "uv": [ 10.5, 1.5, 12, 2.5 ], "texture": "#side" }
    }
},
{
    "from": [ 8, 13, 3.5 ],
    "to": [ 8, 13.5, 4.5 ],
    "__comment": "NNN",
    "faces": {
        "west":  { "uv": [ 3.5, 2.5, 4.5, 3 ], "texture": "#side" },
        "east":  { "uv": [ 11.5, 2.5, 12.5, 3 ], "texture": "#side" }
    }
},
{
    "from": [ 8, 14.5, 5 ],
    "to": [ 8, 15, 6 ],
    "__comment": "NNN",
    "faces": {
        "west":  { "uv": [ 5, 1, 6, 1.5 ], "texture": "#side" },
        "east":  { "uv": [ 10, 1, 11, 1.5 ], "texture": "#side" }
    }
},
{
    "from": [ 8, 11.5, 2 ],
    "to": [ 8, 12, 3 ],
    "__comment": "NNN",
    "faces": {
        "west":  { "uv": [ 2, 4, 3, 4.5 ], "texture": "#side" },
        "east":  { "uv": [ 13, 4, 14, 4.5 ], "texture": "#side" }
    }
},
{
    "from": [ 8, 11.5, 3.5 ],
    "to": [ 8, 12, 4.5 ],
    "__comment": "NNN",
    "faces": {
        "west":  { "uv": [ 3.5, 4, 4.5, 4.5 ], "texture": "#side" },
        "east":  { "uv": [ 11.5, 4, 12.5, 4.5 ], "texture": "#side" }
    }
},
{
    "from": [ 8, 11.5, 5 ],
    "to": [ 8, 12, 6 ],
    "__comment": "NNN",
    "faces": {
        "west":  { "uv": [ 5, 4, 6, 4.5 ], "texture": "#side" },
        "east":  { "uv": [ 10, 4, 11, 4.5 ], "texture": "#side" }
    }
},
{
    "from": [ 8, 10.5, 4 ],
    "to": [ 8, 11.5, 5.5 ],
    "__comment": "NNN",
    "faces": {
        "west":  { "uv": [ 4, 4.5, 5.5, 5.5 ], "texture": "#side" },
        "east":  { "uv": [ 10.5, 4.5, 12, 5.5 ], "texture": "#side" }
    }
},
{
    "from": [ 8, 10.5, 1.5 ],
    "to": [ 8, 11.5, 2.5 ],
    "__comment": "NNN",
    "faces": {
        "west":  { "uv": [ 1.5, 4.5, 2.5, 5.5 ], "texture": "#side" },
        "east":  { "uv": [ 13.5, 4.5, 14.5, 5.5 ], "texture": "#side" }
    }
},
{
    "from": [ 8, 12, 5.5 ],
    "to": [ 8, 13, 7 ],
    "__comment": "NNN",
    "faces": {
        "west":  { "uv": [ 5.5, 3, 7, 4 ], "texture": "#side" },
        "east":  { "uv": [ 9, 3, 10.5, 4 ], "texture": "#side" }
    }
},
{
    "from": [ 8, 13, 5 ],
    "to": [ 8, 13.5, 6 ],
    "__comment": "NNN",
    "faces": {
        "west":  { "uv": [ 5, 2.5, 6, 3 ], "texture": "#side" },
        "east":  { "uv": [ 10, 2.5, 11, 3 ], "texture": "#side" }
    }
},
{
    "from": [ 8, 10, 2 ],
    "to": [ 8, 10.5, 3 ],
    "__comment": "NNN",
    "faces": {
        "west":  { "uv": [ 2, 5.5, 3, 6 ], "texture": "#side" },
        "east":  { "uv": [ 13, 5.5, 14, 6 ], "texture": "#side" }
    }
},
{
    "from": [ 8, 10, 3.5 ],
    "to": [ 8, 10.5, 4.5 ],
    "__comment": "NNN",
    "faces": {
        "west":  { "uv": [ 3.5, 5.5, 4.5, 6 ], "texture": "#side" },
        "east":  { "uv": [ 11.5, 5.5, 12.5, 6 ], "texture": "#side" }
    }
},
{
    "from": [ 8, 7, 2 ],
    "to": [ 8, 7.5, 3 ],
    "__comment": "NNN",
    "faces": {
        "west":  { "uv": [ 2, 8.5, 3, 9 ], "texture": "#side" },
        "east":  { "uv": [ 13, 8.5, 14, 9 ], "texture": "#side" }
    }
},
{
    "from": [ 8, 13.5, 1.5 ],
    "to": [ 8, 14.5, 2.5 ],
    "__comment": "NNN",
    "faces": {
        "west":  { "uv": [ 1.5, 1.5, 2.5, 2.5 ], "texture": "#side" },
        "east":  { "uv": [ 13.5, 1.5, 14.5, 2.5 ], "texture": "#side" }
    }
},
{
    "from": [ 8, 14.5, 3.5 ],
    "to": [ 8, 15, 4.5 ],
    "__comment": "NNN",
    "faces": {
        "west":  { "uv": [ 3.5, 1, 4.5, 1.5 ], "texture": "#side" },
        "east":  { "uv": [ 11.5, 1, 12.5, 1.5 ], "texture": "#side" }
    }
},
{
    "from": [ 8, 12, 2.5 ],
    "to": [ 8, 13, 4 ],
    "__comment": "NNN",
    "faces": {
        "west":  { "uv": [ 2.5, 3, 4, 4 ], "texture": "#side" },
        "east":  { "uv": [ 12, 3, 13.5, 4 ], "texture": "#side" }
    }
},
{
    "from": [ 8, 13, 2 ],
    "to": [ 8, 13.5, 3 ],
    "__comment": "NNN",
    "faces": {
        "west":  { "uv": [ 2, 2.5, 3, 3 ], "texture": "#side" },
        "east":  { "uv": [ 13, 2.5, 14, 3 ], "texture": "#side" }
    }
},
{
    "from": [ 8, 14.5, 2 ],
    "to": [ 8, 15, 3 ],
    "__comment": "NNN",
    "faces": {
        "west":  { "uv": [ 2, 1, 3, 1.5 ], "texture": "#side" },
        "east":  { "uv": [ 13, 1, 14, 1.5 ], "texture": "#side" }
    }
},
{
    "from": [ 8, 6, 5.5 ],
    "to": [ 8, 7, 7 ],
    "__comment": "NNN",
    "faces": {
        "west":  { "uv": [ 5.5, 9, 7, 10 ], "texture": "#side" },
        "east":  { "uv": [ 9, 9, 10.5, 10 ], "texture": "#side" }
    }
},
{
    "from": [ 8, 7, 5 ],
    "to": [ 8, 7.5, 6 ],
    "__comment": "NNN",
    "faces": {
        "west":  { "uv": [ 5, 8.5, 6, 9 ], "texture": "#side" },
        "east":  { "uv": [ 10, 8.5, 11, 9 ], "texture": "#side" }
    }
},
{
    "from": [ 8, 8.5, 5 ],
    "to": [ 8, 9, 6 ],
    "__comment": "NNN",
    "faces": {
        "west":  { "uv": [ 5, 7, 6, 7.5 ], "texture": "#side" },
        "east":  { "uv": [ 10, 7, 11, 7.5 ], "texture": "#side" }
    }
},
{
    "from": [ 8, 9, 5.5 ],
    "to": [ 8, 10, 7 ],
    "__comment": "NNN",
    "faces": {
        "west":  { "uv": [ 5.5, 6, 7, 7 ], "texture": "#side" },
        "east":  { "uv": [ 9, 6, 10.5, 7 ], "texture": "#side" }
    }
},
{
    "from": [ 8, 10, 5 ],
    "to": [ 8, 10.5, 6 ],
    "__comment": "NNN",
    "faces": {
        "west":  { "uv": [ 5, 5.5, 6, 6 ], "texture": "#side" },
        "east":  { "uv": [ 10, 5.5, 11, 6 ], "texture": "#side" }
    }
},
{
    "from": [ 8, 7.5, 4 ],
    "to": [ 8, 8.5, 5.5 ],
    "__comment": "NNN",
    "faces": {
        "west":  { "uv": [ 4, 7.5, 5.5, 8.5 ], "texture": "#side" },
        "east":  { "uv": [ 10.5, 7.5, 12, 8.5 ], "texture": "#side" }
    }
},
{
    "from": [ 8, 7, 3.5 ],
    "to": [ 8, 7.5, 4.5 ],
    "__comment": "NNN",
    "faces": {
        "west":  { "uv": [ 3.5, 8.5, 4.5, 9 ], "texture": "#side" },
        "east":  { "uv": [ 11.5, 8.5, 12.5, 9 ], "texture": "#side" }
    }
},
{
    "from": [ 8, 6, 2.5 ],
    "to": [ 8, 7, 4 ],
    "__comment": "NNN",
    "faces": {
        "west":  { "uv": [ 2.5, 9, 4, 10 ], "texture": "#side" },
        "east":  { "uv": [ 12, 9, 13.5, 10 ], "texture": "#side" }
    }
},
{
    "from": [ 8, 7.5, 1.5 ],
    "to": [ 8, 8.5, 2.5 ],
    "__comment": "NNN",
    "faces": {
        "west":  { "uv": [ 1.5, 7.5, 2.5, 8.5 ], "texture": "#side" },
        "east":  { "uv": [ 13.5, 7.5, 14.5, 8.5 ], "texture": "#side" }
    }
},
{
    "from": [ 8, 8.5, 2 ],
    "to": [ 8, 9, 3 ],
    "__comment": "NNN",
    "faces": {
        "west":  { "uv": [ 2, 7, 3, 7.5 ], "texture": "#side" },
        "east":  { "uv": [ 13, 7, 14, 7.5 ], "texture": "#side" }
    }
},
{
    "from": [ 8, 8.5, 3.5 ],
    "to": [ 8, 9, 4.5 ],
    "__comment": "NNN",
    "faces": {
        "west":  { "uv": [ 3.5, 7, 4.5, 7.5 ], "texture": "#side" },
        "east":  { "uv": [ 11.5, 7, 12.5, 7.5 ], "texture": "#side" }
    }
},
{
    "from": [ 8, 9, 2.5 ],
    "to": [ 8, 10, 4 ],
    "__comment": "NNN",
    "faces": {
        "west":  { "uv": [ 2.5, 6, 4, 7 ], "texture": "#side" },
        "east":  { "uv": [ 12, 6, 13.5, 7 ], "texture": "#side" }
    }
},
{
    "from": [ 8, 4.5, 4 ],
    "to": [ 8, 5.5, 5.5 ],
    "__comment": "NNN",
    "faces": {
        "west":  { "uv": [ 4, 10.5, 5.5, 11.5 ], "texture": "#side" },
        "east":  { "uv": [ 10.5, 10.5, 12, 11.5 ], "texture": "#side" }
    }
},
{
    "from": [ 11.5, 4, 8 ],
    "to": [ 12.5, 4.5, 8 ],
    "__comment": "EEE",
    "faces": {
        "north": { "uv": [ 3.5, 11.5, 4.5, 12 ], "texture": "#side" },
        "south": { "uv": [ 11.5, 11.5, 12.5, 12 ], "texture": "#side" }
    }
},
{
    "from": [ 10, 5.5, 8 ],
    "to": [ 11, 6, 8 ],
    "__comment": "EEE",
    "faces": {
        "north": { "uv": [ 5, 10, 6, 10.5 ], "texture": "#side" },
        "south": { "uv": [ 10, 10, 11, 10.5 ], "texture": "#side" }
    }
},
{
    "from": [ 13, 2.5, 8 ],
    "to": [ 14, 3, 8 ],
    "__comment": "EEE",
    "faces": {
        "north": { "uv": [ 2, 13, 3, 13.5 ], "texture": "#side" },
        "south": { "uv": [ 13, 13, 14, 13.5 ], "texture": "#side" }
    }
},
{
    "from": [ 11.5, 2.5, 8 ],
    "to": [ 12.5, 3, 8 ],
    "__comment": "EEE",
    "faces": {
        "north": { "uv": [ 3.5, 13, 4.5, 13.5 ], "texture": "#side" },
        "south": { "uv": [ 11.5, 13, 12.5, 13.5 ], "texture": "#side" }
    }
},
{
    "from": [ 10, 2.5, 8 ],
    "to": [ 11, 3, 8 ],
    "__comment": "EEE",
    "faces": {
        "north": { "uv": [ 5, 13, 6, 13.5 ], "texture": "#side" },
        "south": { "uv": [ 10, 13, 11, 13.5 ], "texture": "#side" }
    }
},
{
    "from": [ 10.5, 1.5, 8 ],
    "to": [ 12, 2.5, 8 ],
    "__comment": "EEE",
    "faces": {
        "north": { "uv": [ 4, 13.5, 5.5, 14.5 ], "texture": "#side" },
        "south": { "uv": [ 10.5, 13.5, 12, 14.5 ], "texture": "#side" }
    }
},
{
    "from": [ 13.5, 1.5, 8 ],
    "to": [ 14.5, 2.5, 8 ],
    "__comment": "EEE",
    "faces": {
        "north": { "uv": [ 1.5, 13.5, 2.5, 14.5 ], "texture": "#side" },
        "south": { "uv": [ 13.5, 13.5, 14.5, 14.5 ], "texture": "#side" }
    }
},
{
    "from": [ 9, 3, 8 ],
    "to": [ 10.5, 4, 8 ],
    "__comment": "EEE",
    "faces": {
        "north": { "uv": [ 5.5, 12, 7, 13 ], "texture": "#side" },
        "south": { "uv": [ 9, 12, 10.5, 13 ], "texture": "#side" }
    }
},
{
    "from": [ 10, 4, 8 ],
    "to": [ 11, 4.5, 8 ],
    "__comment": "EEE",
    "faces": {
        "north": { "uv": [ 5, 11.5, 6, 12 ], "texture": "#side" },
        "south": { "uv": [ 10, 11.5, 11, 12 ], "texture": "#side" }
    }
},
{
    "from": [ 13, 1, 8 ],
    "to": [ 14, 1.5, 8 ],
    "__comment": "EEE",
    "faces": {
        "north": { "uv": [ 2, 14.5, 3, 15 ], "texture": "#side" },
        "south": { "uv": [ 13, 14.5, 14, 15 ], "texture": "#side" }
    }
},
{
    "from": [ 11.5, 1, 8 ],
    "to": [ 12.5, 1.5, 8 ],
    "__comment": "EEE",
    "faces": {
        "north": { "uv": [ 3.5, 14.5, 4.5, 15 ], "texture": "#side" },
        "south": { "uv": [ 11.5, 14.5, 12.5, 15 ], "texture": "#side" }
    }
},
{
    "from": [ 13.5, 4.5, 8 ],
    "to": [ 14.5, 5.5, 8 ],
    "__comment": "EEE",
    "faces": {
        "north": { "uv": [ 1.5, 10.5, 2.5, 11.5 ], "texture": "#side" },
        "south": { "uv": [ 13.5, 10.5, 14.5, 11.5 ], "texture": "#side" }
    }
},
{
    "from": [ 12, 3, 8 ],
    "to": [ 13.5, 4, 8 ],
    "__comment": "EEE",
    "faces": {
        "north": { "uv": [ 2.5, 12, 4, 13 ], "texture": "#side" },
        "south": { "uv": [ 12, 12, 13.5, 13 ], "texture": "#side" }
    }
},
{
    "from": [ 13, 4, 8 ],
    "to": [ 14, 4.5, 8 ],
    "__comment": "EEE",
    "faces": {
        "north": { "uv": [ 2, 11.5, 3, 12 ], "texture": "#side" },
        "south": { "uv": [ 13, 11.5, 14, 12 ], "texture": "#side" }
    }
},
{
    "from": [ 11.5, 5.5, 8 ],
    "to": [ 12.5, 6, 8 ],
    "__comment": "EEE",
    "faces": {
        "north": { "uv": [ 3.5, 10, 4.5, 10.5 ], "texture": "#side" },
        "south": { "uv": [ 11.5, 10, 12.5, 10.5 ], "texture": "#side" }
    }
},
{
    "from": [ 13, 5.5, 8 ],
    "to": [ 14, 6, 8 ],
    "__comment": "EEE",
    "faces": {
        "north": { "uv": [ 2, 10, 3, 10.5 ], "texture": "#side" },
        "south": { "uv": [ 13, 10, 14, 10.5 ], "texture": "#side" }
    }
},
{
    "from": [ 10, 1, 8 ],
    "to": [ 11, 1.5, 8 ],
    "__comment": "EEE",
    "faces": {
        "north": { "uv": [ 5, 14.5, 6, 15 ], "texture": "#side" },
        "south": { "uv": [ 10, 14.5, 11, 15 ], "texture": "#side" }
    }
},
{
    "from": [ 10.5, 13.5, 8 ],
    "to": [ 12, 14.5, 8 ],
    "__comment": "EEE",
    "faces": {
        "north": { "uv": [ 4, 1.5, 5.5, 2.5 ], "texture": "#side" },
        "south": { "uv": [ 10.5, 1.5, 12, 2.5 ], "texture": "#side" }
    }
},
{
    "from": [ 11.5, 13, 8 ],
    "to": [ 12.5, 13.5, 8 ],
    "__comment": "EEE",
    "faces": {
        "north": { "uv": [ 3.5, 2.5, 4.5, 3 ], "texture": "#side" },
        "south": { "uv": [ 11.5, 2.5, 12.5, 3 ], "texture": "#side" }
    }
},
{
    "from": [ 10, 14.5, 8 ],
    "to": [ 11, 15, 8 ],
    "__comment": "EEE",
    "faces": {
        "north": { "uv": [ 5, 1, 6, 1.5 ], "texture": "#side" },
        "south": { "uv": [ 10, 1, 11, 1.5 ], "texture": "#side" }
    }
},
{
    "from": [ 13, 11.5, 8 ],
    "to": [ 14, 12, 8 ],
    "__comment": "EEE",
    "faces": {
        "north": { "uv": [ 2, 4, 3, 4.5 ], "texture": "#side" },
        "south": { "uv": [ 13, 4, 14, 4.5 ], "texture": "#side" }
    }
},
{
    "from": [ 11.5, 11.5, 8 ],
    "to": [ 12.5, 12, 8 ],
    "__comment": "EEE",
    "faces": {
        "north": { "uv": [ 3.5, 4, 4.5, 4.5 ], "texture": "#side" },
        "south": { "uv": [ 11.5, 4, 12.5, 4.5 ], "texture": "#side" }
    }
},
{
    "from": [ 10, 11.5, 8 ],
    "to": [ 11, 12, 8 ],
    "__comment": "EEE",
    "faces": {
        "north": { "uv": [ 5, 4, 6, 4.5 ], "texture": "#side" },
        "south": { "uv": [ 10, 4, 11, 4.5 ], "texture": "#side" }
    }
},
{
    "from": [ 10.5, 10.5, 8 ],
    "to": [ 12, 11.5, 8 ],
    "__comment": "EEE",
    "faces": {
        "north": { "uv": [ 4, 4.5, 5.5, 5.5 ], "texture": "#side" },
        "south": { "uv": [ 10.5, 4.5, 12, 5.5 ], "texture": "#side" }
    }
},
{
    "from": [ 13.5, 10.5, 8 ],
    "to": [ 14.5, 11.5, 8 ],
    "__comment": "EEE",
    "faces": {
        "north": { "uv": [ 1.5, 4.5, 2.5, 5.5 ], "texture": "#side" },
        "south": { "uv": [ 13.5, 4.5, 14.5, 5.5 ], "texture": "#side" }
    }
},
{
    "from": [ 9, 12, 8 ],
    "to": [ 10.5, 13, 8 ],
    "__comment": "EEE",
    "faces": {
        "north": { "uv": [ 5.5, 3, 7, 4 ], "texture": "#side" },
        "south": { "uv": [ 9, 3, 10.5, 4 ], "texture": "#side" }
    }
},
{
    "from": [ 10, 13, 8 ],
    "to": [ 11, 13.5, 8 ],
    "__comment": "EEE",
    "faces": {
        "north": { "uv": [ 5, 2.5, 6, 3 ], "texture": "#side" },
        "south": { "uv": [ 10, 2.5, 11, 3 ], "texture": "#side" }
    }
},
{
    "from": [ 13, 10, 8 ],
    "to": [ 14, 10.5, 8 ],
    "__comment": "EEE",
    "faces": {
        "north": { "uv": [ 2, 5.5, 3, 6 ], "texture": "#side" },
        "south": { "uv": [ 13, 5.5, 14, 6 ], "texture": "#side" }
    }
},
{
    "from": [ 11.5, 10, 8 ],
    "to": [ 12.5, 10.5, 8 ],
    "__comment": "EEE",
    "faces": {
        "north": { "uv": [ 3.5, 5.5, 4.5, 6 ], "texture": "#side" },
        "south": { "uv": [ 11.5, 5.5, 12.5, 6 ], "texture": "#side" }
    }
},
{
    "from": [ 13, 7, 8 ],
    "to": [ 14, 7.5, 8 ],
    "__comment": "EEE",
    "faces": {
        "north": { "uv": [ 2, 8.5, 3, 9 ], "texture": "#side" },
        "south": { "uv": [ 13, 8.5, 14, 9 ], "texture": "#side" }
    }
},
{
    "from": [ 13.5, 13.5, 8 ],
    "to": [ 14.5, 14.5, 8 ],
    "__comment": "EEE",
    "faces": {
        "north": { "uv": [ 1.5, 1.5, 2.5, 2.5 ], "texture": "#side" },
        "south": { "uv": [ 13.5, 1.5, 14.5, 2.5 ], "texture": "#side" }
    }
},
{
    "from": [ 11.5, 14.5, 8 ],
    "to": [ 12.5, 15, 8 ],
    "__comment": "EEE",
    "faces": {
        "north": { "uv": [ 3.5, 1, 4.5, 1.5 ], "texture": "#side" },
        "south": { "uv": [ 11.5, 1, 12.5, 1.5 ], "texture": "#side" }
    }
},
{
    "from": [ 12, 12, 8 ],
    "to": [ 13.5, 13, 8 ],
    "__comment": "EEE",
    "faces": {
        "north": { "uv": [ 2.5, 3, 4, 4 ], "texture": "#side" },
        "south": { "uv": [ 12, 3, 13.5, 4 ], "texture": "#side" }
    }
},
{
    "from": [ 13, 13, 8 ],
    "to": [ 14, 13.5, 8 ],
    "__comment": "EEE",
    "faces": {
        "north": { "uv": [ 2, 2.5, 3, 3 ], "texture": "#side" },
        "south": { "uv": [ 13, 2.5, 14, 3 ], "texture": "#side" }
    }
},
{
    "from": [ 13, 14.5, 8 ],
    "to": [ 14, 15, 8 ],
    "__comment": "EEE",
    "faces": {
        "north": { "uv": [ 2, 1, 3, 1.5 ], "texture": "#side" },
        "south": { "uv": [ 13, 1, 14, 1.5 ], "texture": "#side" }
    }
},
{
    "from": [ 9, 6, 8 ],
    "to": [ 10.5, 7, 8 ],
    "__comment": "EEE",
    "faces": {
        "north": { "uv": [ 5.5, 9, 7, 10 ], "texture": "#side" },
        "south": { "uv": [ 9, 9, 10.5, 10 ], "texture": "#side" }
    }
},
{
    "from": [ 10, 7, 8 ],
    "to": [ 11, 7.5, 8 ],
    "__comment": "EEE",
    "faces": {
        "north": { "uv": [ 5, 8.5, 6, 9 ], "texture": "#side" },
        "south": { "uv": [ 10, 8.5, 11, 9 ], "texture": "#side" }
    }
},
{
    "from": [ 10, 8.5, 8 ],
    "to": [ 11, 9, 8 ],
    "__comment": "EEE",
    "faces": {
        "north": { "uv": [ 5, 7, 6, 7.5 ], "texture": "#side" },
        "south": { "uv": [ 10, 7, 11, 7.5 ], "texture": "#side" }
    }
},
{
    "from": [ 9, 9, 8 ],
    "to": [ 10.5, 10, 8 ],
    "__comment": "EEE",
    "faces": {
        "north": { "uv": [ 5.5, 6, 7, 7 ], "texture": "#side" },
        "south": { "uv": [ 9, 6, 10.5, 7 ], "texture": "#side" }
    }
},
{
    "from": [ 10, 10, 8 ],
    "to": [ 11, 10.5, 8 ],
    "__comment": "EEE",
    "faces": {
        "north": { "uv": [ 5, 5.5, 6, 6 ], "texture": "#side" },
        "south": { "uv": [ 10, 5.5, 11, 6 ], "texture": "#side" }
    }
},
{
    "from": [ 10.5, 7.5, 8 ],
    "to": [ 12, 8.5, 8 ],
    "__comment": "EEE",
    "faces": {
        "north": { "uv": [ 4, 7.5, 5.5, 8.5 ], "texture": "#side" },
        "south": { "uv": [ 10.5, 7.5, 12, 8.5 ], "texture": "#side" }
    }
},
{
    "from": [ 11.5, 7, 8 ],
    "to": [ 12.5, 7.5, 8 ],
    "__comment": "EEE",
    "faces": {
        "north": { "uv": [ 3.5, 8.5, 4.5, 9 ], "texture": "#side" },
        "south": { "uv": [ 11.5, 8.5, 12.5, 9 ], "texture": "#side" }
    }
},
{
    "from": [ 12, 6, 8 ],
    "to": [ 13.5, 7, 8 ],
    "__comment": "EEE",
    "faces": {
        "north": { "uv": [ 2.5, 9, 4, 10 ], "texture": "#side" },
        "south": { "uv": [ 12, 9, 13.5, 10 ], "texture": "#side" }
    }
},
{
    "from": [ 13.5, 7.5, 8 ],
    "to": [ 14.5, 8.5, 8 ],
    "__comment": "EEE",
    "faces": {
        "north": { "uv": [ 1.5, 7.5, 2.5, 8.5 ], "texture": "#side" },
        "south": { "uv": [ 13.5, 7.5, 14.5, 8.5 ], "texture": "#side" }
    }
},
{
    "from": [ 13, 8.5, 8 ],
    "to": [ 14, 9, 8 ],
    "__comment": "EEE",
    "faces": {
        "north": { "uv": [ 2, 7, 3, 7.5 ], "texture": "#side" },
        "south": { "uv": [ 13, 7, 14, 7.5 ], "texture": "#side" }
    }
},
{
    "from": [ 11.5, 8.5, 8 ],
    "to": [ 12.5, 9, 8 ],
    "__comment": "EEE",
    "faces": {
        "north": { "uv": [ 3.5, 7, 4.5, 7.5 ], "texture": "#side" },
        "south": { "uv": [ 11.5, 7, 12.5, 7.5 ], "texture": "#side" }
    }
},
{
    "from": [ 12, 9, 8 ],
    "to": [ 13.5, 10, 8 ],
    "__comment": "EEE",
    "faces": {
        "north": { "uv": [ 2.5, 6, 4, 7 ], "texture": "#side" },
        "south": { "uv": [ 12, 6, 13.5, 7 ], "texture": "#side" }
    }
}
]
}