{
"__comment": "Designed by Jugbot with BDcraft Cubik PRO 0.76 Beta - http://bdcraft.net",
"textures": {
    "particle": "blocks/fence_birch_top",
    "texture": "blocks/fence_birch_top",
    "side": "blocks/fence_birch"
},
"elements": [ 
{
    "from": [ 7.5, 14, 1.5 ],
    "to": [ 8.5, 15, 3 ],
    "faces": {
        "down":  { "uv": [ 7.5, 3, 8.5, 1.5 ], "texture": "#texture" },
        "up":    { "uv": [ 7.5, 1.5, 8.5, 3 ], "texture": "#texture" },
        "north": { "uv": [ 7.5, 1, 8.5, 2 ], "texture": "#texture" },
        "south": { "uv": [ 7.5, 1, 8.5, 2 ], "texture": "#texture" },
        "west":  { "uv": [ 1.5, 1, 3, 2 ], "texture": "#texture" },
        "east":  { "uv": [ 13, 1, 14.5, 2 ], "texture": "#texture" }
    }
},
{
    "from": [ 7.5, 1, 1.5 ],
    "to": [ 8.5, 2, 3 ],
    "faces": {
        "down":  { "uv": [ 7.5, 3, 8.5, 1.5 ], "texture": "#texture" },
        "up":    { "uv": [ 7.5, 1.5, 8.5, 3 ], "texture": "#texture" },
        "north": { "uv": [ 7.5, 14, 8.5, 15 ], "texture": "#texture" },
        "south": { "uv": [ 7.5, 14, 8.5, 15 ], "texture": "#texture" },
        "west":  { "uv": [ 1.5, 14, 3, 15 ], "texture": "#texture" },
        "east":  { "uv": [ 13, 14, 14.5, 15 ], "texture": "#texture" }
    }
},
{
    "from": [ 7.5, 9, 1.5 ],
    "to": [ 8.5, 10, 3 ],
    "faces": {
        "down":  { "uv": [ 7.5, 3, 8.5, 1.5 ], "texture": "#texture" },
        "up":    { "uv": [ 7.5, 1.5, 8.5, 3 ], "texture": "#texture" },
        "north": { "uv": [ 7.5, 6, 8.5, 7 ], "texture": "#texture" },
        "south": { "uv": [ 7.5, 6, 8.5, 7 ], "texture": "#texture" },
        "west":  { "uv": [ 1.5, 6, 3, 7 ], "texture": "#texture" },
        "east":  { "uv": [ 13, 6, 14.5, 7 ], "texture": "#texture" }
    }
},
{
    "from": [ 7.5, 6, 1.5 ],
    "to": [ 8.5, 7, 3 ],
    "faces": {
        "down":  { "uv": [ 7.5, 3, 8.5, 1.5 ], "texture": "#texture" },
        "up":    { "uv": [ 7.5, 1.5, 8.5, 3 ], "texture": "#texture" },
        "north": { "uv": [ 7.5, 9, 8.5, 10 ], "texture": "#texture" },
        "south": { "uv": [ 7.5, 9, 8.5, 10 ], "texture": "#texture" },
        "west":  { "uv": [ 1.5, 9, 3, 10 ], "texture": "#texture" },
        "east":  { "uv": [ 13, 9, 14.5, 10 ], "texture": "#texture" }
    }
},
{
    "from": [ 7, 0, 3 ],
    "to": [ 9, 16, 4.5 ],
    "__comment": "S",
    "faces": {
        "down":  { "uv": [ 0.5, 2.5, 2.5, 1 ], "texture": "#texture" },
        "up":    { "uv": [ 1, 1, 3, 2.5 ], "texture": "#texture" },
        "north": { "uv": [ 7, 0, 9, 16 ], "texture": "#texture" },
        "south": { "uv": [ 7, 0, 9, 16 ], "texture": "#texture" },
        "west":  { "uv": [ 0, 0, 1.5, 16 ], "texture": "#side" },
        "east":  { "uv": [ 14.5, 0, 16, 16 ], "texture": "#side" }
    }
},
{
    "from": [ 7, 0, 0 ],
    "to": [ 9, 16, 1.5 ],
    "__comment": "N",
    "faces": {
        "down":  { "uv": [ 0.5, 2.5, 2.5, 1 ], "texture": "#texture" },
        "up":    { "uv": [ 1, 0.5, 3, 2 ], "texture": "#texture" },
        "north": { "uv": [ 7, 0, 9, 16 ], "texture": "#texture" },
        "south": { "uv": [ 7, 0, 9, 16 ], "texture": "#texture" },
        "west":  { "uv": [ 0, 0, 1.5, 16 ], "texture": "#side" },
        "east":  { "uv": [ 14.5, 0, 16, 16 ], "texture": "#side" }
    }
}
]
}