{
"__comment": "Fair warning, this format is highly likely to change even more in the future!",
"ambientocclusion": false,
"textures": {
    "particle": "blocks/door_birch_lower",
    "bottom": "blocks/door_birch_lower",
    "top": "blocks/door_birch_upper"
},
"elements": [ 
{
    "from": [ 1, 3.5, 5 ],
    "to": [ 1, 12.5, 11.5 ],
    "shade": false,
    "faces": {
        "west":  { "uv": [ 11, 3.5, 4.5, 12.5 ], "texture": "#top" },
        "east":  { "uv": [ 4.5, 3.5, 11, 12.5 ], "texture": "#top" }
    }
},
{
    "from": [ 0, 0, 0 ],
    "to": [ 2, 16, 5 ],
    "faces": {
        "down":  { "uv": [ 16, 11, 14, 16 ], "texture": "#bottom", "cullface": "down" },
        "up":    { "uv": [ 16, 16, 14, 11 ], "texture": "#bottom", "cullface": "up" },
        "north": { "uv": [ 16, 0, 14, 16 ], "texture": "#bottom", "cullface": "north" },
        "south": { "uv": [ 12.5, 0, 14.5, 16 ], "texture": "#bottom", "cullface": "south" },
        "west":  { "uv": [ 16, 0, 11, 16 ], "texture": "#top", "cullface": "west" },
        "east":  { "uv": [ 11, 0, 16, 16 ], "texture": "#top" }
    }
},
{
    "from": [ 0, 0, 11.5 ],
    "to": [ 2, 16, 16 ],
    "faces": {
        "down":  { "uv": [ 16, 0, 14, 4.5 ], "texture": "#bottom", "cullface": "down" },
        "up":    { "uv": [ 16, 4.5, 14, 0 ], "texture": "#bottom", "cullface": "up" },
        "north": { "uv": [ 15, 0, 13, 16 ], "texture": "#bottom", "cullface": "north" },
        "south": { "uv": [ 0, 0, 2, 16 ], "texture": "#top", "cullface": "south" },
        "west":  { "uv": [ 4.5, 0, 0, 16 ], "texture": "#top", "cullface": "west" },
        "east":  { "uv": [ 0, 0, 4.5, 16 ], "texture": "#top" }
    }
},
{
    "from": [ 0, 0, 5 ],
    "to": [ 2, 3.5, 11.5 ],
    "faces": {
        "down":  { "uv": [ 14.5, 11, 12.5, 4.5 ], "texture": "#bottom", "cullface": "down" },
        "up":    { "uv": [ 15, 4.5, 13, 11 ], "texture": "#bottom", "cullface": "up" },
        "north": { "uv": [ 2, 12.5, 0, 16 ], "texture": "#top", "cullface": "north" },
        "south": { "uv": [ 0, 12.5, 2, 16 ], "texture": "#top", "cullface": "south" },
        "west":  { "uv": [ 4.5, 12.5, 11, 16 ], "texture": "#top", "cullface": "west" },
        "east":  { "uv": [ 11, 12.5, 4.5, 16 ], "texture": "#top" }
    }
},
{
    "from": [ 0, 12.5, 5 ],
    "to": [ 2, 16, 11.5 ],
    "faces": {
        "down":  { "uv": [ 12.5, 11, 14.5, 4.5 ], "texture": "#bottom", "cullface": "down" },
        "up":    { "uv": [ 14.5, 4.5, 12.5, 11 ], "texture": "#bottom", "cullface": "up" },
        "north": { "uv": [ 2, 0, 0, 3.5 ], "texture": "#top", "cullface": "north" },
        "south": { "uv": [ 0, 0, 2, 3.5 ], "texture": "#top", "cullface": "south" },
        "west":  { "uv": [ 4.5, 0, 11, 3.5 ], "texture": "#top", "cullface": "west" },
        "east":  { "uv": [ 11, 0, 4.5, 3.5 ], "texture": "#top" }
    }
}
]
}