{
"__comment": "3D Mesh designed with BDcraft Cubik - Version PRO 0.65 Beta",
"textures": {
    "down": "blocks/planks_oak",
    "up": "blocks/planks_oak",
    "north": "blocks/bookshelfvar",
    "south": "blocks/bookshelfvar",
    "west": "blocks/bookshelfvar",
    "east": "blocks/bookshelfvar",
    "particle": "blocks/bookshelf"
},
"elements": [ 
{
    "__comment": "n",
    "from": [ 1, 1.5, 0.5 ],
    "to": [ 2.5, 7.5, 1 ],
    "faces": {
        "down":  { "uv": [ 13.5, 11, 15, 10.5 ], "texture": "#north", "cullface": "north" },
        "up":    { "uv": [ 13.5, 14, 15, 14.5 ], "texture": "#north", "cullface": "north" },
        "north": { "uv": [ 15, 8.5, 13.5, 14.5 ], "texture": "#north", "cullface": "north" },
        "south": { "uv": [ 13.5, 8.5, 15, 14.5 ], "texture": "#north", "cullface": "north" },
        "west":  { "uv": [ 13.5, 8.5, 14, 14.5 ], "texture": "#north", "cullface": "north" },
        "east":  { "uv": [ 14, 8.5, 13.5, 14.5 ], "texture": "#north", "cullface": "north" }
    }
},
{
    "__comment": "n",
    "from": [ 2.5, 1.5, 0.25 ],
    "to": [ 5, 7.5, 1.75 ],
    "faces": {
        "down":  { "uv": [ 11, 10, 13.5, 8.5 ], "texture": "#north", "cullface": "north" },
        "up":    { "uv": [ 11, 13, 13.5, 14.5 ], "texture": "#north", "cullface": "north" },
        "north": { "uv": [ 13.5, 8.5, 11, 14.5 ], "texture": "#north", "cullface": "north" },
        "south": { "uv": [ 11, 8.5, 13.5, 14.5 ], "texture": "#north", "cullface": "north" },
        "west":  { "uv": [ 12.5, 8.5, 11, 14.5 ], "texture": "#north", "cullface": "north" },
        "east":  { "uv": [ 13.5, 8.5, 12, 14.5 ], "texture": "#north", "cullface": "north" }
    }
},
{
    "__comment": "n",
    "from": [ 5, 1.5, 2.5 ],
    "to": [ 6.5, 7.5, 4 ],
    "faces": {
        "down":  { "uv": [ 9.5, 14.5, 11, 13 ], "texture": "#north", "cullface": "north" },
        "up":    { "uv": [ 9.5, 8.5, 11, 10 ], "texture": "#north", "cullface": "north" },
        "north": { "uv": [ 11, 8.5, 9.5, 14.5 ], "texture": "#north", "cullface": "north" },
        "south": { "uv": [ 9.5, 8.5, 11, 14.5 ], "texture": "#north", "cullface": "north" },
        "west":  { "uv": [ 9.5, 8.5, 11, 14.5 ], "texture": "#north", "cullface": "north" },
        "east":  { "uv": [ 11, 8.5, 9.5, 14.5 ], "texture": "#north", "cullface": "north" }
    }
},
{
    "__comment": "n",
    "from": [ 9.5, 1.5, 0 ],
    "to": [ 11, 6.5, 4 ],
    "rotation": { "origin": [ 9.5, 1.5, 0 ], "axis": "y", "angle": -45 },
    "faces": {
        "down":  { "uv": [ 5.5, 14.5, 7, 10.5 ], "texture": "#north", "cullface": "north" },
        "up":    { "uv": [ 5.5, 9, 7, 12 ], "texture": "#north", "cullface": "north" },
        "north": { "uv": [ 7, 9.5, 5.5, 14.5 ], "texture": "#north", "cullface": "north" },
        "south": { "uv": [ 5.5, 9.5, 7, 14.5 ], "texture": "#north", "cullface": "north" },
        "west":  { "uv": [ 5.5, 9.5, 9.5, 14.5 ], "texture": "#north", "cullface": "north" },
        "east":  { "uv": [ 9.5, 9.5, 5.5, 14.5 ], "texture": "#north", "cullface": "north" }
    }
},
{
    "__comment": "n",
    "from": [ 10.5, 1.5, 0.75 ],
    "to": [ 13, 7.5, 3.25 ],
    "faces": {
        "down":  { "uv": [ 3, 14.5, 5.5, 12 ], "texture": "#north", "cullface": "north" },
        "up":    { "uv": [ 3, 8.5, 5.5, 11 ], "texture": "#north", "cullface": "north" },
        "north": { "uv": [ 5.5, 8.5, 3, 14.5 ], "texture": "#north", "cullface": "north" },
        "south": { "uv": [ 3, 8.5, 5.5, 14.5 ], "texture": "#north", "cullface": "north" },
        "west":  { "uv": [ 3, 8.5, 5.5, 14.5 ], "texture": "#north", "cullface": "north" },
        "east":  { "uv": [ 5.5, 8.5, 3, 14.5 ], "texture": "#north", "cullface": "north" }
    }
},
{
    "__comment": "n",
    "from": [ 13, 1.5, 0.5 ],
    "to": [ 15, 7.5, 1.5 ],
    "faces": {
        "down":  { "uv": [ 1, 14.5, 3, 13.5 ], "texture": "#north", "cullface": "north" },
        "up":    { "uv": [ 1, 9, 3, 10 ], "texture": "#north", "cullface": "north" },
        "north": { "uv": [ 3, 8.5, 1, 14.5 ], "texture": "#north", "cullface": "north" },
        "south": { "uv": [ 1, 8.5, 3, 14.5 ], "texture": "#north", "cullface": "north" },
        "west":  { "uv": [ 1, 8.5, 2, 14.5 ], "texture": "#north", "cullface": "north" },
        "east":  { "uv": [ 3, 8.5, 2, 14.5 ], "texture": "#north", "cullface": "north" }
    }
},
{
    "__comment": "n",
    "from": [ 5, 1.5, 1 ],
    "to": [ 6.5, 7.5, 2.5 ],
    "faces": {
        "down":  { "uv": [ 9.5, 14.5, 11, 13 ], "texture": "#north", "cullface": "north" },
        "up":    { "uv": [ 9.5, 8.5, 11, 10 ], "texture": "#north", "cullface": "north" },
        "north": { "uv": [ 11, 8.5, 9.5, 14.5 ], "texture": "#north", "cullface": "north" },
        "south": { "uv": [ 9.5, 8.5, 11, 14.5 ], "texture": "#north", "cullface": "north" },
        "west":  { "uv": [ 11, 8.5, 9.5, 14.5 ], "texture": "#north", "cullface": "north" },
        "east":  { "uv": [ 9.5, 8.5, 11, 14.5 ], "texture": "#north", "cullface": "north" }
    }
},
{
    "__comment": "e",
    "from": [ 13.5, 1.5, 5 ],
    "to": [ 15, 7.5, 6.5 ],
    "faces": {
        "down":  { "uv": [ 9.5, 11, 11, 9.5 ], "texture": "#north", "cullface": "east" },
        "up":    { "uv": [ 9.5, 13, 11, 14.5 ], "texture": "#north", "cullface": "east" },
        "north": { "uv": [ 11, 8.5, 9.5, 14.5 ], "texture": "#north", "cullface": "east" },
        "south": { "uv": [ 9.5, 8.5, 11, 14.5 ], "texture": "#north", "cullface": "east" },
        "west":  { "uv": [ 9.5, 8.5, 11, 14.5 ], "texture": "#north", "cullface": "east" },
        "east":  { "uv": [ 11, 8.5, 9.5, 14.5 ], "texture": "#north", "cullface": "east" }
    }
},
{
    "__comment": "e",
    "from": [ 15, 1.5, 1 ],
    "to": [ 15.5, 7.5, 2.5 ],
    "faces": {
        "down":  { "uv": [ 13.5, 12, 14, 10.5 ], "texture": "#north", "cullface": "east" },
        "up":    { "uv": [ 13.5, 10, 14, 11.5 ], "texture": "#north", "cullface": "east" },
        "north": { "uv": [ 14, 8.5, 13.5, 14.5 ], "texture": "#north", "cullface": "east" },
        "south": { "uv": [ 13.5, 8.5, 14, 14.5 ], "texture": "#north", "cullface": "east" },
        "west":  { "uv": [ 13.5, 8.5, 15, 14.5 ], "texture": "#north", "cullface": "east" },
        "east":  { "uv": [ 15, 8.5, 13.5, 14.5 ], "texture": "#north", "cullface": "east" }
    }
},
{
    "__comment": "e",
    "from": [ 14.25, 1.5, 2.5 ],
    "to": [ 15.75, 7.5, 5 ],
    "faces": {
        "down":  { "uv": [ 12, 13, 13.5, 10.5 ], "texture": "#north", "cullface": "east" },
        "up":    { "uv": [ 11.5, 10.5, 13, 13 ], "texture": "#north", "cullface": "east" },
        "north": { "uv": [ 12.5, 8.5, 11, 14.5 ], "texture": "#north", "cullface": "east" },
        "south": { "uv": [ 11, 8.5, 12.5, 14.5 ], "texture": "#north", "cullface": "east" },
        "west":  { "uv": [ 11, 8.5, 13.5, 14.5 ], "texture": "#north", "cullface": "east" },
        "east":  { "uv": [ 13.5, 8.5, 11, 14.5 ], "texture": "#north", "cullface": "east" }
    }
},
{
    "__comment": "e",
    "from": [ 12, 1.5, 5 ],
    "to": [ 13.5, 7.5, 6.5 ],
    "faces": {
        "down":  { "uv": [ 9.5, 11, 11, 9.5 ], "texture": "#north", "cullface": "east" },
        "up":    { "uv": [ 9.5, 9.5, 11, 11 ], "texture": "#north", "cullface": "east" },
        "north": { "uv": [ 9.5, 8.5, 11, 14.5 ], "texture": "#north", "cullface": "east" },
        "south": { "uv": [ 11, 8.5, 9.5, 14.5 ], "texture": "#north", "cullface": "east" },
        "west":  { "uv": [ 9.5, 8.5, 11, 14.5 ], "texture": "#north", "cullface": "east" },
        "east":  { "uv": [ 11, 8.5, 9.5, 14.5 ], "texture": "#north", "cullface": "east" }
    }
},
{
    "__comment": "e",
    "from": [ 13.25, 1.5, 6.5 ],
    "to": [ 17.25, 6.5, 8 ],
    "rotation": { "origin": [ 13.25, 1.5, 6.5 ], "axis": "y", "angle": -45 },
    "faces": {
        "down":  { "uv": [ 5.5, 12, 9.5, 10.5 ], "texture": "#north", "cullface": "east" },
        "up":    { "uv": [ 5.5, 10.5, 9.5, 12 ], "texture": "#north", "cullface": "east" },
        "north": { "uv": [ 9.5, 9.5, 5.5, 14.5 ], "texture": "#north", "cullface": "east" },
        "south": { "uv": [ 5.5, 9.5, 9.5, 14.5 ], "texture": "#north", "cullface": "east" },
        "west":  { "uv": [ 5.5, 9.5, 7, 14.5 ], "texture": "#north", "cullface": "east" },
        "east":  { "uv": [ 7, 9.5, 5.5, 14.5 ], "texture": "#north", "cullface": "east" }
    }
},
{
    "__comment": "e",
    "from": [ 12.75, 1.5, 10.5 ],
    "to": [ 15.25, 7.5, 13 ],
    "faces": {
        "down":  { "uv": [ 3, 11, 5.5, 8.5 ], "texture": "#north", "cullface": "east" },
        "up":    { "uv": [ 3, 8.5, 5.5, 11 ], "texture": "#north", "cullface": "east" },
        "north": { "uv": [ 5.5, 8.5, 3, 14.5 ], "texture": "#north", "cullface": "east" },
        "south": { "uv": [ 3, 8.5, 5.5, 14.5 ], "texture": "#north", "cullface": "east" },
        "west":  { "uv": [ 3, 8.5, 5.5, 14.5 ], "texture": "#north", "cullface": "east" },
        "east":  { "uv": [ 5.5, 8.5, 3, 14.5 ], "texture": "#north", "cullface": "east" }
    }
},
{
    "__comment": "e",
    "from": [ 14.5, 1.5, 13 ],
    "to": [ 15.5, 7.5, 15 ],
    "faces": {
        "down":  { "uv": [ 1.5, 13, 2.5, 11 ], "texture": "#north", "cullface": "east" },
        "up":    { "uv": [ 1.5, 11, 2.5, 13 ], "texture": "#north", "cullface": "east" },
        "north": { "uv": [ 3, 8.5, 2, 14.5 ], "texture": "#north", "cullface": "east" },
        "south": { "uv": [ 3, 8.5, 2, 14.5 ], "texture": "#north", "cullface": "east" },
        "west":  { "uv": [ 1, 8.5, 3, 14.5 ], "texture": "#north", "cullface": "east" },
        "east":  { "uv": [ 3, 8.5, 1, 14.5 ], "texture": "#north", "cullface": "east" }
    }
},
{
    "__comment": "n",
    "from": [ 1, 9, 0.25 ],
    "to": [ 2, 14, 1.25 ],
    "faces": {
        "down":  { "uv": [ 14, 4.5, 15, 3.5 ], "texture": "#north", "cullface": "north" },
        "up":    { "uv": [ 14, 2.5, 15, 3.5 ], "texture": "#north", "cullface": "north" },
        "north": { "uv": [ 15, 2, 14, 7 ], "texture": "#north", "cullface": "north" },
        "south": { "uv": [ 14, 2, 15, 7 ], "texture": "#north", "cullface": "north" },
        "west":  { "uv": [ 15, 2, 14, 7 ], "texture": "#north", "cullface": "north" },
        "east":  { "uv": [ 14, 2, 15, 7 ], "texture": "#north", "cullface": "north" }
    }
},
{
    "__comment": "n",
    "from": [ 2, 9, 0.25 ],
    "to": [ 4, 14.5, 1.25 ],
    "faces": {
        "down":  { "uv": [ 12, 4.5, 14, 3.5 ], "texture": "#north", "cullface": "north" },
        "up":    { "uv": [ 12, 3.5, 14, 4.5 ], "texture": "#north", "cullface": "north" },
        "north": { "uv": [ 12, 1.5, 14, 7 ], "texture": "#north", "cullface": "north" },
        "south": { "uv": [ 12, 1.5, 14, 7 ], "texture": "#north", "cullface": "north" },
        "west":  { "uv": [ 13, 1.5, 12, 7 ], "texture": "#north", "cullface": "north" },
        "east":  { "uv": [ 13, 1.5, 12, 7 ], "texture": "#north", "cullface": "north" }
    }
},
{
    "__comment": "n",
    "from": [ 4, 9, 1 ],
    "to": [ 6, 14.5, 5 ],
    "faces": {
        "down":  { "uv": [ 10, 7, 12, 3 ], "texture": "#north", "cullface": "north" },
        "up":    { "uv": [ 10, 1.5, 12, 5.5 ], "texture": "#north", "cullface": "north" },
        "north": { "uv": [ 12, 1.5, 10, 7 ], "texture": "#north", "cullface": "north" },
        "south": { "uv": [ 10, 1.5, 12, 7 ], "texture": "#north", "cullface": "north" },
        "west":  { "uv": [ 8, 1.5, 12, 7 ], "texture": "#north", "cullface": "north" },
        "east":  { "uv": [ 14, 1.5, 10, 7 ], "texture": "#north", "cullface": "north" }
    }
},
{
    "__comment": "n",
    "from": [ 6, 9, 0.5 ],
    "to": [ 8, 14.5, 3.5 ],
    "faces": {
        "down":  { "uv": [ 8, 7, 10, 4 ], "texture": "#north", "cullface": "north" },
        "up":    { "uv": [ 8, 1.5, 10, 4.5 ], "texture": "#north", "cullface": "north" },
        "north": { "uv": [ 10, 1.5, 8, 7 ], "texture": "#north", "cullface": "north" },
        "south": { "uv": [ 8, 1.5, 10, 7 ], "texture": "#north", "cullface": "north" },
        "west":  { "uv": [ 11, 1.5, 8, 7 ], "texture": "#north", "cullface": "north" },
        "east":  { "uv": [ 7, 1.5, 10, 7 ], "texture": "#north", "cullface": "north" }
    }
},
{
    "__comment": "n",
    "from": [ 8, 9, 0.75 ],
    "to": [ 11, 14.5, 3.75 ],
    "faces": {
        "down":  { "uv": [ 5, 7, 8, 4 ], "texture": "#north", "cullface": "north" },
        "up":    { "uv": [ 5, 1.5, 8, 4.5 ], "texture": "#north", "cullface": "north" },
        "north": { "uv": [ 8, 1.5, 5, 7 ], "texture": "#north", "cullface": "north" },
        "south": { "uv": [ 5, 1.5, 8, 7 ], "texture": "#north", "cullface": "north" },
        "west":  { "uv": [ 8, 1.5, 5, 7 ], "texture": "#north", "cullface": "north" },
        "east":  { "uv": [ 8, 1.5, 5, 7 ], "texture": "#north", "cullface": "north" }
    }
},
{
    "__comment": "n",
    "from": [ 11, 9, -0.25 ],
    "to": [ 13, 15, 3.75 ],
    "faces": {
        "down":  { "uv": [ 3, 7, 5, 3 ], "texture": "#north", "cullface": "north" },
        "up":    { "uv": [ 3, 1.5, 5, 5.5 ], "texture": "#north", "cullface": "north" },
        "north": { "uv": [ 5, 1, 3, 7 ], "texture": "#north", "cullface": "north" },
        "south": { "uv": [ 3, 1, 5, 7 ], "texture": "#north", "cullface": "north" },
        "west":  { "uv": [ 3, 1, 7, 7 ], "texture": "#north", "cullface": "north" },
        "east":  { "uv": [ 1, 1, 5, 7 ], "texture": "#north", "cullface": "north" }
    }
},
{
    "__comment": "n",
    "from": [ 13, 9, 0.25 ],
    "to": [ 15, 14.5, 1.25 ],
    "faces": {
        "down":  { "uv": [ 1, 2.5, 3, 1.5 ], "texture": "#north", "cullface": "north" },
        "up":    { "uv": [ 1, 6, 3, 7 ], "texture": "#north", "cullface": "north" },
        "north": { "uv": [ 3, 1.5, 1, 7 ], "texture": "#north", "cullface": "north" },
        "south": { "uv": [ 1, 1.5, 3, 7 ], "texture": "#north", "cullface": "north" },
        "west":  { "uv": [ 1, 1.5, 2, 7 ], "texture": "#north", "cullface": "north" },
        "east":  { "uv": [ 3, 1.5, 2, 7 ], "texture": "#north", "cullface": "north" }
    }
},
{
    "__comment": "e",
    "from": [ 14.75, 9, 1 ],
    "to": [ 15.75, 14, 2 ],
    "faces": {
        "down":  { "uv": [ 14, 4, 15, 3 ], "texture": "#north", "cullface": "east" },
        "up":    { "uv": [ 14, 3, 15, 4 ], "texture": "#north", "cullface": "east" },
        "north": { "uv": [ 15, 2, 14, 7 ], "texture": "#north", "cullface": "east" },
        "south": { "uv": [ 14, 2, 15, 7 ], "texture": "#north", "cullface": "east" },
        "west":  { "uv": [ 14, 2, 15, 7 ], "texture": "#north", "cullface": "east" },
        "east":  { "uv": [ 15, 2, 14, 7 ], "texture": "#north", "cullface": "east" }
    }
},
{
    "__comment": "e",
    "from": [ 14.75, 9, 2 ],
    "to": [ 15.75, 14.5, 4 ],
    "faces": {
        "down":  { "uv": [ 13, 5, 14, 3 ], "texture": "#north", "cullface": "east" },
        "up":    { "uv": [ 13, 3, 14, 5 ], "texture": "#north", "cullface": "east" },
        "north": { "uv": [ 13, 1.5, 12, 7 ], "texture": "#north", "cullface": "east" },
        "south": { "uv": [ 13, 1.5, 14, 7 ], "texture": "#north", "cullface": "east" },
        "west":  { "uv": [ 12, 1.5, 14, 7 ], "texture": "#north", "cullface": "east" },
        "east":  { "uv": [ 14, 1.5, 12, 7 ], "texture": "#north", "cullface": "east" }
    }
},
{
    "__comment": "e",
    "from": [ 13, 9, 4 ],
    "to": [ 15, 14.5, 6 ],
    "faces": {
        "down":  { "uv": [ 11.5, 13, 13.5, 11 ], "texture": "#north", "cullface": "east" },
        "up":    { "uv": [ 11.5, 10.5, 13.5, 12.5 ], "texture": "#north", "cullface": "east" },
        "north": { "uv": [ 12, 1.5, 10, 7 ], "texture": "#north", "cullface": "east" },
        "south": { "uv": [ 10, 1.5, 12, 7 ], "texture": "#north", "cullface": "east" },
        "west":  { "uv": [ 10, 1.5, 12, 7 ], "texture": "#north", "cullface": "east" },
        "east":  { "uv": [ 12, 1.5, 10, 7 ], "texture": "#north", "cullface": "east" }
    }
},
{
    "__comment": "e",
    "from": [ 13.5, 9, 6 ],
    "to": [ 15.5, 14.5, 8 ],
    "faces": {
        "down":  { "uv": [ 8, 7, 10, 5 ], "texture": "#north", "cullface": "east" },
        "up":    { "uv": [ 8, 4.5, 10, 6.5 ], "texture": "#north", "cullface": "east" },
        "north": { "uv": [ 10, 1.5, 8, 7 ], "texture": "#north", "cullface": "east" },
        "south": { "uv": [ 8, 1.5, 10, 7 ], "texture": "#north", "cullface": "east" },
        "west":  { "uv": [ 8, 1.5, 10, 7 ], "texture": "#north", "cullface": "east" },
        "east":  { "uv": [ 10, 1.5, 8, 7 ], "texture": "#north", "cullface": "east" }
    }
},
{
    "__comment": "e",
    "from": [ 12.25, 9, 8 ],
    "to": [ 15.25, 14.5, 11 ],
    "faces": {
        "down":  { "uv": [ 5, 6, 8, 3 ], "texture": "#north", "cullface": "east" },
        "up":    { "uv": [ 5, 3, 8, 6 ], "texture": "#north", "cullface": "east" },
        "north": { "uv": [ 8, 1.5, 5, 7 ], "texture": "#north", "cullface": "east" },
        "south": { "uv": [ 5, 1.5, 8, 7 ], "texture": "#north", "cullface": "east" },
        "west":  { "uv": [ 5, 1.5, 8, 7 ], "texture": "#north", "cullface": "east" },
        "east":  { "uv": [ 8, 1.5, 5, 7 ], "texture": "#north", "cullface": "east" }
    }
},
{
    "__comment": "e",
    "from": [ 12.25, 9, 11 ],
    "to": [ 14.25, 15, 13 ],
    "faces": {
        "down":  { "uv": [ 3, 3.5, 5, 1.5 ], "texture": "#north", "cullface": "east" },
        "up":    { "uv": [ 3, 1.5, 5, 3.5 ], "texture": "#north", "cullface": "east" },
        "north": { "uv": [ 3, 1, 5, 7 ], "texture": "#north", "cullface": "east" },
        "south": { "uv": [ 3, 1, 5, 7 ], "texture": "#north", "cullface": "east" },
        "west":  { "uv": [ 3, 1, 5, 7 ], "texture": "#north", "cullface": "east" },
        "east":  { "uv": [ 5, 1, 3, 7 ], "texture": "#north", "cullface": "east" }
    }
},
{
    "__comment": "e",
    "from": [ 14.75, 9, 13 ],
    "to": [ 15.75, 14.5, 15 ],
    "faces": {
        "down":  { "uv": [ 1.5, 4, 2.5, 2 ], "texture": "#north", "cullface": "east" },
        "up":    { "uv": [ 1.5, 2, 2.5, 4 ], "texture": "#north", "cullface": "east" },
        "north": { "uv": [ 2, 1.5, 1, 7 ], "texture": "#north", "cullface": "east" },
        "south": { "uv": [ 2, 1.5, 3, 7 ], "texture": "#north", "cullface": "east" },
        "west":  { "uv": [ 1, 1.5, 3, 7 ], "texture": "#north", "cullface": "east" },
        "east":  { "uv": [ 3, 1.5, 1, 7 ], "texture": "#north", "cullface": "east" }
    }
},
{
    "__comment": "e",
    "from": [ 14.25, 9, 11 ],
    "to": [ 16.25, 15, 13 ],
    "faces": {
        "down":  { "uv": [ 3, 3.5, 5, 1.5 ], "texture": "#north", "cullface": "east" },
        "up":    { "uv": [ 3, 1.5, 5, 3.5 ], "texture": "#north", "cullface": "east" },
        "north": { "uv": [ 5, 1, 3, 7 ], "texture": "#north", "cullface": "east" },
        "south": { "uv": [ 5, 1, 3, 7 ], "texture": "#north", "cullface": "east" },
        "west":  { "uv": [ 3, 1, 5, 7 ], "texture": "#north", "cullface": "east" },
        "east":  { "uv": [ 5, 1, 3, 7 ], "texture": "#north", "cullface": "east" }
    }
},
{
    "__comment": "s",
    "from": [ 9.5, 1.5, 13.5 ],
    "to": [ 11, 7.5, 15 ],
    "faces": {
        "down":  { "uv": [ 9.5, 14.5, 11, 13 ], "texture": "#north", "cullface": "south" },
        "up":    { "uv": [ 9.5, 8.5, 11, 10 ], "texture": "#north", "cullface": "south" },
        "north": { "uv": [ 11, 8.5, 9.5, 14.5 ], "texture": "#north", "cullface": "south" },
        "south": { "uv": [ 9.5, 8.5, 11, 14.5 ], "texture": "#north", "cullface": "south" },
        "west":  { "uv": [ 11, 8.5, 9.5, 14.5 ], "texture": "#north", "cullface": "south" },
        "east":  { "uv": [ 9.5, 8.5, 11, 14.5 ], "texture": "#north", "cullface": "south" }
    }
},
{
    "__comment": "s",
    "from": [ 13.5, 1.5, 15 ],
    "to": [ 15, 7.5, 15.5 ],
    "faces": {
        "down":  { "uv": [ 13.5, 11, 15, 10.5 ], "texture": "#north", "cullface": "south" },
        "up":    { "uv": [ 13.5, 14, 15, 14.5 ], "texture": "#north", "cullface": "south" },
        "north": { "uv": [ 15, 8.5, 13.5, 14.5 ], "texture": "#north", "cullface": "south" },
        "south": { "uv": [ 13.5, 8.5, 15, 14.5 ], "texture": "#north", "cullface": "south" },
        "west":  { "uv": [ 13.5, 8.5, 14, 14.5 ], "texture": "#north", "cullface": "south" },
        "east":  { "uv": [ 14, 8.5, 13.5, 14.5 ], "texture": "#north", "cullface": "south" }
    }
},
{
    "__comment": "s",
    "from": [ 11, 1.5, 14.25 ],
    "to": [ 13.5, 7.5, 15.75 ],
    "faces": {
        "down":  { "uv": [ 11, 10, 13.5, 8.5 ], "texture": "#north", "cullface": "south" },
        "up":    { "uv": [ 11, 13, 13.5, 14.5 ], "texture": "#north", "cullface": "south" },
        "north": { "uv": [ 13.5, 8.5, 11, 14.5 ], "texture": "#north", "cullface": "south" },
        "south": { "uv": [ 11, 8.5, 13.5, 14.5 ], "texture": "#north", "cullface": "south" },
        "west":  { "uv": [ 12.5, 8.5, 11, 14.5 ], "texture": "#north", "cullface": "south" },
        "east":  { "uv": [ 13.5, 8.5, 12, 14.5 ], "texture": "#north", "cullface": "south" }
    }
},
{
    "__comment": "s",
    "from": [ 9.5, 1.5, 12 ],
    "to": [ 11, 7.5, 13.5 ],
    "faces": {
        "down":  { "uv": [ 9.5, 14.5, 11, 13 ], "texture": "#north", "cullface": "south" },
        "up":    { "uv": [ 9.5, 8.5, 11, 10 ], "texture": "#north", "cullface": "south" },
        "north": { "uv": [ 11, 8.5, 9.5, 14.5 ], "texture": "#north", "cullface": "south" },
        "south": { "uv": [ 9.5, 8.5, 11, 14.5 ], "texture": "#north", "cullface": "south" },
        "west":  { "uv": [ 9.5, 8.5, 11, 14.5 ], "texture": "#north", "cullface": "south" },
        "east":  { "uv": [ 11, 8.5, 9.5, 14.5 ], "texture": "#north", "cullface": "south" }
    }
},
{
    "__comment": "s",
    "from": [ 8.5, 1.5, 12 ],
    "to": [ 10, 6.5, 16 ],
    "rotation": { "origin": [ 8.5, 1.5, 12 ], "axis": "y", "angle": -45 },
    "faces": {
        "down":  { "uv": [ 5.5, 14.5, 7, 10.5 ], "texture": "#north", "cullface": "south" },
        "up":    { "uv": [ 5.5, 9, 7, 12 ], "texture": "#north", "cullface": "south" },
        "north": { "uv": [ 7, 9.5, 5.5, 14.5 ], "texture": "#north", "cullface": "south" },
        "south": { "uv": [ 5.5, 9.5, 7, 14.5 ], "texture": "#north", "cullface": "south" },
        "west":  { "uv": [ 5.5, 9.5, 9.5, 14.5 ], "texture": "#north", "cullface": "south" },
        "east":  { "uv": [ 9.5, 9.5, 5.5, 14.5 ], "texture": "#north", "cullface": "south" }
    }
},
{
    "__comment": "s",
    "from": [ 3, 1.5, 12.75 ],
    "to": [ 5.5, 7.5, 15.25 ],
    "faces": {
        "down":  { "uv": [ 3, 14.5, 5.5, 12 ], "texture": "#north", "cullface": "south" },
        "up":    { "uv": [ 3, 8.5, 5.5, 11 ], "texture": "#north", "cullface": "south" },
        "north": { "uv": [ 5.5, 8.5, 3, 14.5 ], "texture": "#north", "cullface": "south" },
        "south": { "uv": [ 3, 8.5, 5.5, 14.5 ], "texture": "#north", "cullface": "south" },
        "west":  { "uv": [ 3, 8.5, 5.5, 14.5 ], "texture": "#north", "cullface": "south" },
        "east":  { "uv": [ 5.5, 8.5, 3, 14.5 ], "texture": "#north", "cullface": "south" }
    }
},
{
    "__comment": "s",
    "from": [ 1, 1.5, 14.5 ],
    "to": [ 3, 7.5, 15.5 ],
    "faces": {
        "down":  { "uv": [ 1, 14.5, 3, 13.5 ], "texture": "#north", "cullface": "south" },
        "up":    { "uv": [ 1, 9, 3, 10 ], "texture": "#north", "cullface": "south" },
        "north": { "uv": [ 3, 8.5, 1, 14.5 ], "texture": "#north", "cullface": "south" },
        "south": { "uv": [ 1, 8.5, 3, 14.5 ], "texture": "#north", "cullface": "south" },
        "west":  { "uv": [ 1, 8.5, 2, 14.5 ], "texture": "#north", "cullface": "south" },
        "east":  { "uv": [ 3, 8.5, 2, 14.5 ], "texture": "#north", "cullface": "south" }
    }
},
{
    "__comment": "s",
    "from": [ 14, 9, 14.75 ],
    "to": [ 15, 14, 15.75 ],
    "faces": {
        "down":  { "uv": [ 14, 4.5, 15, 3.5 ], "texture": "#north", "cullface": "south" },
        "up":    { "uv": [ 14, 2.5, 15, 3.5 ], "texture": "#north", "cullface": "south" },
        "north": { "uv": [ 15, 2, 14, 7 ], "texture": "#north", "cullface": "south" },
        "south": { "uv": [ 14, 2, 15, 7 ], "texture": "#north", "cullface": "south" },
        "west":  { "uv": [ 15, 2, 14, 7 ], "texture": "#north", "cullface": "south" },
        "east":  { "uv": [ 14, 2, 15, 7 ], "texture": "#north", "cullface": "south" }
    }
},
{
    "__comment": "s",
    "from": [ 12, 9, 14.75 ],
    "to": [ 14, 14.5, 15.75 ],
    "faces": {
        "down":  { "uv": [ 12, 4.5, 14, 3.5 ], "texture": "#north", "cullface": "south" },
        "up":    { "uv": [ 12, 3.5, 14, 4.5 ], "texture": "#north", "cullface": "south" },
        "north": { "uv": [ 12, 1.5, 14, 7 ], "texture": "#north", "cullface": "south" },
        "south": { "uv": [ 12, 1.5, 14, 7 ], "texture": "#north", "cullface": "south" },
        "west":  { "uv": [ 13, 1.5, 12, 7 ], "texture": "#north", "cullface": "south" },
        "east":  { "uv": [ 13, 1.5, 12, 7 ], "texture": "#north", "cullface": "south" }
    }
},
{
    "__comment": "s",
    "from": [ 10, 9, 11 ],
    "to": [ 12, 14.5, 15 ],
    "faces": {
        "down":  { "uv": [ 10, 7, 12, 3 ], "texture": "#north", "cullface": "south" },
        "up":    { "uv": [ 10, 1.5, 12, 5.5 ], "texture": "#north", "cullface": "south" },
        "north": { "uv": [ 12, 1.5, 10, 7 ], "texture": "#north", "cullface": "south" },
        "south": { "uv": [ 10, 1.5, 12, 7 ], "texture": "#north", "cullface": "south" },
        "west":  { "uv": [ 8, 1.5, 12, 7 ], "texture": "#north", "cullface": "south" },
        "east":  { "uv": [ 14, 1.5, 10, 7 ], "texture": "#north", "cullface": "south" }
    }
},
{
    "__comment": "s",
    "from": [ 8, 9, 12.5 ],
    "to": [ 10, 14.5, 15.5 ],
    "faces": {
        "down":  { "uv": [ 8, 7, 10, 4 ], "texture": "#north", "cullface": "south" },
        "up":    { "uv": [ 8, 1.5, 10, 4.5 ], "texture": "#north", "cullface": "south" },
        "north": { "uv": [ 10, 1.5, 8, 7 ], "texture": "#north", "cullface": "south" },
        "south": { "uv": [ 8, 1.5, 10, 7 ], "texture": "#north", "cullface": "south" },
        "west":  { "uv": [ 11, 1.5, 8, 7 ], "texture": "#north", "cullface": "south" },
        "east":  { "uv": [ 7, 1.5, 10, 7 ], "texture": "#north", "cullface": "south" }
    }
},
{
    "__comment": "s",
    "from": [ 5, 9, 12.25 ],
    "to": [ 8, 14.5, 15.25 ],
    "faces": {
        "down":  { "uv": [ 5, 7, 8, 4 ], "texture": "#north", "cullface": "south" },
        "up":    { "uv": [ 5, 1.5, 8, 4.5 ], "texture": "#north", "cullface": "south" },
        "north": { "uv": [ 8, 1.5, 5, 7 ], "texture": "#north", "cullface": "south" },
        "south": { "uv": [ 5, 1.5, 8, 7 ], "texture": "#north", "cullface": "south" },
        "west":  { "uv": [ 8, 1.5, 5, 7 ], "texture": "#north", "cullface": "south" },
        "east":  { "uv": [ 8, 1.5, 5, 7 ], "texture": "#north", "cullface": "south" }
    }
},
{
    "__comment": "s",
    "from": [ 3, 9, 12.25 ],
    "to": [ 5, 15, 16.25 ],
    "faces": {
        "down":  { "uv": [ 3, 7, 5, 3 ], "texture": "#north", "cullface": "south" },
        "up":    { "uv": [ 3, 1.5, 5, 5.5 ], "texture": "#north", "cullface": "south" },
        "north": { "uv": [ 5, 1, 3, 7 ], "texture": "#north", "cullface": "south" },
        "south": { "uv": [ 3, 1, 5, 7 ], "texture": "#north", "cullface": "south" },
        "west":  { "uv": [ 7, 1, 3, 7 ], "texture": "#north", "cullface": "south" },
        "east":  { "uv": [ 3.5, 1, 7.5, 7 ], "texture": "#north", "cullface": "south" }
    }
},
{
    "__comment": "s",
    "from": [ 1, 9, 14.75 ],
    "to": [ 3, 14.5, 15.75 ],
    "faces": {
        "down":  { "uv": [ 1, 2.5, 3, 1.5 ], "texture": "#north", "cullface": "south" },
        "up":    { "uv": [ 1, 6, 3, 7 ], "texture": "#north", "cullface": "south" },
        "north": { "uv": [ 3, 1.5, 1, 7 ], "texture": "#north", "cullface": "south" },
        "south": { "uv": [ 1, 1.5, 3, 7 ], "texture": "#north", "cullface": "south" },
        "west":  { "uv": [ 1, 1.5, 2, 7 ], "texture": "#north", "cullface": "south" },
        "east":  { "uv": [ 3, 1.5, 2, 7 ], "texture": "#north", "cullface": "south" }
    }
},
{
    "__comment": "w",
    "from": [ 1, 1.5, 9.5 ],
    "to": [ 2.5, 7.5, 11 ],
    "faces": {
        "down":  { "uv": [ 9.5, 11, 11, 9.5 ], "texture": "#north", "cullface": "west" },
        "up":    { "uv": [ 9.5, 13, 11, 14.5 ], "texture": "#north", "cullface": "west" },
        "north": { "uv": [ 11, 8.5, 9.5, 14.5 ], "texture": "#north", "cullface": "west" },
        "south": { "uv": [ 9.5, 8.5, 11, 14.5 ], "texture": "#north", "cullface": "west" },
        "west":  { "uv": [ 9.5, 8.5, 11, 14.5 ], "texture": "#north", "cullface": "west" },
        "east":  { "uv": [ 11, 8.5, 9.5, 14.5 ], "texture": "#north", "cullface": "west" }
    }
},
{
    "__comment": "w",
    "from": [ 0.5, 1.5, 13.5 ],
    "to": [ 1, 7.5, 15 ],
    "faces": {
        "down":  { "uv": [ 13.5, 12, 14, 10.5 ], "texture": "#north", "cullface": "west" },
        "up":    { "uv": [ 13.5, 10, 14, 11.5 ], "texture": "#north", "cullface": "west" },
        "north": { "uv": [ 14, 8.5, 13.5, 14.5 ], "texture": "#north", "cullface": "west" },
        "south": { "uv": [ 13.5, 8.5, 14, 14.5 ], "texture": "#north", "cullface": "west" },
        "west":  { "uv": [ 13.5, 8.5, 15, 14.5 ], "texture": "#north", "cullface": "west" },
        "east":  { "uv": [ 15, 8.5, 13.5, 14.5 ], "texture": "#north", "cullface": "west" }
    }
},
{
    "__comment": "w",
    "from": [ 0.25, 1.5, 11 ],
    "to": [ 1.75, 7.5, 13.5 ],
    "faces": {
        "down":  { "uv": [ 12, 13, 13.5, 10.5 ], "texture": "#north", "cullface": "west" },
        "up":    { "uv": [ 11.5, 10.5, 13, 13 ], "texture": "#north", "cullface": "west" },
        "north": { "uv": [ 12.5, 8.5, 11, 14.5 ], "texture": "#north", "cullface": "west" },
        "south": { "uv": [ 11, 8.5, 12.5, 14.5 ], "texture": "#north", "cullface": "west" },
        "west":  { "uv": [ 11, 8.5, 13.5, 14.5 ], "texture": "#north", "cullface": "west" },
        "east":  { "uv": [ 13.5, 8.5, 11, 14.5 ], "texture": "#north", "cullface": "west" }
    }
},
{
    "__comment": "w",
    "from": [ 2.5, 1.5, 9.5 ],
    "to": [ 4, 7.5, 11 ],
    "faces": {
        "down":  { "uv": [ 9.5, 11, 11, 9.5 ], "texture": "#north", "cullface": "west" },
        "up":    { "uv": [ 9.5, 9.5, 11, 11 ], "texture": "#north", "cullface": "west" },
        "north": { "uv": [ 9.5, 8.5, 11, 14.5 ], "texture": "#north", "cullface": "west" },
        "south": { "uv": [ 11, 8.5, 9.5, 14.5 ], "texture": "#north", "cullface": "west" },
        "west":  { "uv": [ 9.5, 8.5, 11, 14.5 ], "texture": "#north", "cullface": "west" },
        "east":  { "uv": [ 11, 8.5, 9.5, 14.5 ], "texture": "#north", "cullface": "west" }
    }
},
{
    "__comment": "w",
    "from": [ 1, 1.5, 5.5 ],
    "to": [ 5, 6.5, 7 ],
    "rotation": { "origin": [ 1, 1.5, 5.5 ], "axis": "y", "angle": -45 },
    "faces": {
        "down":  { "uv": [ 5.5, 12, 9.5, 10.5 ], "texture": "#north", "cullface": "west" },
        "up":    { "uv": [ 5.5, 10.5, 9.5, 12 ], "texture": "#north", "cullface": "west" },
        "north": { "uv": [ 9.5, 9.5, 5.5, 14.5 ], "texture": "#north", "cullface": "west" },
        "south": { "uv": [ 5.5, 9.5, 9.5, 14.5 ], "texture": "#north", "cullface": "west" },
        "west":  { "uv": [ 5.5, 9.5, 7, 14.5 ], "texture": "#north", "cullface": "west" },
        "east":  { "uv": [ 7, 9.5, 5.5, 14.5 ], "texture": "#north", "cullface": "west" }
    }
},
{
    "__comment": "w",
    "from": [ 0.75, 1.5, 3 ],
    "to": [ 3.25, 7.5, 5.5 ],
    "faces": {
        "down":  { "uv": [ 3, 11, 5.5, 8.5 ], "texture": "#north", "cullface": "west" },
        "up":    { "uv": [ 3, 8.5, 5.5, 11 ], "texture": "#north", "cullface": "west" },
        "north": { "uv": [ 5.5, 8.5, 3, 14.5 ], "texture": "#north", "cullface": "west" },
        "south": { "uv": [ 3, 8.5, 5.5, 14.5 ], "texture": "#north", "cullface": "west" },
        "west":  { "uv": [ 3, 8.5, 5.5, 14.5 ], "texture": "#north", "cullface": "west" },
        "east":  { "uv": [ 5.5, 8.5, 3, 14.5 ], "texture": "#north", "cullface": "west" }
    }
},
{
    "__comment": "w",
    "from": [ 0.5, 1.5, 1 ],
    "to": [ 1.5, 7.5, 3 ],
    "faces": {
        "down":  { "uv": [ 1.5, 13, 2.5, 11 ], "texture": "#north", "cullface": "west" },
        "up":    { "uv": [ 1.5, 11, 2.5, 13 ], "texture": "#north", "cullface": "west" },
        "north": { "uv": [ 2, 8.5, 1, 14.5 ], "texture": "#north", "cullface": "west" },
        "south": { "uv": [ 2, 8.5, 3, 14.5 ], "texture": "#north", "cullface": "west" },
        "west":  { "uv": [ 1, 8.5, 3, 14.5 ], "texture": "#north", "cullface": "west" },
        "east":  { "uv": [ 3, 8.5, 1, 14.5 ], "texture": "#north", "cullface": "west" }
    }
},
{
    "__comment": "w",
    "from": [ 0.25, 9, 14 ],
    "to": [ 1.25, 14, 15 ],
    "faces": {
        "down":  { "uv": [ 14, 4, 15, 3 ], "texture": "#north", "cullface": "west" },
        "up":    { "uv": [ 14, 3, 15, 4 ], "texture": "#north", "cullface": "west" },
        "north": { "uv": [ 15, 2, 14, 7 ], "texture": "#north", "cullface": "west" },
        "south": { "uv": [ 14, 2, 15, 7 ], "texture": "#north", "cullface": "west" },
        "west":  { "uv": [ 14, 2, 15, 7 ], "texture": "#north", "cullface": "west" },
        "east":  { "uv": [ 15, 2, 14, 7 ], "texture": "#north", "cullface": "west" }
    }
},
{
    "__comment": "w",
    "from": [ 0.25, 9, 12 ],
    "to": [ 1.25, 14.5, 14 ],
    "faces": {
        "down":  { "uv": [ 13, 5, 14, 3 ], "texture": "#north", "cullface": "west" },
        "up":    { "uv": [ 13, 3, 14, 5 ], "texture": "#north", "cullface": "west" },
        "north": { "uv": [ 13, 1.5, 12, 7 ], "texture": "#north", "cullface": "west" },
        "south": { "uv": [ 13, 1.5, 14, 7 ], "texture": "#north", "cullface": "west" },
        "west":  { "uv": [ 12, 1.5, 14, 7 ], "texture": "#north", "cullface": "west" },
        "east":  { "uv": [ 14, 1.5, 12, 7 ], "texture": "#north", "cullface": "west" }
    }
},
{
    "__comment": "w",
    "from": [ 1, 9, 10 ],
    "to": [ 3, 14.5, 12 ],
    "faces": {
        "down":  { "uv": [ 11.5, 13, 13.5, 11 ], "texture": "#north", "cullface": "west" },
        "up":    { "uv": [ 11.5, 10.5, 13.5, 12.5 ], "texture": "#north", "cullface": "west" },
        "north": { "uv": [ 12, 1.5, 10, 7 ], "texture": "#north", "cullface": "west" },
        "south": { "uv": [ 10, 1.5, 12, 7 ], "texture": "#north", "cullface": "west" },
        "west":  { "uv": [ 10, 1.5, 12, 7 ], "texture": "#north", "cullface": "west" },
        "east":  { "uv": [ 12, 1.5, 10, 7 ], "texture": "#north", "cullface": "west" }
    }
},
{
    "__comment": "w",
    "from": [ 0.5, 9, 8 ],
    "to": [ 2.5, 14.5, 10 ],
    "faces": {
        "down":  { "uv": [ 8, 7, 10, 5 ], "texture": "#north", "cullface": "west" },
        "up":    { "uv": [ 8, 4.5, 10, 6.5 ], "texture": "#north", "cullface": "west" },
        "north": { "uv": [ 10, 1.5, 8, 7 ], "texture": "#north", "cullface": "west" },
        "south": { "uv": [ 8, 1.5, 10, 7 ], "texture": "#north", "cullface": "west" },
        "west":  { "uv": [ 8, 1.5, 10, 7 ], "texture": "#north", "cullface": "west" },
        "east":  { "uv": [ 10, 1.5, 8, 7 ], "texture": "#north", "cullface": "west" }
    }
},
{
    "__comment": "w",
    "from": [ 0.75, 9, 5 ],
    "to": [ 3.75, 14.5, 8 ],
    "faces": {
        "down":  { "uv": [ 5, 6, 8, 3 ], "texture": "#north", "cullface": "west" },
        "up":    { "uv": [ 5, 3, 8, 6 ], "texture": "#north", "cullface": "west" },
        "north": { "uv": [ 8, 1.5, 5, 7 ], "texture": "#north", "cullface": "west" },
        "south": { "uv": [ 5, 1.5, 8, 7 ], "texture": "#north", "cullface": "west" },
        "west":  { "uv": [ 5, 1.5, 8, 7 ], "texture": "#north", "cullface": "west" },
        "east":  { "uv": [ 8, 1.5, 5, 7 ], "texture": "#north", "cullface": "west" }
    }
},
{
    "__comment": "w",
    "from": [ 1.75, 9, 3 ],
    "to": [ 3.75, 15, 5 ],
    "faces": {
        "down":  { "uv": [ 3, 3.5, 5, 1.5 ], "texture": "#north", "cullface": "west" },
        "up":    { "uv": [ 3, 1.5, 5, 3.5 ], "texture": "#north", "cullface": "west" },
        "north": { "uv": [ 3, 1, 5, 7 ], "texture": "#north", "cullface": "west" },
        "south": { "uv": [ 3, 1, 5, 7 ], "texture": "#north", "cullface": "west" },
        "west":  { "uv": [ 3, 1, 5, 7 ], "texture": "#north", "cullface": "west" },
        "east":  { "uv": [ 5, 1, 3, 7 ], "texture": "#north", "cullface": "west" }
    }
},
{
    "__comment": "w",
    "from": [ 0.25, 9, 1 ],
    "to": [ 1.25, 14.5, 3 ],
    "faces": {
        "down":  { "uv": [ 1.5, 4, 2.5, 2 ], "texture": "#north", "cullface": "west" },
        "up":    { "uv": [ 1.5, 2, 2.5, 4 ], "texture": "#north", "cullface": "west" },
        "north": { "uv": [ 2, 1.5, 1, 7 ], "texture": "#north", "cullface": "west" },
        "south": { "uv": [ 2, 1.5, 3, 7 ], "texture": "#north", "cullface": "west" },
        "west":  { "uv": [ 1, 1.5, 3, 7 ], "texture": "#north", "cullface": "west" },
        "east":  { "uv": [ 3, 1.5, 1, 7 ], "texture": "#north", "cullface": "west" }
    }
},
{
    "__comment": "w",
    "from": [ -0.25, 9, 3 ],
    "to": [ 1.75, 15, 5 ],
    "faces": {
        "down":  { "uv": [ 3, 3.5, 5, 1.5 ], "texture": "#north", "cullface": "west" },
        "up":    { "uv": [ 3, 1.5, 5, 3.5 ], "texture": "#north", "cullface": "west" },
        "north": { "uv": [ 5, 1, 3, 7 ], "texture": "#north", "cullface": "west" },
        "south": { "uv": [ 5, 1, 3, 7 ], "texture": "#north", "cullface": "west" },
        "west":  { "uv": [ 3, 1, 5, 7 ], "texture": "#north", "cullface": "west" },
        "east":  { "uv": [ 5, 1, 3, 7 ], "texture": "#north", "cullface": "west" }
    }
},
{
    "__comment": "BASE",
    "from": [ 0, 0, 0 ],
    "to": [ 22.5, 16, 0 ],
    "rotation": { "origin": [ 0, 0, 0 ], "axis": "y", "angle": -45 },
    "faces": {
        "north": { "uv": [ 1, 1, 1.5, 1.5 ], "texture": "#north" },
        "south": { "uv": [ 1, 1, 1.5, 1.5 ], "texture": "#north" }
    }
},
{
    "__comment": "BASE",
    "from": [ 16, 0, 0 ],
    "to": [ 16, 16, 22.5 ],
    "rotation": { "origin": [ 16, 0, 0 ], "axis": "y", "angle": -45 },
    "faces": {
        "west":  { "uv": [ 1, 1, 1.5, 1.5 ], "texture": "#north" },
        "east":  { "uv": [ 1, 1, 1.5, 1.5 ], "texture": "#north" }
    }
},
{
    "__comment": "BASE",
    "from": [ 0, 15, 0 ],
    "to": [ 8, 16, 16 ],
    "faces": {
        "down":  { "uv": [ 0, 16, 8, 0 ], "texture": "#down", "cullface": "west" },
        "up":    { "uv": [ 0, 0, 8, 16 ], "texture": "#up", "cullface": "up" },
        "north": { "uv": [ 8, 0, 0, 1 ], "texture": "#north", "cullface": "north" },
        "south": { "uv": [ 0, 0, 8, 1 ], "texture": "#south", "cullface": "south" },
        "west":  { "uv": [ 0, 0, 16, 1 ], "texture": "#west", "cullface": "west" },
        "east":  { "uv": [ 16, 0, 0, 1 ], "texture": "#east", "cullface": "east" }
    }
},
{
    "__comment": "BASE",
    "from": [ 0, 8, 0 ],
    "to": [ 8, 9, 16 ],
    "faces": {
        "down":  { "uv": [ 0, 16, 8, 0 ], "texture": "#down", "cullface": "west" },
        "up":    { "uv": [ 0, 0, 8, 16 ], "texture": "#up", "cullface": "west" },
        "north": { "uv": [ 8, 7, 0, 8 ], "texture": "#north", "cullface": "north" },
        "south": { "uv": [ 0, 7, 8, 8 ], "texture": "#south", "cullface": "south" },
        "west":  { "uv": [ 0, 7, 16, 8 ], "texture": "#west", "cullface": "west" },
        "east":  { "uv": [ 16, 7, 0, 8 ], "texture": "#east", "cullface": "east" }
    }
},
{
    "__comment": "BASE",
    "from": [ 0, 0, 0 ],
    "to": [ 8, 1.5, 16 ],
    "faces": {
        "down":  { "uv": [ 0, 16, 8, 0 ], "texture": "#down", "cullface": "down" },
        "up":    { "uv": [ 0, 0, 8, 16 ], "texture": "#up", "cullface": "west" },
        "north": { "uv": [ 8, 14.5, 0, 16 ], "texture": "#north", "cullface": "north" },
        "south": { "uv": [ 0, 14.5, 8, 16 ], "texture": "#south", "cullface": "south" },
        "west":  { "uv": [ 0, 14.5, 16, 16 ], "texture": "#west", "cullface": "west" },
        "east":  { "uv": [ 16, 14.5, 0, 16 ], "texture": "#east", "cullface": "east" }
    }
},
{
    "__comment": "BASE",
    "from": [ 8, 15, 0 ],
    "to": [ 16, 16, 16 ],
    "faces": {
        "down":  { "uv": [ 8, 16, 16, 0 ], "texture": "#down", "cullface": "east" },
        "up":    { "uv": [ 8, 0, 16, 16 ], "texture": "#up", "cullface": "up" },
        "north": { "uv": [ 16, 0, 8, 1 ], "texture": "#north", "cullface": "north" },
        "south": { "uv": [ 8, 0, 16, 1 ], "texture": "#south", "cullface": "south" },
        "west":  { "uv": [ 0, 0, 16, 1 ], "texture": "#west", "cullface": "west" },
        "east":  { "uv": [ 16, 0, 0, 1 ], "texture": "#east", "cullface": "east" }
    }
},
{
    "__comment": "BASE",
    "from": [ 0, 8, 8 ],
    "to": [ 16, 9, 16 ],
    "faces": {
        "down":  { "uv": [ 0, 16, 16, 8 ], "texture": "#down", "cullface": "south" },
        "up":    { "uv": [ 0, 8, 16, 16 ], "texture": "#up", "cullface": "south" },
        "north": { "uv": [ 16, 7, 0, 8 ], "texture": "#north", "cullface": "north" },
        "south": { "uv": [ 0, 7, 16, 8 ], "texture": "#south", "cullface": "south" },
        "west":  { "uv": [ 8, 7, 16, 8 ], "texture": "#west", "cullface": "west" },
        "east":  { "uv": [ 16, 7, 8, 8 ], "texture": "#east", "cullface": "east" }
    }
},
{
    "__comment": "BASE",
    "from": [ 8, 0, 0 ],
    "to": [ 16, 1.5, 16 ],
    "faces": {
        "down":  { "uv": [ 8, 16, 16, 0 ], "texture": "#down", "cullface": "down" },
        "up":    { "uv": [ 8, 0, 16, 16 ], "texture": "#up", "cullface": "east" },
        "north": { "uv": [ 16, 14.5, 8, 16 ], "texture": "#north", "cullface": "north" },
        "south": { "uv": [ 8, 14.5, 16, 16 ], "texture": "#south", "cullface": "south" },
        "west":  { "uv": [ 0, 14.5, 16, 16 ], "texture": "#west", "cullface": "west" },
        "east":  { "uv": [ 16, 14.5, 0, 16 ], "texture": "#east", "cullface": "east" }
    }
},
{
    "__comment": "BASE",
    "from": [ 0, 1, 15 ],
    "to": [ 1, 15, 16 ],
    "faces": {
        "down":  { "uv": [ 0, 16, 1, 15 ], "texture": "#down", "cullface": "down" },
        "north": { "uv": [ 1, 1, 0, 15 ], "texture": "#north", "cullface": "west" },
        "south": { "uv": [ 0, 1, 1, 15 ], "texture": "#south", "cullface": "south" },
        "west":  { "uv": [ 15, 1, 16, 15 ], "texture": "#west", "cullface": "west" },
        "east":  { "uv": [ 16, 1, 15, 15 ], "texture": "#east", "cullface": "south" }
    }
},
{
    "__comment": "BASE",
    "from": [ 15, 1, 15 ],
    "to": [ 16, 15, 16 ],
    "faces": {
        "down":  { "uv": [ 15, 16, 16, 15 ], "texture": "#down", "cullface": "down" },
        "north": { "uv": [ 16, 1, 15, 15 ], "texture": "#north", "cullface": "east" },
        "south": { "uv": [ 15, 1, 16, 15 ], "texture": "#south", "cullface": "south" },
        "west":  { "uv": [ 15, 1, 16, 15 ], "texture": "#west", "cullface": "south" },
        "east":  { "uv": [ 16, 1, 15, 15 ], "texture": "#east", "cullface": "east" }
    }
},
{
    "__comment": "BASE",
    "from": [ 0, 1, 0 ],
    "to": [ 1, 15, 1 ],
    "faces": {
        "down":  { "uv": [ 0, 1, 1, 0 ], "texture": "#down", "cullface": "down" },
        "north": { "uv": [ 1, 1, 0, 15 ], "texture": "#north", "cullface": "north" },
        "south": { "uv": [ 0, 1, 1, 15 ], "texture": "#south", "cullface": "west" },
        "west":  { "uv": [ 0, 1, 1, 15 ], "texture": "#west", "cullface": "west" },
        "east":  { "uv": [ 1, 1, 0, 15 ], "texture": "#east", "cullface": "north" }
    }
},
{
    "__comment": "BASE",
    "from": [ 15, 1, 0 ],
    "to": [ 16, 15, 1 ],
    "faces": {
        "down":  { "uv": [ 15, 1, 16, 0 ], "texture": "#down", "cullface": "down" },
        "north": { "uv": [ 16, 1, 15, 15 ], "texture": "#north", "cullface": "north" },
        "south": { "uv": [ 15, 1, 16, 15 ], "texture": "#south", "cullface": "east" },
        "west":  { "uv": [ 0, 1, 1, 15 ], "texture": "#west", "cullface": "north" },
        "east":  { "uv": [ 1, 1, 0, 15 ], "texture": "#east", "cullface": "east" }
    }
},
{
    "__comment": "BASE",
    "from": [ 0, 15, 8 ],
    "to": [ 16, 16, 16 ],
    "faces": {
        "down":  { "uv": [ 0, 16, 16, 8 ], "texture": "#down", "cullface": "south" },
        "up":    { "uv": [ 0, 8, 16, 16 ], "texture": "#up", "cullface": "up" },
        "north": { "uv": [ 16, 0, 0, 1 ], "texture": "#north", "cullface": "north" },
        "south": { "uv": [ 0, 0, 16, 1 ], "texture": "#south", "cullface": "south" },
        "west":  { "uv": [ 8, 0, 16, 1 ], "texture": "#west", "cullface": "west" },
        "east":  { "uv": [ 16, 0, 8, 1 ], "texture": "#east", "cullface": "east" }
    }
},
{
    "__comment": "BASE",
    "from": [ 8, 8, 0 ],
    "to": [ 16, 9, 16 ],
    "faces": {
        "down":  { "uv": [ 8, 16, 16, 0 ], "texture": "#down", "cullface": "east" },
        "up":    { "uv": [ 8, 0, 16, 16 ], "texture": "#up", "cullface": "east" },
        "north": { "uv": [ 16, 7, 8, 8 ], "texture": "#north", "cullface": "north" },
        "south": { "uv": [ 8, 7, 16, 8 ], "texture": "#south", "cullface": "south" },
        "west":  { "uv": [ 0, 7, 16, 8 ], "texture": "#west", "cullface": "west" },
        "east":  { "uv": [ 16, 7, 0, 8 ], "texture": "#east", "cullface": "east" }
    }
},
{
    "__comment": "BASE",
    "from": [ 0, 0, 0 ],
    "to": [ 16, 1.5, 8 ],
    "faces": {
        "down":  { "uv": [ 0, 8, 16, 0 ], "texture": "#down", "cullface": "down" },
        "up":    { "uv": [ 0, 0, 16, 8 ], "texture": "#up", "cullface": "north" },
        "north": { "uv": [ 16, 14.5, 0, 16 ], "texture": "#north", "cullface": "north" },
        "south": { "uv": [ 0, 14.5, 16, 16 ], "texture": "#south", "cullface": "south" },
        "west":  { "uv": [ 0, 14.5, 8, 16 ], "texture": "#west", "cullface": "west" },
        "east":  { "uv": [ 8, 14.5, 0, 16 ], "texture": "#east", "cullface": "east" }
    }
},
{
    "__comment": "BASE",
    "from": [ 0, 15, 0 ],
    "to": [ 16, 16, 8 ],
    "faces": {
        "down":  { "uv": [ 0, 8, 16, 0 ], "texture": "#down", "cullface": "north" },
        "up":    { "uv": [ 0, 0, 16, 8 ], "texture": "#up", "cullface": "up" },
        "north": { "uv": [ 16, 0, 0, 1 ], "texture": "#north", "cullface": "north" },
        "south": { "uv": [ 0, 0, 16, 1 ], "texture": "#south", "cullface": "south" },
        "west":  { "uv": [ 0, 0, 8, 1 ], "texture": "#west", "cullface": "west" },
        "east":  { "uv": [ 8, 0, 0, 1 ], "texture": "#east", "cullface": "east" }
    }
},
{
    "__comment": "BASE",
    "from": [ 0, 8, 0 ],
    "to": [ 16, 9, 8 ],
    "faces": {
        "down":  { "uv": [ 0, 8, 16, 0 ], "texture": "#down", "cullface": "north" },
        "up":    { "uv": [ 0, 0, 16, 8 ], "texture": "#up", "cullface": "north" },
        "north": { "uv": [ 16, 7, 0, 8 ], "texture": "#north", "cullface": "north" },
        "south": { "uv": [ 0, 7, 16, 8 ], "texture": "#south", "cullface": "south" },
        "west":  { "uv": [ 0, 7, 8, 8 ], "texture": "#west", "cullface": "west" },
        "east":  { "uv": [ 8, 7, 0, 8 ], "texture": "#east", "cullface": "east" }
    }
},
{
    "__comment": "BASE",
    "from": [ 0, 0, 8 ],
    "to": [ 16, 1.5, 16 ],
    "faces": {
        "down":  { "uv": [ 0, 16, 16, 8 ], "texture": "#down", "cullface": "down" },
        "up":    { "uv": [ 0, 8, 16, 16 ], "texture": "#up", "cullface": "south" },
        "north": { "uv": [ 16, 14.5, 0, 16 ], "texture": "#north", "cullface": "north" },
        "south": { "uv": [ 0, 14.5, 16, 16 ], "texture": "#south", "cullface": "south" },
        "west":  { "uv": [ 8, 14.5, 16, 16 ], "texture": "#west", "cullface": "west" },
        "east":  { "uv": [ 16, 14.5, 8, 16 ], "texture": "#east", "cullface": "east" }
    }
}
]
}