{
"__comment": "3D Mesh designed with BDcraft Cubik - Version PRO 0.65 Beta",
"textures": {
    "down": "blocks/planks_oak",
    "up": "blocks/planks_oak",
    "north": "blocks/bookshelf",
    "south": "blocks/bookshelf",
    "west": "blocks/bookshelf",
    "east": "blocks/bookshelf",
    "particle": "blocks/bookshelf"
},
"elements": [ 
{
    "__comment": "ShelvesB",
    "from": [ 0, 0, 8 ],
    "to": [ 16, 1.5, 16 ],
    "faces": {
        "down":  { "uv": [ 0, 16, 16, 8 ], "texture": "#down", "cullface": "down" },
        "up":    { "uv": [ 0, 8, 16, 16 ], "texture": "#up", "cullface": "south" },
        "north": { "uv": [ 16, 14.5, 0, 16 ], "texture": "#north", "cullface": "north" },
        "south": { "uv": [ 0, 14.5, 16, 16 ], "texture": "#south", "cullface": "south" },
        "west":  { "uv": [ 8, 14.5, 16, 16 ], "texture": "#west", "cullface": "west" },
        "east":  { "uv": [ 16, 14.5, 8, 16 ], "texture": "#east", "cullface": "east" }
    }
},
{
    "__comment": "ShelvesM",
    "from": [ 0, 8, 0 ],
    "to": [ 16, 9, 8 ],
    "faces": {
        "down":  { "uv": [ 0, 8, 16, 0 ], "texture": "#down", "cullface": "north" },
        "up":    { "uv": [ 0, 0, 16, 8 ], "texture": "#up", "cullface": "north" },
        "north": { "uv": [ 16, 7, 0, 8 ], "texture": "#north", "cullface": "north" },
        "south": { "uv": [ 0, 7, 16, 8 ], "texture": "#south", "cullface": "south" },
        "west":  { "uv": [ 0, 7, 8, 8 ], "texture": "#west", "cullface": "west" },
        "east":  { "uv": [ 8, 7, 0, 8 ], "texture": "#east", "cullface": "east" }
    }
},
{
    "__comment": "ShelvesU",
    "from": [ 0, 15, 0 ],
    "to": [ 16, 16, 8 ],
    "faces": {
        "down":  { "uv": [ 0, 8, 16, 0 ], "texture": "#down", "cullface": "north" },
        "up":    { "uv": [ 0, 0, 16, 8 ], "texture": "#up", "cullface": "up" },
        "north": { "uv": [ 16, 0, 0, 1 ], "texture": "#north", "cullface": "north" },
        "south": { "uv": [ 0, 0, 16, 1 ], "texture": "#south", "cullface": "south" },
        "west":  { "uv": [ 0, 0, 8, 1 ], "texture": "#west", "cullface": "west" },
        "east":  { "uv": [ 8, 0, 0, 1 ], "texture": "#east", "cullface": "east" }
    }
},
{
    "__comment": "ShelvesB",
    "from": [ 0, 0, 0 ],
    "to": [ 16, 1.5, 8 ],
    "faces": {
        "down":  { "uv": [ 0, 8, 16, 0 ], "texture": "#down", "cullface": "down" },
        "up":    { "uv": [ 0, 0, 16, 8 ], "texture": "#up", "cullface": "north" },
        "north": { "uv": [ 16, 14.5, 0, 16 ], "texture": "#north", "cullface": "north" },
        "south": { "uv": [ 0, 14.5, 16, 16 ], "texture": "#south", "cullface": "south" },
        "west":  { "uv": [ 0, 14.5, 8, 16 ], "texture": "#west", "cullface": "west" },
        "east":  { "uv": [ 8, 14.5, 0, 16 ], "texture": "#east", "cullface": "east" }
    }
},
{
    "__comment": "ShelvesM",
    "from": [ 8, 8, 0 ],
    "to": [ 16, 9, 16 ],
    "faces": {
        "down":  { "uv": [ 8, 16, 16, 0 ], "texture": "#down", "cullface": "east" },
        "up":    { "uv": [ 8, 0, 16, 16 ], "texture": "#up", "cullface": "east" },
        "north": { "uv": [ 16, 7, 8, 8 ], "texture": "#north", "cullface": "north" },
        "south": { "uv": [ 8, 7, 16, 8 ], "texture": "#south", "cullface": "south" },
        "west":  { "uv": [ 0, 7, 16, 8 ], "texture": "#west", "cullface": "west" },
        "east":  { "uv": [ 16, 7, 0, 8 ], "texture": "#east", "cullface": "east" }
    }
},
{
    "__comment": "ShelvesU",
    "from": [ 0, 15, 8 ],
    "to": [ 16, 16, 16 ],
    "faces": {
        "down":  { "uv": [ 0, 16, 16, 8 ], "texture": "#down", "cullface": "south" },
        "up":    { "uv": [ 0, 8, 16, 16 ], "texture": "#up", "cullface": "up" },
        "north": { "uv": [ 16, 0, 0, 1 ], "texture": "#north", "cullface": "north" },
        "south": { "uv": [ 0, 0, 16, 1 ], "texture": "#south", "cullface": "south" },
        "west":  { "uv": [ 8, 0, 16, 1 ], "texture": "#west", "cullface": "west" },
        "east":  { "uv": [ 16, 0, 8, 1 ], "texture": "#east", "cullface": "east" }
    }
},
{
    "__comment": "Corner",
    "from": [ 15, 1, 0 ],
    "to": [ 16, 15, 1 ],
    "faces": {
        "down":  { "uv": [ 15, 1, 16, 0 ], "texture": "#down", "cullface": "down" },
        "north": { "uv": [ 16, 1, 15, 15 ], "texture": "#north", "cullface": "north" },
        "south": { "uv": [ 15, 1, 16, 15 ], "texture": "#south", "cullface": "east" },
        "west":  { "uv": [ 0, 1, 1, 15 ], "texture": "#west", "cullface": "north" },
        "east":  { "uv": [ 1, 1, 0, 15 ], "texture": "#east", "cullface": "east" }
    }
},
{
    "__comment": "Corner*",
    "from": [ 0, 1, 0 ],
    "to": [ 1, 15, 1 ],
    "faces": {
        "down":  { "uv": [ 0, 1, 1, 0 ], "texture": "#down", "cullface": "down" },
        "north": { "uv": [ 1, 1, 0, 15 ], "texture": "#north", "cullface": "north" },
        "south": { "uv": [ 0, 1, 1, 15 ], "texture": "#south", "cullface": "west" },
        "west":  { "uv": [ 0, 1, 1, 15 ], "texture": "#west", "cullface": "west" },
        "east":  { "uv": [ 1, 1, 0, 15 ], "texture": "#east", "cullface": "north" }
    }
},
{
    "__comment": "Corner*",
    "from": [ 15, 1, 15 ],
    "to": [ 16, 15, 16 ],
    "faces": {
        "down":  { "uv": [ 15, 16, 16, 15 ], "texture": "#down", "cullface": "down" },
        "north": { "uv": [ 16, 1, 15, 15 ], "texture": "#north", "cullface": "east" },
        "south": { "uv": [ 15, 1, 16, 15 ], "texture": "#south", "cullface": "south" },
        "west":  { "uv": [ 15, 1, 16, 15 ], "texture": "#west", "cullface": "south" },
        "east":  { "uv": [ 16, 1, 15, 15 ], "texture": "#east", "cullface": "east" }
    }
},
{
    "__comment": "Corner*",
    "from": [ 0, 1, 15 ],
    "to": [ 1, 15, 16 ],
    "faces": {
        "down":  { "uv": [ 0, 16, 1, 15 ], "texture": "#down", "cullface": "down" },
        "north": { "uv": [ 1, 1, 0, 15 ], "texture": "#north", "cullface": "west" },
        "south": { "uv": [ 0, 1, 1, 15 ], "texture": "#south", "cullface": "south" },
        "west":  { "uv": [ 15, 1, 16, 15 ], "texture": "#west", "cullface": "west" },
        "east":  { "uv": [ 16, 1, 15, 15 ], "texture": "#east", "cullface": "south" }
    }
},
{
    "__comment": "Book1",
    "from": [ 1, 9, 14.5 ],
    "to": [ 3, 15, 16.5 ],
    "faces": {
        "down":  { "uv": [ 1, 1, 3, 3 ], "texture": "#north", "cullface": "south" },
        "up":    { "uv": [ 1, 1, 3, 3 ], "texture": "#north", "cullface": "south" },
        "north": { "uv": [ 1, 1, 3, 7 ], "texture": "#north", "cullface": "south" },
        "south": { "uv": [ 1, 1, 3, 7 ], "texture": "#north", "cullface": "south" },
        "west":  { "uv": [ 1, 1, 3, 7 ], "texture": "#north", "cullface": "south" },
        "east":  { "uv": [ 1, 1, 3, 7 ], "texture": "#north", "cullface": "south" }
    }
},
{
    "__comment": "Book1",
    "from": [ 3, 9, 12.5 ],
    "to": [ 5.5, 15, 16 ],
    "faces": {
        "north": { "uv": [ 5.5, 1, 3, 7 ], "texture": "#north", "cullface": "south" },
        "south": { "uv": [ 3, 1, 5.5, 7 ], "texture": "#north", "cullface": "south" },
        "west":  { "uv": [ 3, 1, 6.5, 7 ], "texture": "#north", "cullface": "south" },
        "east":  { "uv": [ 5, 2, 6, 4 ], "texture": "#north", "cullface": "south" }
    }
},
{
    "__comment": "Book1",
    "from": [ 5.5, 9, 11.5 ],
    "to": [ 7, 14, 15.5 ],
    "faces": {
        "up":    { "uv": [ 4, 3, 5.5, 7 ], "texture": "#north", "cullface": "south" },
        "south": { "uv": [ 5.5, 2, 7, 7 ], "texture": "#north", "cullface": "south" },
        "west":  { "uv": [ 5, 2, 7, 4 ], "texture": "#north", "cullface": "south" },
        "east":  { "uv": [ 5, 2, 7, 4 ], "texture": "#north", "cullface": "south" }
    }
},
{
    "__comment": "Book1",
    "from": [ 5.5, 9, 10 ],
    "to": [ 10, 15, 11.5 ],
    "faces": {
        "north": { "uv": [ 10, 1, 5.5, 7 ], "texture": "#north", "cullface": "south" },
        "south": { "uv": [ 5.5, 1, 10, 7 ], "texture": "#north", "cullface": "south" },
        "west":  { "uv": [ 10, 1, 11.5, 7 ], "texture": "#north", "cullface": "south" },
        "east":  { "uv": [ 11.5, 1, 10, 7 ], "texture": "#north", "cullface": "south" }
    }
},
{
    "__comment": "Book1",
    "from": [ 9, 12.5, 11.5 ],
    "to": [ 15, 13.5, 16 ],
    "faces": {
        "down":  { "uv": [ 5, 2, 7, 4 ], "texture": "#north", "cullface": "south" },
        "up":    { "uv": [ 5, 2, 7, 4 ], "texture": "#north", "cullface": "south" },
        "north": { "uv": [ 15, 2.5, 9, 3.5 ], "texture": "#north", "cullface": "south" },
        "south": { "uv": [ 9, 2.5, 15, 3.5 ], "texture": "#north", "cullface": "south" },
        "west":  { "uv": [ 5, 2, 7, 3 ], "texture": "#north", "cullface": "south" },
        "east":  { "uv": [ 7, 2, 5, 3 ], "texture": "#north", "cullface": "south" }
    }
},
{
    "__comment": "Book1",
    "from": [ 10, 13.5, 11 ],
    "to": [ 14.5, 15, 15.5 ],
    "faces": {
        "down":  { "uv": [ 10, 11, 14.5, 15.5 ], "texture": "#north", "cullface": "south" },
        "north": { "uv": [ 10, 1, 14.5, 2.5 ], "texture": "#north", "cullface": "south" },
        "south": { "uv": [ 10, 1, 14.5, 2.5 ], "texture": "#north", "cullface": "south" },
        "west":  { "uv": [ 10, 5, 14.5, 6.5 ], "texture": "#north", "cullface": "south" },
        "east":  { "uv": [ 14.5, 1, 10, 2.5 ], "texture": "#north", "cullface": "south" }
    }
},
{
    "__comment": "Book1",
    "from": [ 10, 11, 11 ],
    "to": [ 14.5, 12.5, 15 ],
    "faces": {
        "up":    { "uv": [ 6, 9, 8, 11 ], "texture": "#north", "cullface": "south" },
        "north": { "uv": [ 10, 3.5, 14.5, 5 ], "texture": "#north", "cullface": "south" },
        "south": { "uv": [ 10, 3.5, 14.5, 5 ], "texture": "#north", "cullface": "south" },
        "west":  { "uv": [ 11, 3.5, 15, 5 ], "texture": "#north", "cullface": "south" },
        "east":  { "uv": [ 11, 3.5, 15, 5 ], "texture": "#north", "cullface": "south" }
    }
},
{
    "__comment": "Book1",
    "from": [ 9.5, 9, 11 ],
    "to": [ 15, 11, 16 ],
    "faces": {
        "up":    { "uv": [ 10, 5, 15, 7 ], "texture": "#north", "cullface": "south" },
        "north": { "uv": [ 10, 5, 15, 7 ], "texture": "#north", "cullface": "south" },
        "south": { "uv": [ 10, 5, 15, 7 ], "texture": "#north", "cullface": "south" },
        "west":  { "uv": [ 10, 5, 15, 7 ], "texture": "#north", "cullface": "south" },
        "east":  { "uv": [ 10, 5, 15, 7 ], "texture": "#north", "cullface": "south" }
    }
},
{
    "__comment": "Book1",
    "from": [ 1, 1.5, 14.5 ],
    "to": [ 3, 7, 15.5 ],
    "faces": {
        "up":    { "uv": [ 1, 9, 3, 10 ], "texture": "#north", "cullface": "south" },
        "north": { "uv": [ 3, 9, 1, 14.5 ], "texture": "#north", "cullface": "south" },
        "south": { "uv": [ 1, 9, 3, 14.5 ], "texture": "#north", "cullface": "south" },
        "west":  { "uv": [ 1, 9, 2, 14.5 ], "texture": "#north", "cullface": "south" }
    }
},
{
    "__comment": "Book1",
    "from": [ 3, 1.5, 12 ],
    "to": [ 5.5, 7.5, 16 ],
    "faces": {
        "up":    { "uv": [ 8, 9, 10.5, 13 ], "texture": "#north", "cullface": "south" },
        "north": { "uv": [ 5.5, 8.5, 3, 14.5 ], "texture": "#north", "cullface": "south" },
        "south": { "uv": [ 3, 8.5, 5.5, 14.5 ], "texture": "#north", "cullface": "south" },
        "west":  { "uv": [ 3, 8, 6, 12 ], "texture": "#north", "cullface": "south" },
        "east":  { "uv": [ 6, 9, 3, 13 ], "texture": "#north", "cullface": "south" }
    }
},
{
    "__comment": "Book1",
    "from": [ 5.5, 1.5, 11 ],
    "to": [ 8, 7, 15 ],
    "faces": {
        "up":    { "uv": [ 5.5, 11, 8, 15 ], "texture": "#north", "cullface": "south" },
        "north": { "uv": [ 5.5, 9, 8, 14.5 ], "texture": "#north", "cullface": "south" },
        "south": { "uv": [ 5.5, 9, 8, 14.5 ], "texture": "#north", "cullface": "south" },
        "west":  { "uv": [ 6, 9, 8, 12 ], "texture": "#north", "cullface": "south" },
        "east":  { "uv": [ 6, 9, 8, 12 ], "texture": "#north", "cullface": "south" }
    }
},
{
    "__comment": "Book1",
    "from": [ 8, 1.5, 12.5 ],
    "to": [ 10.5, 7.5, 16 ],
    "faces": {
        "up":    { "uv": [ 8, 11, 10.5, 14.5 ], "texture": "#north", "cullface": "south" },
        "north": { "uv": [ 10.5, 8.5, 8, 14.5 ], "texture": "#north", "cullface": "south" },
        "south": { "uv": [ 8, 8.5, 10.5, 14.5 ], "texture": "#north", "cullface": "south" },
        "west":  { "uv": [ 5, 2, 7, 7 ], "texture": "#north", "cullface": "south" },
        "east":  { "uv": [ 7, 2, 5, 7 ], "texture": "#north", "cullface": "south" }
    }
},
{
    "__comment": "Book1",
    "from": [ 10.5, 1.5, 13 ],
    "to": [ 13, 7, 16 ],
    "faces": {
        "up":    { "uv": [ 3, 10, 5.5, 13 ], "texture": "#north", "cullface": "south" },
        "north": { "uv": [ 10.5, 9, 13, 14.5 ], "texture": "#north", "cullface": "south" },
        "south": { "uv": [ 10.5, 9, 13, 14.5 ], "texture": "#north", "cullface": "south" },
        "east":  { "uv": [ 11, 9, 14, 14.5 ], "texture": "#north", "cullface": "south" }
    }
},
{
    "__comment": "Book1",
    "from": [ 13, 1.5, 14.5 ],
    "to": [ 15, 6.5, 15.5 ],
    "faces": {
        "down":  { "uv": [ 13, 10, 15, 11 ], "texture": "#north", "cullface": "south" },
        "up":    { "uv": [ 13, 10, 15, 11 ], "texture": "#north", "cullface": "south" },
        "north": { "uv": [ 15, 9.5, 13, 14.5 ], "texture": "#north", "cullface": "south" },
        "south": { "uv": [ 13, 9.5, 15, 14.5 ], "texture": "#north", "cullface": "south" },
        "west":  { "uv": [ 6, 2, 7, 7 ], "texture": "#north", "cullface": "south" },
        "east":  { "uv": [ 7, 2, 6, 7 ], "texture": "#north", "cullface": "south" }
    }
},
{
    "__comment": "Book2",
    "from": [ 13, 9, -0.5 ],
    "to": [ 15, 15, 1.5 ],
    "faces": {
        "down":  { "uv": [ 1, 1, 3, 3 ], "texture": "#north", "cullface": "north" },
        "up":    { "uv": [ 1, 1, 3, 3 ], "texture": "#north", "cullface": "north" },
        "north": { "uv": [ 1, 1, 3, 7 ], "texture": "#north", "cullface": "north" },
        "south": { "uv": [ 1, 1, 3, 7 ], "texture": "#north", "cullface": "north" },
        "west":  { "uv": [ 1, 1, 3, 7 ], "texture": "#north", "cullface": "north" },
        "east":  { "uv": [ 1, 1, 3, 7 ], "texture": "#north", "cullface": "north" }
    }
},
{
    "__comment": "Book2",
    "from": [ 10.5, 9, 0 ],
    "to": [ 13, 15, 3.5 ],
    "faces": {
        "north": { "uv": [ 5.5, 1, 3, 7 ], "texture": "#north", "cullface": "north" },
        "south": { "uv": [ 3, 1, 5.5, 7 ], "texture": "#north", "cullface": "north" },
        "west":  { "uv": [ 3, 1, 6.5, 7 ], "texture": "#north", "cullface": "north" },
        "east":  { "uv": [ 5, 2, 6, 4 ], "texture": "#north", "cullface": "north" }
    }
},
{
    "__comment": "Book2",
    "from": [ 9, 9, 0.5 ],
    "to": [ 10.4375, 14, 4.5 ],
    "faces": {
        "up":    { "uv": [ 4, 3, 5.5, 7 ], "texture": "#north", "cullface": "north" },
        "north": { "uv": [ 5.5, 2, 7, 7 ], "texture": "#north", "cullface": "north" },
        "west":  { "uv": [ 5, 2, 7, 4 ], "texture": "#north", "cullface": "north" },
        "east":  { "uv": [ 5, 2, 7, 4 ], "texture": "#north", "cullface": "north" }
    }
},
{
    "__comment": "Book2",
    "from": [ 6, 9, 4.5 ],
    "to": [ 10.5, 15, 6 ],
    "faces": {
        "north": { "uv": [ 6, 1, 10, 7 ], "texture": "#north", "cullface": "north" },
        "south": { "uv": [ 10, 1, 6, 7 ], "texture": "#north", "cullface": "north" },
        "west":  { "uv": [ 4.5, 1, 6, 7 ], "texture": "#north", "cullface": "north" },
        "east":  { "uv": [ 6, 1, 4.5, 7 ], "texture": "#north", "cullface": "north" }
    }
},
{
    "__comment": "Book2",
    "from": [ 1, 12.5, 0 ],
    "to": [ 7, 13.5, 4.5 ],
    "faces": {
        "down":  { "uv": [ 5, 2, 7, 4 ], "texture": "#north", "cullface": "north" },
        "up":    { "uv": [ 5, 2, 7, 4 ], "texture": "#north", "cullface": "north" },
        "north": { "uv": [ 15, 2.5, 9, 3.5 ], "texture": "#north", "cullface": "north" },
        "south": { "uv": [ 9, 2.5, 15, 3.5 ], "texture": "#north", "cullface": "north" },
        "west":  { "uv": [ 5, 2, 7, 3 ], "texture": "#north", "cullface": "north" },
        "east":  { "uv": [ 7, 2, 5, 3 ], "texture": "#north", "cullface": "north" }
    }
},
{
    "__comment": "Book2",
    "from": [ 1.5, 13.5, 0.5 ],
    "to": [ 6, 15, 5 ],
    "faces": {
        "down":  { "uv": [ 10, 11, 14.5, 15.5 ], "texture": "#north", "cullface": "north" },
        "north": { "uv": [ 10, 1, 14.5, 2.5 ], "texture": "#north", "cullface": "north" },
        "south": { "uv": [ 10, 1, 14.5, 2.5 ], "texture": "#north", "cullface": "north" },
        "west":  { "uv": [ 10, 5, 14.5, 6.5 ], "texture": "#north", "cullface": "north" },
        "east":  { "uv": [ 14.5, 1, 10, 2.5 ], "texture": "#north", "cullface": "north" }
    }
},
{
    "__comment": "Book2",
    "from": [ 1.5, 11, 1 ],
    "to": [ 6, 12.5, 5 ],
    "faces": {
        "up":    { "uv": [ 6, 9, 8, 11 ], "texture": "#north", "cullface": "north" },
        "north": { "uv": [ 10, 3.5, 14.5, 5 ], "texture": "#north", "cullface": "north" },
        "south": { "uv": [ 10, 3.5, 14.5, 5 ], "texture": "#north", "cullface": "north" },
        "west":  { "uv": [ 11, 3.5, 15, 5 ], "texture": "#north", "cullface": "north" },
        "east":  { "uv": [ 11, 3.5, 15, 5 ], "texture": "#north", "cullface": "north" }
    }
},
{
    "__comment": "Book2",
    "from": [ 1, 9, 0 ],
    "to": [ 6.5, 11, 5 ],
    "faces": {
        "up":    { "uv": [ 10, 5, 15, 7 ], "texture": "#north", "cullface": "north" },
        "north": { "uv": [ 10, 5, 15, 7 ], "texture": "#north", "cullface": "north" },
        "south": { "uv": [ 10, 5, 15, 7 ], "texture": "#north", "cullface": "north" },
        "west":  { "uv": [ 10, 5, 15, 7 ], "texture": "#north", "cullface": "north" },
        "east":  { "uv": [ 10, 5, 15, 7 ], "texture": "#north", "cullface": "north" }
    }
},
{
    "__comment": "Book2",
    "from": [ 13, 1.5, 0.5 ],
    "to": [ 15, 7, 1.5 ],
    "faces": {
        "up":    { "uv": [ 1, 9, 3, 10 ], "texture": "#north", "cullface": "north" },
        "north": { "uv": [ 3, 9, 1, 14.5 ], "texture": "#north", "cullface": "north" },
        "south": { "uv": [ 1, 9, 3, 14.5 ], "texture": "#north", "cullface": "north" },
        "west":  { "uv": [ 1, 9, 2, 14.5 ], "texture": "#north", "cullface": "north" },
        "east":  { "uv": [ 3, 9, 2, 14.5 ], "texture": "#north", "cullface": "north" }
    }
},
{
    "__comment": "Book2",
    "from": [ 10.4375, 1.5, 0 ],
    "to": [ 13, 7.5, 4 ],
    "faces": {
        "up":    { "uv": [ 8, 9, 10.5, 13 ], "texture": "#north", "cullface": "north" },
        "north": { "uv": [ 5.5, 8.5, 3, 14.5 ], "texture": "#north", "cullface": "north" },
        "south": { "uv": [ 3, 8.5, 5.5, 14.5 ], "texture": "#north", "cullface": "north" },
        "west":  { "uv": [ 3, 8, 6, 12 ], "texture": "#north", "cullface": "north" },
        "east":  { "uv": [ 6, 9, 3, 13 ], "texture": "#north", "cullface": "north" }
    }
},
{
    "__comment": "Book2",
    "from": [ 8, 1.5, 1 ],
    "to": [ 10.5, 7, 5 ],
    "faces": {
        "up":    { "uv": [ 5.5, 11, 8, 15 ], "texture": "#north", "cullface": "north" },
        "north": { "uv": [ 5.5, 9, 8, 14.5 ], "texture": "#north", "cullface": "north" },
        "south": { "uv": [ 5.5, 9, 8, 14.5 ], "texture": "#north", "cullface": "north" },
        "west":  { "uv": [ 6, 9, 8, 12 ], "texture": "#north", "cullface": "north" },
        "east":  { "uv": [ 6, 9, 8, 12 ], "texture": "#north", "cullface": "north" }
    }
},
{
    "__comment": "Book2",
    "from": [ 5.5, 1.5, 0 ],
    "to": [ 8, 7.5, 3.5 ],
    "faces": {
        "up":    { "uv": [ 8, 11, 10.5, 14.5 ], "texture": "#north", "cullface": "north" },
        "north": { "uv": [ 10.5, 8.5, 8, 14.5 ], "texture": "#north", "cullface": "north" },
        "south": { "uv": [ 8, 8.5, 10.5, 14.5 ], "texture": "#north", "cullface": "north" },
        "west":  { "uv": [ 5, 2, 7, 7 ], "texture": "#north", "cullface": "north" },
        "east":  { "uv": [ 7, 2, 5, 7 ], "texture": "#north", "cullface": "north" }
    }
},
{
    "__comment": "Book2",
    "from": [ 3, 1.5, 0 ],
    "to": [ 5.5, 7, 3 ],
    "faces": {
        "up":    { "uv": [ 3, 10, 5.5, 13 ], "texture": "#north", "cullface": "north" },
        "north": { "uv": [ 10.5, 9, 13, 14.5 ], "texture": "#north", "cullface": "north" },
        "south": { "uv": [ 10.5, 9, 13, 14.5 ], "texture": "#north", "cullface": "north" },
        "west":  { "uv": [ 11, 9, 14, 14.5 ], "texture": "#north", "cullface": "north" }
    }
},
{
    "__comment": "Book2",
    "from": [ 1, 1.5, 0.5 ],
    "to": [ 3, 6.5, 1.5 ],
    "faces": {
        "down":  { "uv": [ 13, 10, 15, 11 ], "texture": "#north", "cullface": "north" },
        "up":    { "uv": [ 13, 10, 15, 11 ], "texture": "#north", "cullface": "north" },
        "north": { "uv": [ 15, 9.5, 13, 14.5 ], "texture": "#north", "cullface": "north" },
        "south": { "uv": [ 13, 9.5, 15, 14.5 ], "texture": "#north", "cullface": "north" },
        "west":  { "uv": [ 6, 2, 7, 7 ], "texture": "#north", "cullface": "north" },
        "east":  { "uv": [ 7, 2, 6, 7 ], "texture": "#north", "cullface": "north" }
    }
},
{
    "__comment": "Book3",
    "from": [ 14.5, 9, 13 ],
    "to": [ 16.5, 15, 15 ],
    "faces": {
        "down":  { "uv": [ 1, 1, 3, 3 ], "texture": "#north", "cullface": "east" },
        "up":    { "uv": [ 1, 1, 3, 3 ], "texture": "#north", "cullface": "east" },
        "north": { "uv": [ 1, 1, 3, 7 ], "texture": "#north", "cullface": "east" },
        "south": { "uv": [ 1, 1, 3, 7 ], "texture": "#north", "cullface": "east" },
        "west":  { "uv": [ 1, 1, 3, 7 ], "texture": "#north", "cullface": "east" },
        "east":  { "uv": [ 1, 1, 3, 7 ], "texture": "#north", "cullface": "east" }
    }
},
{
    "__comment": "Book3",
    "from": [ 12.5, 9, 10.5 ],
    "to": [ 16, 15, 13 ],
    "faces": {
        "north": { "uv": [ 5, 2, 7, 7 ], "texture": "#north", "cullface": "east" },
        "south": { "uv": [ 5, 2, 7, 7 ], "texture": "#north", "cullface": "east" },
        "west":  { "uv": [ 3, 1, 5.5, 7 ], "texture": "#north", "cullface": "east" },
        "east":  { "uv": [ 3, 1, 5.5, 7 ], "texture": "#north", "cullface": "east" }
    }
},
{
    "__comment": "Book3",
    "from": [ 11.5, 9, 9 ],
    "to": [ 15.5, 14, 10.5 ],
    "faces": {
        "up":    { "uv": [ 4, 3, 5.5, 7 ], "texture": "#north", "cullface": "east" },
        "north": { "uv": [ 5.5, 2, 7, 7 ], "texture": "#north", "cullface": "east" },
        "south": { "uv": [ 5.5, 2, 7, 7 ], "texture": "#north", "cullface": "east" },
        "east":  { "uv": [ 5, 2, 7, 7 ], "texture": "#north", "cullface": "east" }
    }
},
{
    "__comment": "Book3",
    "from": [ 10, 9, 6 ],
    "to": [ 11.5, 15, 10.5 ],
    "faces": {
        "north": { "uv": [ 10, 1, 11.5, 7 ], "texture": "#north", "cullface": "east" },
        "south": { "uv": [ 10, 1, 11.5, 7 ], "texture": "#north", "cullface": "east" },
        "west":  { "uv": [ 6, 1, 10, 7 ], "texture": "#north", "cullface": "east" },
        "east":  { "uv": [ 6, 1, 10, 7 ], "texture": "#north", "cullface": "east" }
    }
},
{
    "__comment": "Book3",
    "from": [ 11.5, 12.5, 1 ],
    "to": [ 16, 13.5, 7 ],
    "faces": {
        "down":  { "uv": [ 5, 2, 7, 4 ], "texture": "#north", "cullface": "east" },
        "up":    { "uv": [ 5, 2, 7, 4 ], "texture": "#north", "cullface": "east" },
        "south": { "uv": [ 9, 2.5, 15, 3.5 ], "texture": "#north", "cullface": "east" },
        "west":  { "uv": [ 5, 2, 7, 3 ], "texture": "#north", "cullface": "east" },
        "east":  { "uv": [ 7, 2, 5, 3 ], "texture": "#north", "cullface": "east" }
    }
},
{
    "__comment": "Book3",
    "from": [ 11, 13.5, 1.5 ],
    "to": [ 15.5, 15, 6 ],
    "faces": {
        "down":  { "uv": [ 10, 11, 14.5, 15.5 ], "texture": "#north", "cullface": "east" },
        "north": { "uv": [ 10, 1, 14.5, 2.5 ], "texture": "#north", "cullface": "east" },
        "south": { "uv": [ 10, 1, 14.5, 2.5 ], "texture": "#north", "cullface": "east" },
        "west":  { "uv": [ 10, 5, 14.5, 6.5 ], "texture": "#north", "cullface": "east" },
        "east":  { "uv": [ 14.5, 1, 10, 2.5 ], "texture": "#north", "cullface": "east" }
    }
},
{
    "__comment": "Book3",
    "from": [ 11, 11, 1.5 ],
    "to": [ 15, 12.5, 6 ],
    "faces": {
        "up":    { "uv": [ 6, 9, 8, 11 ], "texture": "#north", "cullface": "east" },
        "north": { "uv": [ 10, 3.5, 14.5, 5 ], "texture": "#north", "cullface": "east" },
        "south": { "uv": [ 10, 3.5, 14.5, 5 ], "texture": "#north", "cullface": "east" },
        "west":  { "uv": [ 11, 3.5, 15, 5 ], "texture": "#north", "cullface": "east" },
        "east":  { "uv": [ 11, 3.5, 15, 5 ], "texture": "#north", "cullface": "east" }
    }
},
{
    "__comment": "Book3",
    "from": [ 11, 9, 1 ],
    "to": [ 16, 11, 6.5 ],
    "faces": {
        "up":    { "uv": [ 10, 5, 15, 7 ], "texture": "#north", "cullface": "east" },
        "south": { "uv": [ 10, 5, 15, 7 ], "texture": "#north", "cullface": "east" },
        "west":  { "uv": [ 10, 5, 15, 7 ], "texture": "#north", "cullface": "east" },
        "east":  { "uv": [ 10, 5, 15, 7 ], "texture": "#north", "cullface": "east" }
    }
},
{
    "__comment": "Book3",
    "from": [ 14.5, 1.5, 13 ],
    "to": [ 15.5, 7, 15 ],
    "faces": {
        "up":    { "uv": [ 1, 9, 2, 11 ], "texture": "#north", "cullface": "east" },
        "south": { "uv": [ 2, 9, 3, 14.5 ], "texture": "#north", "cullface": "east" },
        "west":  { "uv": [ 1, 9, 3, 14.5 ], "texture": "#north", "cullface": "east" },
        "east":  { "uv": [ 1, 9, 3, 14.5 ], "texture": "#north", "cullface": "east" }
    }
},
{
    "__comment": "Book3",
    "from": [ 12, 1.5, 10.5 ],
    "to": [ 16, 7.5, 13 ],
    "faces": {
        "up":    { "uv": [ 7, 4, 5, 6 ], "texture": "#north", "cullface": "east" },
        "north": { "uv": [ 3, 8, 6, 12 ], "texture": "#north", "cullface": "east" },
        "south": { "uv": [ 3, 8, 6, 12 ], "texture": "#north", "cullface": "east" },
        "west":  { "uv": [ 10.5, 8.5, 13, 14.5 ], "texture": "#north", "cullface": "east" },
        "east":  { "uv": [ 10.5, 8.5, 13, 14.5 ], "texture": "#north", "cullface": "east" }
    }
},
{
    "__comment": "Book3",
    "from": [ 11, 1.5, 8 ],
    "to": [ 15, 7, 10.5 ],
    "faces": {
        "up":    { "uv": [ 6, 9, 7, 13 ], "texture": "#north", "cullface": "east" },
        "north": { "uv": [ 11, 9, 15, 14.5 ], "texture": "#north", "cullface": "east" },
        "south": { "uv": [ 11, 9, 15, 14.5 ], "texture": "#north", "cullface": "east" },
        "west":  { "uv": [ 6, 9, 8, 14 ], "texture": "#north", "cullface": "east" },
        "east":  { "uv": [ 6, 9, 8, 14 ], "texture": "#north", "cullface": "east" }
    }
},
{
    "__comment": "Book3",
    "from": [ 12.5, 1.5, 5.5 ],
    "to": [ 16, 7.5, 8 ],
    "faces": {
        "up":    { "uv": [ 8, 11, 10.5, 14.5 ], "texture": "#north", "cullface": "east" },
        "north": { "uv": [ 10.5, 8.5, 8, 14.5 ], "texture": "#north", "cullface": "east" },
        "south": { "uv": [ 8, 8.5, 10.5, 14.5 ], "texture": "#north", "cullface": "east" },
        "west":  { "uv": [ 5, 2, 7, 7 ], "texture": "#north", "cullface": "east" },
        "east":  { "uv": [ 7, 2, 5, 7 ], "texture": "#north", "cullface": "east" }
    }
},
{
    "__comment": "Book3",
    "from": [ 13, 1.5, 3 ],
    "to": [ 16, 7, 5.5 ],
    "faces": {
        "up":    { "uv": [ 3, 10, 6, 12.5 ], "texture": "#north", "cullface": "east" },
        "north": { "uv": [ 3, 9, 6, 14.5 ], "texture": "#north", "cullface": "east" },
        "west":  { "uv": [ 11, 9, 13.5, 14.5 ], "texture": "#north", "cullface": "east" },
        "east":  { "uv": [ 11, 9, 13.5, 14.5 ], "texture": "#north", "cullface": "east" }
    }
},
{
    "__comment": "Book3",
    "from": [ 14.5, 1.5, 1 ],
    "to": [ 15.5, 6.5, 3 ],
    "faces": {
        "down":  { "uv": [ 13, 10, 15, 11 ], "texture": "#north", "cullface": "east" },
        "up":    { "uv": [ 13, 10, 15, 11 ], "texture": "#north", "cullface": "east" },
        "north": { "uv": [ 15, 9.5, 13, 14.5 ], "texture": "#north", "cullface": "east" },
        "south": { "uv": [ 13, 9.5, 15, 14.5 ], "texture": "#north", "cullface": "east" },
        "west":  { "uv": [ 6, 2, 7, 7 ], "texture": "#north", "cullface": "east" },
        "east":  { "uv": [ 7, 2, 6, 7 ], "texture": "#north", "cullface": "east" }
    }
},
{
    "__comment": "Book4",
    "from": [ -0.5, 9, 1 ],
    "to": [ 1.5, 15, 3 ],
    "faces": {
        "down":  { "uv": [ 1, 1, 3, 3 ], "texture": "#north", "cullface": "west" },
        "up":    { "uv": [ 1, 1, 3, 3 ], "texture": "#north", "cullface": "west" },
        "north": { "uv": [ 1, 1, 3, 7 ], "texture": "#north", "cullface": "west" },
        "south": { "uv": [ 1, 1, 3, 7 ], "texture": "#north", "cullface": "west" },
        "west":  { "uv": [ 1, 1, 3, 7 ], "texture": "#north", "cullface": "west" },
        "east":  { "uv": [ 1, 1, 3, 7 ], "texture": "#north", "cullface": "west" }
    }
},
{
    "__comment": "Book4",
    "from": [ 0, 9, 3 ],
    "to": [ 3.5, 15, 5.5 ],
    "faces": {
        "north": { "uv": [ 5, 2, 7, 7 ], "texture": "#north", "cullface": "west" },
        "south": { "uv": [ 5, 2, 7, 7 ], "texture": "#north", "cullface": "west" },
        "west":  { "uv": [ 3, 1, 5.5, 7 ], "texture": "#north", "cullface": "west" },
        "east":  { "uv": [ 3, 1, 5.5, 7 ], "texture": "#north", "cullface": "west" }
    }
},
{
    "__comment": "Book4",
    "from": [ 0.5, 9, 5.5 ],
    "to": [ 4.5, 14, 7 ],
    "faces": {
        "up":    { "uv": [ 5.5, 7, 4, 3 ], "texture": "#north", "cullface": "west" },
        "north": { "uv": [ 5.5, 2, 7, 7 ], "texture": "#north", "cullface": "west" },
        "south": { "uv": [ 5.5, 2, 7, 7 ], "texture": "#north", "cullface": "west" },
        "west":  { "uv": [ 5, 2, 7, 7 ], "texture": "#north", "cullface": "west" }
    }
},
{
    "__comment": "Book4",
    "from": [ 4.5, 9, 5.5 ],
    "to": [ 6, 15, 10 ],
    "faces": {
        "north": { "uv": [ 10, 1, 11.5, 7 ], "texture": "#north", "cullface": "west" },
        "south": { "uv": [ 10, 1, 11.5, 7 ], "texture": "#north", "cullface": "west" },
        "west":  { "uv": [ 6, 1, 10, 7 ], "texture": "#north", "cullface": "west" },
        "east":  { "uv": [ 6, 1, 10, 7 ], "texture": "#north", "cullface": "west" }
    }
},
{
    "__comment": "Book4",
    "from": [ 0, 12.5, 9 ],
    "to": [ 4.5, 13.5, 15 ],
    "faces": {
        "down":  { "uv": [ 5, 2, 7, 4 ], "texture": "#north", "cullface": "west" },
        "up":    { "uv": [ 5, 2, 7, 4 ], "texture": "#north", "cullface": "west" },
        "north": { "uv": [ 15, 2.5, 9, 3.5 ], "texture": "#north", "cullface": "west" },
        "south": { "uv": [ 9, 2.5, 15, 3.5 ], "texture": "#north", "cullface": "west" },
        "west":  { "uv": [ 5, 2, 7, 3 ], "texture": "#north", "cullface": "west" },
        "east":  { "uv": [ 7, 2, 5, 3 ], "texture": "#north", "cullface": "west" }
    }
},
{
    "__comment": "Book4",
    "from": [ 0.5, 13.5, 10 ],
    "to": [ 5, 15, 14.5 ],
    "faces": {
        "down":  { "uv": [ 10, 11, 14.5, 15.5 ], "texture": "#north", "cullface": "west" },
        "north": { "uv": [ 10, 1, 14.5, 2.5 ], "texture": "#north", "cullface": "west" },
        "south": { "uv": [ 10, 1, 14.5, 2.5 ], "texture": "#north", "cullface": "west" },
        "west":  { "uv": [ 10, 5, 14.5, 6.5 ], "texture": "#north", "cullface": "west" },
        "east":  { "uv": [ 14.5, 1, 10, 2.5 ], "texture": "#north", "cullface": "west" }
    }
},
{
    "__comment": "Book4",
    "from": [ 1, 11, 10 ],
    "to": [ 5, 12.5, 14.5 ],
    "faces": {
        "up":    { "uv": [ 6, 9, 8, 11 ], "texture": "#north", "cullface": "west" },
        "north": { "uv": [ 10, 3.5, 14.5, 5 ], "texture": "#north", "cullface": "west" },
        "south": { "uv": [ 10, 3.5, 14.5, 5 ], "texture": "#north", "cullface": "west" },
        "west":  { "uv": [ 11, 3.5, 15, 5 ], "texture": "#north", "cullface": "west" },
        "east":  { "uv": [ 11, 3.5, 15, 5 ], "texture": "#north", "cullface": "west" }
    }
},
{
    "__comment": "Book4",
    "from": [ 0, 9, 9.5 ],
    "to": [ 5, 11, 15 ],
    "faces": {
        "up":    { "uv": [ 10, 5, 15, 7 ], "texture": "#north", "cullface": "west" },
        "north": { "uv": [ 10, 5, 15, 7 ], "texture": "#north", "cullface": "west" },
        "south": { "uv": [ 10, 5, 15, 7 ], "texture": "#north", "cullface": "west" },
        "west":  { "uv": [ 10, 5, 15, 7 ], "texture": "#north", "cullface": "west" },
        "east":  { "uv": [ 10, 5, 15, 7 ], "texture": "#north", "cullface": "west" }
    }
},
{
    "__comment": "Book4",
    "from": [ 0.5, 1.5, 1 ],
    "to": [ 1.5, 7, 3 ],
    "faces": {
        "up":    { "uv": [ 1, 9, 2, 11 ], "texture": "#north", "cullface": "west" },
        "west":  { "uv": [ 1, 9, 3, 14.5 ], "texture": "#north", "cullface": "west" },
        "east":  { "uv": [ 1, 9, 3, 14.5 ], "texture": "#north", "cullface": "west" }
    }
},
{
    "__comment": "Book4",
    "from": [ 0, 1.5, 3 ],
    "to": [ 4, 7.5, 5.5 ],
    "faces": {
        "up":    { "uv": [ 5, 4, 7, 6 ], "texture": "#north", "cullface": "west" },
        "north": { "uv": [ 3, 8, 6, 12 ], "texture": "#north", "cullface": "west" },
        "south": { "uv": [ 3, 8, 6, 12 ], "texture": "#north", "cullface": "west" },
        "west":  { "uv": [ 10.5, 8.5, 13, 14.5 ], "texture": "#north", "cullface": "west" },
        "east":  { "uv": [ 10.5, 8.5, 13, 14.5 ], "texture": "#north", "cullface": "west" }
    }
},
{
    "__comment": "Book4",
    "from": [ 1, 1.5, 5.5 ],
    "to": [ 5, 7, 8 ],
    "faces": {
        "up":    { "uv": [ 6, 9, 7, 13 ], "texture": "#north", "cullface": "west" },
        "north": { "uv": [ 11, 9, 15, 14.5 ], "texture": "#north", "cullface": "west" },
        "south": { "uv": [ 11, 9, 15, 14.5 ], "texture": "#north", "cullface": "west" },
        "west":  { "uv": [ 6, 9, 8, 14 ], "texture": "#north", "cullface": "west" },
        "east":  { "uv": [ 6, 9, 8, 14 ], "texture": "#north", "cullface": "west" }
    }
},
{
    "__comment": "Book4",
    "from": [ 0, 1.5, 8 ],
    "to": [ 3.5, 7.5, 10.5 ],
    "faces": {
        "up":    { "uv": [ 8, 11, 10.5, 14.5 ], "texture": "#north", "cullface": "west" },
        "north": { "uv": [ 10.5, 8.5, 8, 14.5 ], "texture": "#north", "cullface": "west" },
        "south": { "uv": [ 8, 8.5, 10.5, 14.5 ], "texture": "#north", "cullface": "west" },
        "west":  { "uv": [ 5, 2, 7, 7 ], "texture": "#north", "cullface": "west" },
        "east":  { "uv": [ 7, 2, 5, 7 ], "texture": "#north", "cullface": "west" }
    }
},
{
    "__comment": "Book4",
    "from": [ 0, 1.5, 10.5 ],
    "to": [ 3, 7, 13 ],
    "faces": {
        "up":    { "uv": [ 3, 10, 6, 12.5 ], "texture": "#north", "cullface": "west" },
        "south": { "uv": [ 3, 9, 6, 14.5 ], "texture": "#north", "cullface": "west" },
        "west":  { "uv": [ 11, 9, 13.5, 14.5 ], "texture": "#north", "cullface": "west" },
        "east":  { "uv": [ 11, 9, 13.5, 14.5 ], "texture": "#north", "cullface": "west" }
    }
},
{
    "__comment": "Book4",
    "from": [ 0.5, 1.5, 13 ],
    "to": [ 1.5, 6.5, 15 ],
    "faces": {
        "down":  { "uv": [ 13, 10, 15, 11 ], "texture": "#north", "cullface": "west" },
        "up":    { "uv": [ 13, 10, 15, 11 ], "texture": "#north", "cullface": "west" },
        "north": { "uv": [ 15, 9.5, 13, 14.5 ], "texture": "#north", "cullface": "west" },
        "south": { "uv": [ 13, 9.5, 15, 14.5 ], "texture": "#north", "cullface": "west" },
        "west":  { "uv": [ 6, 2, 7, 7 ], "texture": "#north", "cullface": "west" },
        "east":  { "uv": [ 7, 2, 6, 7 ], "texture": "#north", "cullface": "west" }
    }
},
{
    "__comment": "ShelvesB*",
    "from": [ 8, 0, 0 ],
    "to": [ 16, 1.5, 16 ],
    "faces": {
        "down":  { "uv": [ 8, 16, 16, 0 ], "texture": "#down", "cullface": "down" },
        "up":    { "uv": [ 8, 0, 16, 16 ], "texture": "#up", "cullface": "east" },
        "north": { "uv": [ 16, 14.5, 8, 16 ], "texture": "#north", "cullface": "north" },
        "south": { "uv": [ 8, 14.5, 16, 16 ], "texture": "#south", "cullface": "south" },
        "west":  { "uv": [ 0, 14.5, 16, 16 ], "texture": "#west", "cullface": "west" },
        "east":  { "uv": [ 16, 14.5, 0, 16 ], "texture": "#east", "cullface": "east" }
    }
},
{
    "__comment": "ShelvesM*",
    "from": [ 0, 8, 8 ],
    "to": [ 16, 9, 16 ],
    "faces": {
        "down":  { "uv": [ 0, 16, 16, 8 ], "texture": "#down", "cullface": "south" },
        "up":    { "uv": [ 0, 8, 16, 16 ], "texture": "#up", "cullface": "south" },
        "north": { "uv": [ 16, 7, 0, 8 ], "texture": "#north", "cullface": "north" },
        "south": { "uv": [ 0, 7, 16, 8 ], "texture": "#south", "cullface": "south" },
        "west":  { "uv": [ 8, 7, 16, 8 ], "texture": "#west", "cullface": "west" },
        "east":  { "uv": [ 16, 7, 8, 8 ], "texture": "#east", "cullface": "east" }
    }
},
{
    "__comment": "ShelvesU*",
    "from": [ 8, 15, 0 ],
    "to": [ 16, 16, 16 ],
    "faces": {
        "down":  { "uv": [ 8, 16, 16, 0 ], "texture": "#down", "cullface": "east" },
        "up":    { "uv": [ 8, 0, 16, 16 ], "texture": "#up", "cullface": "up" },
        "north": { "uv": [ 16, 0, 8, 1 ], "texture": "#north", "cullface": "north" },
        "south": { "uv": [ 8, 0, 16, 1 ], "texture": "#south", "cullface": "south" },
        "west":  { "uv": [ 0, 0, 16, 1 ], "texture": "#west", "cullface": "west" },
        "east":  { "uv": [ 16, 0, 0, 1 ], "texture": "#east", "cullface": "east" }
    }
},
{
    "__comment": "ShelvesB*",
    "from": [ 0, 0, 0 ],
    "to": [ 8, 1.5, 16 ],
    "faces": {
        "down":  { "uv": [ 0, 16, 8, 0 ], "texture": "#down", "cullface": "down" },
        "up":    { "uv": [ 0, 0, 8, 16 ], "texture": "#up", "cullface": "west" },
        "north": { "uv": [ 8, 14.5, 0, 16 ], "texture": "#north", "cullface": "north" },
        "south": { "uv": [ 0, 14.5, 8, 16 ], "texture": "#south", "cullface": "south" },
        "west":  { "uv": [ 0, 14.5, 16, 16 ], "texture": "#west", "cullface": "west" },
        "east":  { "uv": [ 16, 14.5, 0, 16 ], "texture": "#east", "cullface": "east" }
    }
},
{
    "__comment": "ShelvesM*",
    "from": [ 0, 8, 0 ],
    "to": [ 8, 9, 16 ],
    "faces": {
        "down":  { "uv": [ 0, 16, 8, 0 ], "texture": "#down", "cullface": "west" },
        "up":    { "uv": [ 0, 0, 8, 16 ], "texture": "#up", "cullface": "west" },
        "north": { "uv": [ 8, 7, 0, 8 ], "texture": "#north", "cullface": "north" },
        "south": { "uv": [ 0, 7, 8, 8 ], "texture": "#south", "cullface": "south" },
        "west":  { "uv": [ 0, 7, 16, 8 ], "texture": "#west", "cullface": "west" },
        "east":  { "uv": [ 16, 7, 0, 8 ], "texture": "#east", "cullface": "east" }
    }
},
{
    "__comment": "ShelvesU*",
    "from": [ 0, 15, 0 ],
    "to": [ 8, 16, 16 ],
    "faces": {
        "down":  { "uv": [ 0, 16, 8, 0 ], "texture": "#down", "cullface": "west" },
        "up":    { "uv": [ 0, 0, 8, 16 ], "texture": "#up", "cullface": "up" },
        "north": { "uv": [ 8, 0, 0, 1 ], "texture": "#north", "cullface": "north" },
        "south": { "uv": [ 0, 0, 8, 1 ], "texture": "#south", "cullface": "south" },
        "west":  { "uv": [ 0, 0, 16, 1 ], "texture": "#west", "cullface": "west" },
        "east":  { "uv": [ 16, 0, 0, 1 ], "texture": "#east", "cullface": "east" }
    }
},
{
    "from": [ 16, 0, 0 ],
    "to": [ 16, 16, 22.5 ],
    "rotation": { "origin": [ 16, 0, 0 ], "axis": "y", "angle": -45 },
    "faces": {
        "west":  { "uv": [ 1, 1, 1.5, 1.5 ], "texture": "#north" },
        "east":  { "uv": [ 1, 1, 1.5, 1.5 ], "texture": "#north" }
    }
},
{
    "from": [ 0, 0, 0 ],
    "to": [ 22.5, 16, 0 ],
    "rotation": { "origin": [ 0, 0, 0 ], "axis": "y", "angle": -45 },
    "faces": {
        "north": { "uv": [ 1, 1, 1.5, 1.5 ], "texture": "#north" },
        "south": { "uv": [ 1, 1, 1.5, 1.5 ], "texture": "#north" }
    }
}
]
}