{
"__comment": "3D Mesh designed with BDcraft Cubik - Version PRO 0.65 Beta",
"textures": {
    "down": "blocks/planks_oak",
    "up": "blocks/planks_oak",
    "north": "blocks/bookshelfvar1",
    "south": "blocks/bookshelfvar1",
    "west": "blocks/bookshelfvar1",
    "east": "blocks/bookshelfvar1",
    "skull": "blocks/skull",
    "particle": "blocks/bookshelf"
},
"elements": [ 
{
    "__comment": "Back",
    "from": [ 0, 0.5, 15.5 ],
    "to": [ 21.5, 15.5, 16 ],
    "rotation": { "origin": [ 0, 0.5, 15.5 ], "axis": "y", "angle": 45 },
    "faces": {
        "down":  { "uv": [ 0, 0, 16, 1 ], "texture": "#down" },
        "up":    { "uv": [ 0, 0, 16, 1 ], "texture": "#up" },
        "north": { "uv": [ 2, 8, 3, 9 ], "texture": "#north" },
        "south": { "uv": [ 6, 8, 7, 9 ], "texture": "#south" },
        "west":  { "uv": [ 0, 0, 1, 16 ], "texture": "#west" },
        "east":  { "uv": [ 15, 0, 16, 16 ], "texture": "#east" }
    }
},
{
    "__comment": "Back",
    "from": [ 0.5, 0.5, 0.5 ],
    "to": [ 21.5, 15.5, 1 ],
    "rotation": { "origin": [ 0.5, 0.5, 0.5 ], "axis": "y", "angle": -45 },
    "faces": {
        "down":  { "uv": [ 0, 0, 16, 1 ], "texture": "#down" },
        "up":    { "uv": [ 0, 0, 16, 1 ], "texture": "#up" },
        "north": { "uv": [ 2, 8, 3, 9 ], "texture": "#north" },
        "south": { "uv": [ 6, 8, 7, 9 ], "texture": "#south" },
        "west":  { "uv": [ 0, 0, 1, 16 ], "texture": "#west" },
        "east":  { "uv": [ 15, 0, 16, 16 ], "texture": "#east" }
    }
},
{
    "__comment": "Book-s",
    "from": [ 4.5, 9, 12.5 ],
    "to": [ 9.5, 14, 17.5 ],
    "rotation": { "origin": [ 4.5, 9, 12.5 ], "axis": "y", "angle": 22.5 },
    "faces": {
        "down":  { "uv": [ 5.75, 7.5, 7, 6.5 ], "texture": "#skull", "cullface": "south" },
        "up":    { "uv": [ 8, 0, 16, 8 ], "texture": "#skull", "cullface": "south" },
        "north": { "uv": [ 8, 6.25, 5, 7.25 ], "texture": "#skull", "cullface": "south" },
        "south": { "uv": [ 8, 8, 16, 16 ], "texture": "#skull", "cullface": "south" },
        "west":  { "uv": [ 8, 0, 0, 8 ], "texture": "#skull", "cullface": "south" },
        "east":  { "uv": [ 8, 8, 0, 16 ], "texture": "#skull", "cullface": "south" }
    }
},
{
    "__comment": "Book-s",
    "from": [ 1, 9, 15 ],
    "to": [ 3, 15, 16.5 ],
    "faces": {
        "down":  { "uv": [ 1, 7, 3, 6 ], "texture": "#north", "cullface": "south" },
        "up":    { "uv": [ 1, 1.5, 3, 2.5 ], "texture": "#north", "cullface": "south" },
        "north": { "uv": [ 3, 1, 1, 7 ], "texture": "#north", "cullface": "south" },
        "south": { "uv": [ 1, 1, 3, 7 ], "texture": "#north", "cullface": "south" },
        "west":  { "uv": [ 1, 1, 2, 7 ], "texture": "#north", "cullface": "south" },
        "east":  { "uv": [ 3, 1, 2, 7 ], "texture": "#north", "cullface": "south" }
    }
},
{
    "__comment": "Book-s",
    "from": [ 3, 9, 12 ],
    "to": [ 5, 15, 16 ],
    "faces": {
        "down":  { "uv": [ 3, 7, 5, 3 ], "texture": "#north", "cullface": "south" },
        "up":    { "uv": [ 3, 1, 5, 5 ], "texture": "#north", "cullface": "south" },
        "north": { "uv": [ 5, 1, 3, 7 ], "texture": "#north", "cullface": "south" },
        "south": { "uv": [ 3, 1, 5, 7 ], "texture": "#north", "cullface": "south" },
        "west":  { "uv": [ 3, 1, 5, 7 ], "texture": "#north", "cullface": "south" },
        "east":  { "uv": [ 5, 1, 3, 7 ], "texture": "#north", "cullface": "south" }
    }
},
{
    "__comment": "Book-s",
    "from": [ 12, 9, 12 ],
    "to": [ 14, 15, 16 ],
    "faces": {
        "down":  { "uv": [ 12, 7, 14, 3 ], "texture": "#north", "cullface": "south" },
        "up":    { "uv": [ 12, 1, 14, 5 ], "texture": "#north", "cullface": "south" },
        "north": { "uv": [ 14, 1, 12, 7 ], "texture": "#north", "cullface": "south" },
        "south": { "uv": [ 12, 1, 14, 7 ], "texture": "#north", "cullface": "south" },
        "west":  { "uv": [ 10.5, 1, 14.5, 7 ], "texture": "#north", "cullface": "south" },
        "east":  { "uv": [ 14.5, 1, 10.5, 7 ], "texture": "#north", "cullface": "south" }
    }
},
{
    "__comment": "Book-s",
    "from": [ 11, 9, 11 ],
    "to": [ 12, 15, 15 ],
    "faces": {
        "down":  { "uv": [ 11, 7, 12, 3 ], "texture": "#north", "cullface": "south" },
        "up":    { "uv": [ 11, 1.5, 12, 5.5 ], "texture": "#north", "cullface": "south" },
        "north": { "uv": [ 12, 1, 11, 7 ], "texture": "#north", "cullface": "south" },
        "south": { "uv": [ 11, 1, 12, 7 ], "texture": "#north", "cullface": "south" },
        "west":  { "uv": [ 3, 1, 7, 7 ], "texture": "#north", "cullface": "south" },
        "east":  { "uv": [ 8, 1, 4, 7 ], "texture": "#north", "cullface": "south" }
    }
},
{
    "__comment": "Book-s",
    "from": [ 14, 9, 14 ],
    "to": [ 15, 14, 15.5 ],
    "faces": {
        "down":  { "uv": [ 14, 7, 15, 5.5 ], "texture": "#north", "cullface": "south" },
        "up":    { "uv": [ 14, 2, 15, 3.5 ], "texture": "#north", "cullface": "south" },
        "north": { "uv": [ 15, 2, 14, 7 ], "texture": "#north", "cullface": "south" },
        "south": { "uv": [ 14, 2, 15, 7 ], "texture": "#north", "cullface": "south" },
        "west":  { "uv": [ 5.5, 9.5, 7, 14.5 ], "texture": "#north", "cullface": "south" },
        "east":  { "uv": [ 7, 9.5, 5.5, 14.5 ], "texture": "#north", "cullface": "south" }
    }
},
{
    "__comment": "Book-s",
    "from": [ 1, 1.5, 14.5 ],
    "to": [ 3, 7, 16 ],
    "faces": {
        "down":  { "uv": [ 1, 14.5, 3, 13 ], "texture": "#north", "cullface": "south" },
        "up":    { "uv": [ 1, 9, 3, 10.5 ], "texture": "#north", "cullface": "south" },
        "north": { "uv": [ 3, 9, 1, 14.5 ], "texture": "#north", "cullface": "south" },
        "south": { "uv": [ 1, 9, 3, 14.5 ], "texture": "#north", "cullface": "south" },
        "west":  { "uv": [ 1, 9, 2.5, 14.5 ], "texture": "#north", "cullface": "south" },
        "east":  { "uv": [ 3, 9, 1.5, 14.5 ], "texture": "#north", "cullface": "south" }
    }
},
{
    "__comment": "Book-s",
    "from": [ 3, 1.5, 13.5 ],
    "to": [ 5.5, 7.5, 16 ],
    "faces": {
        "down":  { "uv": [ 3, 14.5, 5.5, 12 ], "texture": "#north", "cullface": "south" },
        "up":    { "uv": [ 3, 8.5, 5.5, 11 ], "texture": "#north", "cullface": "south" },
        "north": { "uv": [ 5.5, 8.5, 3, 14.5 ], "texture": "#north", "cullface": "south" },
        "south": { "uv": [ 3, 8.5, 5.5, 14.5 ], "texture": "#north", "cullface": "south" },
        "west":  { "uv": [ 3, 8.5, 5.5, 14.5 ], "texture": "#north", "cullface": "south" },
        "east":  { "uv": [ 5.5, 8.5, 3, 14.5 ], "texture": "#north", "cullface": "south" }
    }
},
{
    "__comment": "Book-s",
    "from": [ 5.5, 1.5, 13 ],
    "to": [ 7, 6.5, 15.5 ],
    "faces": {
        "down":  { "uv": [ 5.5, 14.5, 7, 12 ], "texture": "#north", "cullface": "south" },
        "up":    { "uv": [ 5.5, 9.5, 7, 12 ], "texture": "#north", "cullface": "south" },
        "north": { "uv": [ 7, 9.5, 5.5, 14.5 ], "texture": "#north", "cullface": "south" },
        "south": { "uv": [ 5.5, 9.5, 7, 14.5 ], "texture": "#north", "cullface": "south" },
        "west":  { "uv": [ 4.5, 9.5, 7, 14.5 ], "texture": "#north", "cullface": "south" },
        "east":  { "uv": [ 8, 9.5, 5.5, 14.5 ], "texture": "#north", "cullface": "south" }
    }
},
{
    "__comment": "Book-s",
    "from": [ 9.5, 1.5, 11 ],
    "to": [ 11, 6.5, 15.5 ],
    "faces": {
        "down":  { "uv": [ 9.5, 14.5, 11, 10 ], "texture": "#north", "cullface": "south" },
        "up":    { "uv": [ 9.5, 9.5, 11, 14 ], "texture": "#north", "cullface": "south" },
        "north": { "uv": [ 11, 9.5, 9.5, 14.5 ], "texture": "#north", "cullface": "south" },
        "south": { "uv": [ 9.5, 9.5, 11, 14.5 ], "texture": "#north", "cullface": "south" },
        "west":  { "uv": [ 9.5, 9.5, 11, 14.5 ], "texture": "#north", "cullface": "south" },
        "east":  { "uv": [ 11, 9.5, 9.5, 14.5 ], "texture": "#north", "cullface": "south" }
    }
},
{
    "__comment": "Book-s",
    "from": [ 11, 1.5, 12 ],
    "to": [ 13.5, 7.5, 15 ],
    "faces": {
        "down":  { "uv": [ 11, 14.5, 13.5, 11.5 ], "texture": "#north", "cullface": "south" },
        "up":    { "uv": [ 11, 8.5, 13.5, 11.5 ], "texture": "#north", "cullface": "south" },
        "north": { "uv": [ 13.5, 8.5, 11, 14.5 ], "texture": "#north", "cullface": "south" },
        "south": { "uv": [ 11, 8.5, 13.5, 14.5 ], "texture": "#north", "cullface": "south" },
        "west":  { "uv": [ 11, 8.5, 14, 14.5 ], "texture": "#north", "cullface": "south" },
        "east":  { "uv": [ 14, 8.5, 11, 14.5 ], "texture": "#north", "cullface": "south" }
    }
},
{
    "__comment": "Book-s",
    "from": [ 13.5, 1.5, 14.5 ],
    "to": [ 15, 7, 15.5 ],
    "faces": {
        "down":  { "uv": [ 13.5, 14.5, 15, 13.5 ], "texture": "#north", "cullface": "south" },
        "up":    { "uv": [ 13.5, 9, 15, 10 ], "texture": "#north", "cullface": "south" },
        "north": { "uv": [ 15, 9, 13.5, 14.5 ], "texture": "#north", "cullface": "south" },
        "south": { "uv": [ 13.5, 9, 15, 14.5 ], "texture": "#north", "cullface": "south" },
        "west":  { "uv": [ 14.5, 9, 13.5, 14.5 ], "texture": "#north", "cullface": "south" },
        "east":  { "uv": [ 13.5, 9, 14.5, 14.5 ], "texture": "#north", "cullface": "south" }
    }
},
{
    "__comment": "Book-s",
    "from": [ 7, 1.5, 12 ],
    "to": [ 9.5, 7.5, 16.5 ],
    "faces": {
        "down":  { "uv": [ 3, 14.5, 5.5, 10.5 ], "texture": "#north", "cullface": "south" },
        "up":    { "uv": [ 3, 8.5, 5.5, 12.5 ], "texture": "#north", "cullface": "south" },
        "north": { "uv": [ 5.5, 8.5, 3, 14.5 ], "texture": "#north", "cullface": "south" },
        "south": { "uv": [ 3, 8.5, 5.5, 14.5 ], "texture": "#north", "cullface": "south" },
        "west":  { "uv": [ 7, 8.5, 3, 14.5 ], "texture": "#north", "cullface": "south" },
        "east":  { "uv": [ 3, 8.5, 7, 14.5 ], "texture": "#north", "cullface": "south" }
    }
},
{
    "__comment": "Book-n",
    "from": [ 5.5, 1.5, 1 ],
    "to": [ 10.5, 6.5, 6 ],
    "faces": {
        "down":  { "uv": [ 5.75, 7.5, 7, 6.5 ], "texture": "#skull", "cullface": "north" },
        "up":    { "uv": [ 8, 0, 16, 8 ], "texture": "#skull", "cullface": "north" },
        "north": { "uv": [ 16, 8, 8, 16 ], "texture": "#skull", "cullface": "north" },
        "south": { "uv": [ 6.5, 6.5, 8, 8 ], "texture": "#skull", "cullface": "north" },
        "west":  { "uv": [ 8, 8, 0, 16 ], "texture": "#skull", "cullface": "north" },
        "east":  { "uv": [ 8, 0, 0, 8 ], "texture": "#skull", "cullface": "north" }
    }
},
{
    "__comment": "Book-n",
    "from": [ 13, 9, -0.5 ],
    "to": [ 15, 15, 1 ],
    "faces": {
        "down":  { "uv": [ 1, 7, 3, 6 ], "texture": "#north", "cullface": "north" },
        "up":    { "uv": [ 1, 1.5, 3, 2.5 ], "texture": "#north", "cullface": "north" },
        "north": { "uv": [ 3, 1, 1, 7 ], "texture": "#north", "cullface": "north" },
        "south": { "uv": [ 1, 1, 3, 7 ], "texture": "#north", "cullface": "north" },
        "west":  { "uv": [ 1, 1, 2, 7 ], "texture": "#north", "cullface": "north" },
        "east":  { "uv": [ 3, 1, 2, 7 ], "texture": "#north", "cullface": "north" }
    }
},
{
    "__comment": "Book-n",
    "from": [ 11, 9, 0 ],
    "to": [ 13, 15, 4 ],
    "faces": {
        "down":  { "uv": [ 3, 7, 5, 3 ], "texture": "#north", "cullface": "north" },
        "up":    { "uv": [ 3, 1, 5, 5 ], "texture": "#north", "cullface": "north" },
        "north": { "uv": [ 5, 1, 3, 7 ], "texture": "#north", "cullface": "north" },
        "south": { "uv": [ 3, 1, 5, 7 ], "texture": "#north", "cullface": "north" },
        "west":  { "uv": [ 3, 1, 5, 7 ], "texture": "#north", "cullface": "north" },
        "east":  { "uv": [ 5, 1, 3, 7 ], "texture": "#north", "cullface": "north" }
    }
},
{
    "__comment": "Book-n",
    "from": [ 2, 9, 0 ],
    "to": [ 4, 15, 4 ],
    "faces": {
        "down":  { "uv": [ 12, 7, 14, 3 ], "texture": "#north", "cullface": "north" },
        "up":    { "uv": [ 12, 1, 14, 5 ], "texture": "#north", "cullface": "north" },
        "north": { "uv": [ 14, 1, 12, 7 ], "texture": "#north", "cullface": "north" },
        "south": { "uv": [ 12, 1, 14, 7 ], "texture": "#north", "cullface": "north" },
        "west":  { "uv": [ 14.5, 1, 10.5, 7 ], "texture": "#north", "cullface": "north" },
        "east":  { "uv": [ 10.5, 1, 14.5, 7 ], "texture": "#north", "cullface": "north" }
    }
},
{
    "__comment": "Book-n",
    "from": [ 4, 9, 1 ],
    "to": [ 5, 15, 5 ],
    "faces": {
        "down":  { "uv": [ 11, 7, 12, 3 ], "texture": "#north", "cullface": "north" },
        "up":    { "uv": [ 11, 1.5, 12, 5.5 ], "texture": "#north", "cullface": "north" },
        "north": { "uv": [ 12, 1, 11, 7 ], "texture": "#north", "cullface": "north" },
        "south": { "uv": [ 11, 1, 12, 7 ], "texture": "#north", "cullface": "north" },
        "west":  { "uv": [ 3, 1, 7, 7 ], "texture": "#north", "cullface": "north" },
        "east":  { "uv": [ 8, 1, 4, 7 ], "texture": "#north", "cullface": "north" }
    }
},
{
    "__comment": "Book-n",
    "from": [ 1, 9, 0.5 ],
    "to": [ 2, 14, 2 ],
    "faces": {
        "down":  { "uv": [ 14, 7, 15, 5.5 ], "texture": "#north", "cullface": "north" },
        "up":    { "uv": [ 14, 2, 15, 3.5 ], "texture": "#north", "cullface": "north" },
        "north": { "uv": [ 15, 2, 14, 7 ], "texture": "#north", "cullface": "north" },
        "south": { "uv": [ 14, 2, 15, 7 ], "texture": "#north", "cullface": "north" },
        "west":  { "uv": [ 5.5, 9.5, 7, 14.5 ], "texture": "#north", "cullface": "north" },
        "east":  { "uv": [ 7, 9.5, 5.5, 14.5 ], "texture": "#north", "cullface": "north" }
    }
},
{
    "__comment": "Book-n",
    "from": [ 13, 1.5, 0 ],
    "to": [ 15, 7, 1.5 ],
    "faces": {
        "down":  { "uv": [ 1, 14.5, 3, 13 ], "texture": "#north", "cullface": "north" },
        "up":    { "uv": [ 1, 9, 3, 10.5 ], "texture": "#north", "cullface": "north" },
        "north": { "uv": [ 3, 9, 1, 14.5 ], "texture": "#north", "cullface": "north" },
        "south": { "uv": [ 1, 9, 3, 14.5 ], "texture": "#north", "cullface": "north" },
        "west":  { "uv": [ 1, 9, 2.5, 14.5 ], "texture": "#north", "cullface": "north" },
        "east":  { "uv": [ 3, 9, 1.5, 14.5 ], "texture": "#north", "cullface": "north" }
    }
},
{
    "__comment": "Book-n",
    "from": [ 10.5, 1.5, 0 ],
    "to": [ 13, 7.5, 2.5 ],
    "faces": {
        "down":  { "uv": [ 3, 14.5, 5.5, 12 ], "texture": "#north", "cullface": "north" },
        "up":    { "uv": [ 3, 8.5, 5.5, 11 ], "texture": "#north", "cullface": "north" },
        "north": { "uv": [ 5.5, 8.5, 3, 14.5 ], "texture": "#north", "cullface": "north" },
        "south": { "uv": [ 3, 8.5, 5.5, 14.5 ], "texture": "#north", "cullface": "north" },
        "west":  { "uv": [ 3, 8.5, 5.5, 14.5 ], "texture": "#north", "cullface": "north" },
        "east":  { "uv": [ 5.5, 8.5, 3, 14.5 ], "texture": "#north", "cullface": "north" }
    }
},
{
    "__comment": "Book-n",
    "from": [ 9.5, 9, 0.5 ],
    "to": [ 11, 14, 2 ],
    "faces": {
        "down":  { "uv": [ 5.5, 14.5, 7, 12 ], "texture": "#north", "cullface": "north" },
        "up":    { "uv": [ 5.5, 9.5, 7, 12 ], "texture": "#north", "cullface": "north" },
        "north": { "uv": [ 7, 9.5, 5.5, 14.5 ], "texture": "#north", "cullface": "north" },
        "south": { "uv": [ 5.5, 9.5, 7, 14.5 ], "texture": "#north", "cullface": "north" },
        "west":  { "uv": [ 5, 9.5, 6.5, 14.5 ], "texture": "#north", "cullface": "north" },
        "east":  { "uv": [ 7, 9.5, 5.5, 14.5 ], "texture": "#north", "cullface": "north" }
    }
},
{
    "__comment": "Book-n",
    "from": [ 8, 9, 0 ],
    "to": [ 9.5, 14, 4.5 ],
    "faces": {
        "down":  { "uv": [ 9.5, 14.5, 11, 10 ], "texture": "#north", "cullface": "north" },
        "up":    { "uv": [ 9.5, 9.5, 11, 14 ], "texture": "#north", "cullface": "north" },
        "north": { "uv": [ 11, 9.5, 9.5, 14.5 ], "texture": "#north", "cullface": "north" },
        "south": { "uv": [ 9.5, 9.5, 11, 14.5 ], "texture": "#north", "cullface": "north" },
        "west":  { "uv": [ 9.5, 9.5, 11, 14.5 ], "texture": "#north", "cullface": "north" },
        "east":  { "uv": [ 11, 9.5, 9.5, 14.5 ], "texture": "#north", "cullface": "north" }
    }
},
{
    "__comment": "Book-n",
    "from": [ 2.5, 1.5, 1 ],
    "to": [ 5, 7.5, 4 ],
    "faces": {
        "down":  { "uv": [ 11, 14.5, 13.5, 11.5 ], "texture": "#north", "cullface": "north" },
        "up":    { "uv": [ 11, 8.5, 13.5, 11.5 ], "texture": "#north", "cullface": "north" },
        "north": { "uv": [ 13.5, 8.5, 11, 14.5 ], "texture": "#north", "cullface": "north" },
        "south": { "uv": [ 11, 8.5, 13.5, 14.5 ], "texture": "#north", "cullface": "north" },
        "west":  { "uv": [ 11, 8.5, 14, 14.5 ], "texture": "#north", "cullface": "north" },
        "east":  { "uv": [ 14, 8.5, 11, 14.5 ], "texture": "#north", "cullface": "north" }
    }
},
{
    "__comment": "Book-n",
    "from": [ 1, 1.5, 0.5 ],
    "to": [ 2.5, 7, 1.5 ],
    "faces": {
        "down":  { "uv": [ 13.5, 14.5, 15, 13.5 ], "texture": "#north", "cullface": "north" },
        "up":    { "uv": [ 13.5, 9, 15, 10 ], "texture": "#north", "cullface": "north" },
        "north": { "uv": [ 15, 9, 13.5, 14.5 ], "texture": "#north", "cullface": "north" },
        "south": { "uv": [ 13.5, 9, 15, 14.5 ], "texture": "#north", "cullface": "north" },
        "west":  { "uv": [ 14.5, 9, 13.5, 14.5 ], "texture": "#north", "cullface": "north" },
        "east":  { "uv": [ 13.5, 9, 14.5, 14.5 ], "texture": "#north", "cullface": "north" }
    }
},
{
    "__comment": "Book-n",
    "from": [ 5, 9, 0 ],
    "to": [ 8, 14.5, 5 ],
    "faces": {
        "down":  { "uv": [ 5, 7, 8, 2 ], "texture": "#north", "cullface": "north" },
        "up":    { "uv": [ 5, 1.5, 8, 6.5 ], "texture": "#north", "cullface": "north" },
        "north": { "uv": [ 8, 1.5, 5, 7 ], "texture": "#north", "cullface": "north" },
        "south": { "uv": [ 5, 1.5, 8, 7 ], "texture": "#north", "cullface": "north" },
        "west":  { "uv": [ 2.5, 1.5, 7.5, 7 ], "texture": "#north", "cullface": "north" },
        "east":  { "uv": [ 7.5, 1.5, 2.5, 7 ], "texture": "#north", "cullface": "north" }
    }
},
{
    "__comment": "Book-e",
    "from": [ 15, 9, 2 ],
    "to": [ 16.5, 15, 4 ],
    "faces": {
        "down":  { "uv": [ 12.5, 5, 14, 3 ], "texture": "#north", "cullface": "east" },
        "up":    { "uv": [ 12.5, 3, 14, 5 ], "texture": "#north", "cullface": "east" },
        "north": { "uv": [ 12.5, 1, 14, 7 ], "texture": "#north", "cullface": "east" },
        "south": { "uv": [ 12.5, 1, 14, 7 ], "texture": "#north", "cullface": "east" },
        "west":  { "uv": [ 12, 1, 14, 7 ], "texture": "#north", "cullface": "east" },
        "east":  { "uv": [ 12, 1, 14, 7 ], "texture": "#north", "cullface": "east" }
    }
},
{
    "__comment": "Book-e",
    "from": [ 12, 9, 11 ],
    "to": [ 16, 15, 13 ],
    "faces": {
        "down":  { "uv": [ 3, 5.5, 7, 3.5 ], "texture": "#north", "cullface": "east" },
        "up":    { "uv": [ 3, 3.5, 7, 5.5 ], "texture": "#north", "cullface": "east" },
        "north": { "uv": [ 3, 1, 7, 7 ], "texture": "#north", "cullface": "east" },
        "south": { "uv": [ 1, 1, 5, 7 ], "texture": "#north", "cullface": "east" },
        "west":  { "uv": [ 3, 1, 5, 7 ], "texture": "#north", "cullface": "east" },
        "east":  { "uv": [ 3, 1, 5, 7 ], "texture": "#north", "cullface": "east" }
    }
},
{
    "__comment": "Book-e",
    "from": [ 12, 9, 13 ],
    "to": [ 16, 15, 15 ],
    "faces": {
        "down":  { "uv": [ 3, 12, 7, 10 ], "texture": "#north", "cullface": "east" },
        "up":    { "uv": [ 3, 10, 7, 12 ], "texture": "#north", "cullface": "east" },
        "north": { "uv": [ 3, 8.5, 7, 14.5 ], "texture": "#north", "cullface": "east" },
        "south": { "uv": [ 3, 8.5, 7, 14.5 ], "texture": "#north", "cullface": "east" },
        "west":  { "uv": [ 1, 1, 3, 7 ], "texture": "#north", "cullface": "east" },
        "east":  { "uv": [ 1, 1, 3, 7 ], "texture": "#north", "cullface": "east" }
    }
},
{
    "__comment": "Book-e",
    "from": [ 11, 9, 4 ],
    "to": [ 15, 15, 5 ],
    "faces": {
        "down":  { "uv": [ 3, 5.5, 7, 4.5 ], "texture": "#north", "cullface": "east" },
        "up":    { "uv": [ 3, 4.5, 7, 5.5 ], "texture": "#north", "cullface": "east" },
        "north": { "uv": [ 1, 1, 5, 7 ], "texture": "#north", "cullface": "east" },
        "south": { "uv": [ 3, 1, 7, 7 ], "texture": "#north", "cullface": "east" },
        "west":  { "uv": [ 10, 1, 11, 7 ], "texture": "#north", "cullface": "east" },
        "east":  { "uv": [ 11, 1, 12, 7 ], "texture": "#north", "cullface": "east" }
    }
},
{
    "__comment": "Book-e",
    "from": [ 14, 9, 1 ],
    "to": [ 15.5, 14, 2 ],
    "faces": {
        "down":  { "uv": [ 1, 4, 2.5, 3 ], "texture": "#north", "cullface": "east" },
        "up":    { "uv": [ 1.5, 2.5, 3, 3.5 ], "texture": "#north", "cullface": "east" },
        "north": { "uv": [ 1, 2, 2.5, 7 ], "texture": "#north", "cullface": "east" },
        "south": { "uv": [ 1.5, 2, 3, 7 ], "texture": "#north", "cullface": "east" },
        "west":  { "uv": [ 14, 2, 15, 7 ], "texture": "#north", "cullface": "east" },
        "east":  { "uv": [ 14, 2, 15, 7 ], "texture": "#north", "cullface": "east" }
    }
},
{
    "__comment": "Book-e",
    "from": [ 14.5, 1.5, 13 ],
    "to": [ 16, 7, 15 ],
    "faces": {
        "down":  { "uv": [ 1, 13, 2.5, 11 ], "texture": "#north", "cullface": "east" },
        "up":    { "uv": [ 1.5, 11, 3, 13 ], "texture": "#north", "cullface": "east" },
        "north": { "uv": [ 1, 9, 2.5, 14.5 ], "texture": "#north", "cullface": "east" },
        "south": { "uv": [ 1.5, 9, 3, 14.5 ], "texture": "#north", "cullface": "east" },
        "west":  { "uv": [ 1, 9, 3, 14.5 ], "texture": "#north", "cullface": "east" },
        "east":  { "uv": [ 1, 9, 3, 14.5 ], "texture": "#north", "cullface": "east" }
    }
},
{
    "__comment": "Book-e",
    "from": [ 13.5, 1.5, 10.5 ],
    "to": [ 16, 7.5, 13 ],
    "faces": {
        "down":  { "uv": [ 3, 14.5, 5.5, 12 ], "texture": "#north", "cullface": "east" },
        "up":    { "uv": [ 3, 12, 5.5, 14.5 ], "texture": "#north", "cullface": "east" },
        "north": { "uv": [ 3, 8.5, 5.5, 14.5 ], "texture": "#north", "cullface": "east" },
        "south": { "uv": [ 3, 8.5, 5.5, 14.5 ], "texture": "#north", "cullface": "east" },
        "west":  { "uv": [ 3, 8.5, 5.5, 14.5 ], "texture": "#north", "cullface": "east" },
        "east":  { "uv": [ 3, 8.5, 5.5, 14.5 ], "texture": "#north", "cullface": "east" }
    }
},
{
    "__comment": "Book-e",
    "from": [ 13, 1.5, 9 ],
    "to": [ 15.5, 6.5, 10.5 ],
    "faces": {
        "down":  { "uv": [ 12, 5, 14.5, 3.5 ], "texture": "#north", "cullface": "east" },
        "up":    { "uv": [ 12, 3, 14.5, 4.5 ], "texture": "#north", "cullface": "east" },
        "north": { "uv": [ 3, 9.5, 5.5, 14.5 ], "texture": "#north", "cullface": "east" },
        "south": { "uv": [ 12, 2, 14.5, 7 ], "texture": "#north", "cullface": "east" },
        "west":  { "uv": [ 5.5, 9.5, 7, 14.5 ], "texture": "#north", "cullface": "east" },
        "east":  { "uv": [ 5.5, 9.5, 7, 14.5 ], "texture": "#north", "cullface": "east" }
    }
},
{
    "__comment": "Book-e",
    "from": [ 11, 1.5, 5 ],
    "to": [ 15.5, 6.5, 6.5 ],
    "faces": {
        "down":  { "uv": [ 10, 1.5, 5.5, 0 ], "texture": "#north", "cullface": "east" },
        "up":    { "uv": [ 3.5, 0, 8, 1.5 ], "texture": "#north", "cullface": "east" },
        "north": { "uv": [ 8, 2, 12.5, 7 ], "texture": "#north", "cullface": "east" },
        "south": { "uv": [ 5.5, 2, 10, 7 ], "texture": "#north", "cullface": "east" },
        "west":  { "uv": [ 9.5, 9.5, 11, 14.5 ], "texture": "#north", "cullface": "east" },
        "east":  { "uv": [ 9.5, 9.5, 11, 14.5 ], "texture": "#north", "cullface": "east" }
    }
},
{
    "__comment": "Book-e",
    "from": [ 12, 1.5, 2.5 ],
    "to": [ 15, 7.5, 5 ],
    "faces": {
        "down":  { "uv": [ 5, 5.5, 8, 3 ], "texture": "#north", "cullface": "east" },
        "up":    { "uv": [ 5, 3, 8, 5.5 ], "texture": "#north", "cullface": "east" },
        "north": { "uv": [ 11, 8.5, 14, 14.5 ], "texture": "#north", "cullface": "east" },
        "south": { "uv": [ 11, 8.5, 14, 14.5 ], "texture": "#north", "cullface": "east" },
        "west":  { "uv": [ 11, 8.5, 13.5, 14.5 ], "texture": "#north", "cullface": "east" },
        "east":  { "uv": [ 11, 8.5, 13.5, 14.5 ], "texture": "#north", "cullface": "east" }
    }
},
{
    "__comment": "Book-e",
    "from": [ 14.5, 1.5, 1 ],
    "to": [ 15.5, 7, 2.5 ],
    "faces": {
        "down":  { "uv": [ 14, 14.5, 15, 13 ], "texture": "#north", "cullface": "east" },
        "up":    { "uv": [ 14, 10, 15, 11.5 ], "texture": "#north", "cullface": "east" },
        "north": { "uv": [ 14.5, 9, 13.5, 14.5 ], "texture": "#north", "cullface": "east" },
        "south": { "uv": [ 14.5, 9, 13.5, 14.5 ], "texture": "#north", "cullface": "east" },
        "west":  { "uv": [ 13.5, 9, 15, 14.5 ], "texture": "#north", "cullface": "east" },
        "east":  { "uv": [ 13.5, 9, 15, 14.5 ], "texture": "#north", "cullface": "east" }
    }
},
{
    "__comment": "Book-e",
    "from": [ 12, 1.5, 6.5 ],
    "to": [ 16.5, 7, 9 ],
    "faces": {
        "down":  { "uv": [ 4, 5.5, 8, 3 ], "texture": "#north", "cullface": "east" },
        "up":    { "uv": [ 4, 3, 8, 5.5 ], "texture": "#north", "cullface": "east" },
        "north": { "uv": [ 4, 1.5, 8, 7 ], "texture": "#north", "cullface": "east" },
        "south": { "uv": [ 5.5, 1.5, 9.5, 7 ], "texture": "#north", "cullface": "east" },
        "west":  { "uv": [ 5.5, 1.5, 8, 7 ], "texture": "#north", "cullface": "east" },
        "east":  { "uv": [ 5.5, 1.5, 8, 7 ], "texture": "#north", "cullface": "east" }
    }
},
{
    "__comment": "Book-e",
    "from": [ 12, 9, 8 ],
    "to": [ 15.5, 14, 10 ],
    "faces": {
        "down":  { "uv": [ 7.5, 9, 11, 8 ], "texture": "#north", "cullface": "east" },
        "up":    { "uv": [ 8, 8, 11.5, 9 ], "texture": "#north", "cullface": "east" },
        "north": { "uv": [ 10, 2, 6.5, 7 ], "texture": "#north", "cullface": "east" },
        "south": { "uv": [ 8, 2, 11.5, 7 ], "texture": "#north", "cullface": "east" },
        "west":  { "uv": [ 8, 2, 10, 7 ], "texture": "#north", "cullface": "east" },
        "east":  { "uv": [ 10, 2, 8, 7 ], "texture": "#north", "cullface": "east" }
    }
},
{
    "__comment": "Book-e",
    "from": [ 11.5, 9, 5 ],
    "to": [ 15.5, 14.5, 8 ],
    "faces": {
        "down":  { "uv": [ 4.5, 4.5, 8.5, 1.5 ], "texture": "#north", "cullface": "east" },
        "up":    { "uv": [ 4.5, 1.5, 8.5, 4.5 ], "texture": "#north", "cullface": "east" },
        "north": { "uv": [ 8, 1.5, 4, 7 ], "texture": "#north", "cullface": "east" },
        "south": { "uv": [ 5.5, 1.5, 9.5, 7 ], "texture": "#north", "cullface": "east" },
        "west":  { "uv": [ 5, 1.5, 8, 7 ], "texture": "#north", "cullface": "east" },
        "east":  { "uv": [ 8, 1.5, 5, 7 ], "texture": "#north", "cullface": "east" }
    }
},
{
    "__comment": "Book-e",
    "from": [ 11.5, 9, 10 ],
    "to": [ 15, 14, 11 ],
    "faces": {
        "down":  { "uv": [ 11.5, 11, 15, 10 ], "texture": "#north", "cullface": "east" },
        "up":    { "uv": [ 11.5, 10, 15, 11 ], "texture": "#north", "cullface": "east" },
        "north": { "uv": [ 12, 2, 8.5, 7 ], "texture": "#north", "cullface": "east" },
        "south": { "uv": [ 10, 2, 13.5, 7 ], "texture": "#north", "cullface": "east" },
        "west":  { "uv": [ 10, 2, 11, 7 ], "texture": "#north", "cullface": "east" },
        "east":  { "uv": [ 10, 2, 11, 7 ], "texture": "#north", "cullface": "east" }
    }
},
{
    "__comment": "Book-w",
    "from": [ -0.5, 9, 12 ],
    "to": [ 1, 15, 14 ],
    "faces": {
        "down":  { "uv": [ 12.5, 5, 14, 3 ], "texture": "#north", "cullface": "west" },
        "up":    { "uv": [ 12.5, 3, 14, 5 ], "texture": "#north", "cullface": "west" },
        "north": { "uv": [ 12.5, 1, 14, 7 ], "texture": "#north", "cullface": "west" },
        "south": { "uv": [ 12.5, 1, 14, 7 ], "texture": "#north", "cullface": "west" },
        "west":  { "uv": [ 12, 1, 14, 7 ], "texture": "#north", "cullface": "west" },
        "east":  { "uv": [ 12, 1, 14, 7 ], "texture": "#north", "cullface": "west" }
    }
},
{
    "__comment": "Book-w",
    "from": [ 0, 9, 3 ],
    "to": [ 4, 15, 5 ],
    "faces": {
        "down":  { "uv": [ 3, 5.5, 7, 3.5 ], "texture": "#north", "cullface": "west" },
        "up":    { "uv": [ 3, 3.5, 7, 5.5 ], "texture": "#north", "cullface": "west" },
        "north": { "uv": [ 7, 1, 3, 7 ], "texture": "#north", "cullface": "west" },
        "south": { "uv": [ 5, 1, 1, 7 ], "texture": "#north", "cullface": "west" },
        "west":  { "uv": [ 3, 1, 5, 7 ], "texture": "#north", "cullface": "west" },
        "east":  { "uv": [ 3, 1, 5, 7 ], "texture": "#north", "cullface": "west" }
    }
},
{
    "__comment": "Book-w",
    "from": [ 0, 9, 1 ],
    "to": [ 4, 15, 3 ],
    "faces": {
        "down":  { "uv": [ 3, 12, 7, 10 ], "texture": "#north", "cullface": "west" },
        "up":    { "uv": [ 3, 10, 7, 12 ], "texture": "#north", "cullface": "west" },
        "north": { "uv": [ 3, 8.5, 7, 14.5 ], "texture": "#north", "cullface": "west" },
        "south": { "uv": [ 3, 8.5, 7, 14.5 ], "texture": "#north", "cullface": "west" },
        "west":  { "uv": [ 1, 1, 3, 7 ], "texture": "#north", "cullface": "west" },
        "east":  { "uv": [ 1, 1, 3, 7 ], "texture": "#north", "cullface": "west" }
    }
},
{
    "__comment": "Book-w",
    "from": [ 1, 9, 11 ],
    "to": [ 5, 15, 12 ],
    "faces": {
        "down":  { "uv": [ 3, 5.5, 7, 4.5 ], "texture": "#north", "cullface": "west" },
        "up":    { "uv": [ 3, 4.5, 7, 5.5 ], "texture": "#north", "cullface": "west" },
        "north": { "uv": [ 1, 1, 5, 7 ], "texture": "#north", "cullface": "west" },
        "south": { "uv": [ 3, 1, 7, 7 ], "texture": "#north", "cullface": "west" },
        "west":  { "uv": [ 10, 1, 11, 7 ], "texture": "#north", "cullface": "west" },
        "east":  { "uv": [ 11, 1, 12, 7 ], "texture": "#north", "cullface": "west" }
    }
},
{
    "__comment": "Book-w",
    "from": [ 0.5, 9, 14 ],
    "to": [ 2, 14, 15 ],
    "faces": {
        "down":  { "uv": [ 1, 4, 2.5, 3 ], "texture": "#north", "cullface": "west" },
        "up":    { "uv": [ 1.5, 2.5, 3, 3.5 ], "texture": "#north", "cullface": "west" },
        "north": { "uv": [ 1, 2, 2.5, 7 ], "texture": "#north", "cullface": "west" },
        "south": { "uv": [ 1.5, 2, 3, 7 ], "texture": "#north", "cullface": "west" },
        "west":  { "uv": [ 14, 2, 15, 7 ], "texture": "#north", "cullface": "west" },
        "east":  { "uv": [ 14, 2, 15, 7 ], "texture": "#north", "cullface": "west" }
    }
},
{
    "__comment": "Book-w",
    "from": [ 0, 1.5, 1 ],
    "to": [ 1.5, 7, 3 ],
    "faces": {
        "down":  { "uv": [ 1, 13, 2.5, 11 ], "texture": "#north", "cullface": "west" },
        "up":    { "uv": [ 1.5, 11, 3, 13 ], "texture": "#north", "cullface": "west" },
        "north": { "uv": [ 1, 9, 2.5, 14.5 ], "texture": "#north", "cullface": "west" },
        "south": { "uv": [ 1.5, 9, 3, 14.5 ], "texture": "#north", "cullface": "west" },
        "west":  { "uv": [ 1, 9, 3, 14.5 ], "texture": "#north", "cullface": "west" },
        "east":  { "uv": [ 1, 9, 3, 14.5 ], "texture": "#north", "cullface": "west" }
    }
},
{
    "__comment": "Book-w",
    "from": [ 0, 1.5, 3 ],
    "to": [ 2.5, 7.5, 5.5 ],
    "faces": {
        "down":  { "uv": [ 3, 14.5, 5.5, 12 ], "texture": "#north", "cullface": "west" },
        "up":    { "uv": [ 3, 12, 5.5, 14.5 ], "texture": "#north", "cullface": "west" },
        "north": { "uv": [ 3, 8.5, 5.5, 14.5 ], "texture": "#north", "cullface": "west" },
        "south": { "uv": [ 3, 8.5, 5.5, 14.5 ], "texture": "#north", "cullface": "west" },
        "west":  { "uv": [ 3, 8.5, 5.5, 14.5 ], "texture": "#north", "cullface": "west" },
        "east":  { "uv": [ 3, 8.5, 5.5, 14.5 ], "texture": "#north", "cullface": "west" }
    }
},
{
    "__comment": "Book-w",
    "from": [ 0.5, 1.5, 5.5 ],
    "to": [ 3, 6.5, 7 ],
    "faces": {
        "down":  { "uv": [ 12, 5, 14.5, 3.5 ], "texture": "#north", "cullface": "west" },
        "up":    { "uv": [ 12, 3, 14.5, 4.5 ], "texture": "#north", "cullface": "west" },
        "north": { "uv": [ 3, 9.5, 5.5, 14.5 ], "texture": "#north", "cullface": "west" },
        "south": { "uv": [ 12, 2, 14.5, 7 ], "texture": "#north", "cullface": "west" },
        "west":  { "uv": [ 5.5, 9.5, 7, 14.5 ], "texture": "#north", "cullface": "west" },
        "east":  { "uv": [ 5.5, 9.5, 7, 14.5 ], "texture": "#north", "cullface": "west" }
    }
},
{
    "__comment": "Book-w",
    "from": [ 0.5, 1.5, 9.5 ],
    "to": [ 5, 6.5, 11 ],
    "faces": {
        "down":  { "uv": [ 10, 1.5, 5.5, 0 ], "texture": "#north", "cullface": "west" },
        "up":    { "uv": [ 3.5, 0, 8, 1.5 ], "texture": "#north", "cullface": "west" },
        "north": { "uv": [ 8, 2, 12.5, 7 ], "texture": "#north", "cullface": "west" },
        "south": { "uv": [ 5.5, 2, 10, 7 ], "texture": "#north", "cullface": "west" },
        "west":  { "uv": [ 9.5, 9.5, 11, 14.5 ], "texture": "#north", "cullface": "west" },
        "east":  { "uv": [ 9.5, 9.5, 11, 14.5 ], "texture": "#north", "cullface": "west" }
    }
},
{
    "__comment": "Book-w",
    "from": [ 1, 1.5, 11 ],
    "to": [ 4, 7.5, 13.5 ],
    "faces": {
        "down":  { "uv": [ 5, 5.5, 8, 3 ], "texture": "#north", "cullface": "west" },
        "up":    { "uv": [ 5, 3, 8, 5.5 ], "texture": "#north", "cullface": "west" },
        "north": { "uv": [ 11, 8.5, 14, 14.5 ], "texture": "#north", "cullface": "west" },
        "south": { "uv": [ 11, 8.5, 14, 14.5 ], "texture": "#north", "cullface": "west" },
        "west":  { "uv": [ 11, 8.5, 13.5, 14.5 ], "texture": "#north", "cullface": "west" },
        "east":  { "uv": [ 11, 8.5, 13.5, 14.5 ], "texture": "#north", "cullface": "west" }
    }
},
{
    "__comment": "Book-w",
    "from": [ 0.5, 1.5, 13.5 ],
    "to": [ 1.5, 7, 15 ],
    "faces": {
        "down":  { "uv": [ 14, 14.5, 15, 13 ], "texture": "#north", "cullface": "west" },
        "up":    { "uv": [ 14, 10, 15, 11.5 ], "texture": "#north", "cullface": "west" },
        "north": { "uv": [ 14.5, 9, 13.5, 14.5 ], "texture": "#north", "cullface": "west" },
        "south": { "uv": [ 14.5, 9, 13.5, 14.5 ], "texture": "#north", "cullface": "west" },
        "west":  { "uv": [ 13.5, 9, 15, 14.5 ], "texture": "#north", "cullface": "west" },
        "east":  { "uv": [ 13.5, 9, 15, 14.5 ], "texture": "#north", "cullface": "west" }
    }
},
{
    "__comment": "Book-w",
    "from": [ -0.5, 1.5, 7 ],
    "to": [ 4, 7, 9.5 ],
    "faces": {
        "down":  { "uv": [ 4, 5.5, 8, 3 ], "texture": "#north", "cullface": "west" },
        "up":    { "uv": [ 4, 3, 8, 5.5 ], "texture": "#north", "cullface": "west" },
        "north": { "uv": [ 4, 1.5, 8, 7 ], "texture": "#north", "cullface": "west" },
        "south": { "uv": [ 5.5, 1.5, 9.5, 7 ], "texture": "#north", "cullface": "west" },
        "west":  { "uv": [ 5.5, 1.5, 8, 7 ], "texture": "#north", "cullface": "west" },
        "east":  { "uv": [ 5.5, 1.5, 8, 7 ], "texture": "#north", "cullface": "west" }
    }
},
{
    "__comment": "Book-w",
    "from": [ 0.5, 9, 6 ],
    "to": [ 4, 14, 8 ],
    "faces": {
        "down":  { "uv": [ 7.5, 9, 11, 8 ], "texture": "#north", "cullface": "west" },
        "up":    { "uv": [ 8, 8, 11.5, 9 ], "texture": "#north", "cullface": "west" },
        "north": { "uv": [ 6.5, 2, 10, 7 ], "texture": "#north", "cullface": "west" },
        "south": { "uv": [ 11.5, 2, 8, 7 ], "texture": "#north", "cullface": "west" },
        "west":  { "uv": [ 8, 2, 10, 7 ], "texture": "#north", "cullface": "west" },
        "east":  { "uv": [ 10, 2, 8, 7 ], "texture": "#north", "cullface": "west" }
    }
},
{
    "__comment": "Book-w",
    "from": [ 0.5, 9, 8 ],
    "to": [ 4.5, 14.5, 11 ],
    "faces": {
        "down":  { "uv": [ 4.5, 4.5, 8.5, 1.5 ], "texture": "#north", "cullface": "west" },
        "up":    { "uv": [ 4.5, 1.5, 8.5, 4.5 ], "texture": "#north", "cullface": "west" },
        "north": { "uv": [ 8, 1.5, 4, 7 ], "texture": "#north", "cullface": "west" },
        "south": { "uv": [ 5.5, 1.5, 9.5, 7 ], "texture": "#north", "cullface": "west" },
        "west":  { "uv": [ 5, 1.5, 8, 7 ], "texture": "#north", "cullface": "west" },
        "east":  { "uv": [ 8, 1.5, 5, 7 ], "texture": "#north", "cullface": "west" }
    }
},
{
    "__comment": "Book-w",
    "from": [ 1, 9, 5 ],
    "to": [ 4.5, 14, 6 ],
    "faces": {
        "down":  { "uv": [ 11.5, 11, 15, 10 ], "texture": "#north", "cullface": "west" },
        "up":    { "uv": [ 11.5, 10, 15, 11 ], "texture": "#north", "cullface": "west" },
        "north": { "uv": [ 12, 2, 8.5, 7 ], "texture": "#north", "cullface": "west" },
        "south": { "uv": [ 10, 2, 13.5, 7 ], "texture": "#north", "cullface": "west" },
        "west":  { "uv": [ 10, 2, 11, 7 ], "texture": "#north", "cullface": "west" },
        "east":  { "uv": [ 10, 2, 11, 7 ], "texture": "#north", "cullface": "west" }
    }
},
{
    "__comment": "BASE",
    "from": [ 0, 0, 8 ],
    "to": [ 16, 1.5, 16 ],
    "faces": {
        "down":  { "uv": [ 0, 16, 16, 8 ], "texture": "#down", "cullface": "down" },
        "up":    { "uv": [ 0, 8, 16, 16 ], "texture": "#up", "cullface": "south" },
        "north": { "uv": [ 16, 14.5, 0, 16 ], "texture": "#north", "cullface": "north" },
        "south": { "uv": [ 0, 14.5, 16, 16 ], "texture": "#south", "cullface": "south" },
        "west":  { "uv": [ 8, 14.5, 16, 16 ], "texture": "#west", "cullface": "west" },
        "east":  { "uv": [ 16, 14.5, 8, 16 ], "texture": "#east", "cullface": "east" }
    }
},
{
    "__comment": "BASE",
    "from": [ 0, 8, 0 ],
    "to": [ 16, 9, 8 ],
    "faces": {
        "down":  { "uv": [ 0, 8, 16, 0 ], "texture": "#down", "cullface": "north" },
        "up":    { "uv": [ 0, 0, 16, 8 ], "texture": "#up", "cullface": "north" },
        "north": { "uv": [ 16, 7, 0, 8 ], "texture": "#north", "cullface": "north" },
        "south": { "uv": [ 0, 7, 16, 8 ], "texture": "#south", "cullface": "south" },
        "west":  { "uv": [ 0, 7, 8, 8 ], "texture": "#west", "cullface": "west" },
        "east":  { "uv": [ 8, 7, 0, 8 ], "texture": "#east", "cullface": "east" }
    }
},
{
    "__comment": "BASE",
    "from": [ 0, 15, 0 ],
    "to": [ 16, 16, 8 ],
    "faces": {
        "down":  { "uv": [ 0, 8, 16, 0 ], "texture": "#down", "cullface": "north" },
        "up":    { "uv": [ 0, 0, 16, 8 ], "texture": "#up", "cullface": "up" },
        "north": { "uv": [ 16, 0, 0, 1 ], "texture": "#north", "cullface": "north" },
        "south": { "uv": [ 0, 0, 16, 1 ], "texture": "#south", "cullface": "south" },
        "west":  { "uv": [ 0, 0, 8, 1 ], "texture": "#west", "cullface": "west" },
        "east":  { "uv": [ 8, 0, 0, 1 ], "texture": "#east", "cullface": "east" }
    }
},
{
    "__comment": "BASE",
    "from": [ 0, 0, 0 ],
    "to": [ 16, 1.5, 8 ],
    "faces": {
        "down":  { "uv": [ 0, 8, 16, 0 ], "texture": "#down", "cullface": "down" },
        "up":    { "uv": [ 0, 0, 16, 8 ], "texture": "#up", "cullface": "north" },
        "north": { "uv": [ 16, 14.5, 0, 16 ], "texture": "#north", "cullface": "north" },
        "south": { "uv": [ 0, 14.5, 16, 16 ], "texture": "#south", "cullface": "south" },
        "west":  { "uv": [ 0, 14.5, 8, 16 ], "texture": "#west", "cullface": "west" },
        "east":  { "uv": [ 8, 14.5, 0, 16 ], "texture": "#east", "cullface": "east" }
    }
},
{
    "__comment": "BASE",
    "from": [ 8, 8, 0 ],
    "to": [ 16, 9, 16 ],
    "faces": {
        "down":  { "uv": [ 8, 16, 16, 0 ], "texture": "#down", "cullface": "east" },
        "up":    { "uv": [ 8, 0, 16, 16 ], "texture": "#up", "cullface": "east" },
        "north": { "uv": [ 16, 7, 8, 8 ], "texture": "#north", "cullface": "north" },
        "south": { "uv": [ 8, 7, 16, 8 ], "texture": "#south", "cullface": "south" },
        "west":  { "uv": [ 0, 7, 16, 8 ], "texture": "#west", "cullface": "west" },
        "east":  { "uv": [ 16, 7, 0, 8 ], "texture": "#east", "cullface": "east" }
    }
},
{
    "__comment": "BASE",
    "from": [ 0, 15, 8 ],
    "to": [ 16, 16, 16 ],
    "faces": {
        "down":  { "uv": [ 0, 16, 16, 8 ], "texture": "#down", "cullface": "south" },
        "up":    { "uv": [ 0, 8, 16, 16 ], "texture": "#up", "cullface": "up" },
        "north": { "uv": [ 16, 0, 0, 1 ], "texture": "#north", "cullface": "north" },
        "south": { "uv": [ 0, 0, 16, 1 ], "texture": "#south", "cullface": "south" },
        "west":  { "uv": [ 8, 0, 16, 1 ], "texture": "#west", "cullface": "west" },
        "east":  { "uv": [ 16, 0, 8, 1 ], "texture": "#east", "cullface": "east" }
    }
},
{
    "__comment": "BASE",
    "from": [ 15, 1, 0 ],
    "to": [ 16, 15, 1 ],
    "faces": {
        "down":  { "uv": [ 15, 1, 16, 0 ], "texture": "#down", "cullface": "down" },
        "north": { "uv": [ 16, 1, 15, 15 ], "texture": "#north", "cullface": "north" },
        "south": { "uv": [ 15, 1, 16, 15 ], "texture": "#south", "cullface": "east" },
        "west":  { "uv": [ 0, 1, 1, 15 ], "texture": "#west", "cullface": "north" },
        "east":  { "uv": [ 1, 1, 0, 15 ], "texture": "#east", "cullface": "east" }
    }
},
{
    "__comment": "BASE",
    "from": [ 0, 1, 0 ],
    "to": [ 1, 15, 1 ],
    "faces": {
        "down":  { "uv": [ 0, 1, 1, 0 ], "texture": "#down", "cullface": "down" },
        "north": { "uv": [ 1, 1, 0, 15 ], "texture": "#north", "cullface": "north" },
        "south": { "uv": [ 0, 1, 1, 15 ], "texture": "#south", "cullface": "west" },
        "west":  { "uv": [ 0, 1, 1, 15 ], "texture": "#west", "cullface": "west" },
        "east":  { "uv": [ 1, 1, 0, 15 ], "texture": "#east", "cullface": "north" }
    }
},
{
    "__comment": "BASE",
    "from": [ 15, 1, 15 ],
    "to": [ 16, 15, 16 ],
    "faces": {
        "down":  { "uv": [ 15, 16, 16, 15 ], "texture": "#down", "cullface": "down" },
        "north": { "uv": [ 16, 1, 15, 15 ], "texture": "#north", "cullface": "east" },
        "south": { "uv": [ 15, 1, 16, 15 ], "texture": "#south", "cullface": "south" },
        "west":  { "uv": [ 15, 1, 16, 15 ], "texture": "#west", "cullface": "south" },
        "east":  { "uv": [ 16, 1, 15, 15 ], "texture": "#east", "cullface": "east" }
    }
},
{
    "__comment": "BASE",
    "from": [ 0, 1, 15 ],
    "to": [ 1, 15, 16 ],
    "faces": {
        "down":  { "uv": [ 0, 16, 1, 15 ], "texture": "#down", "cullface": "down" },
        "north": { "uv": [ 1, 1, 0, 15 ], "texture": "#north", "cullface": "west" },
        "south": { "uv": [ 0, 1, 1, 15 ], "texture": "#south", "cullface": "south" },
        "west":  { "uv": [ 15, 1, 16, 15 ], "texture": "#west", "cullface": "west" },
        "east":  { "uv": [ 16, 1, 15, 15 ], "texture": "#east", "cullface": "south" }
    }
},
{
    "__comment": "BASE",
    "from": [ 8, 0, 0 ],
    "to": [ 16, 1.5, 16 ],
    "faces": {
        "down":  { "uv": [ 8, 16, 16, 0 ], "texture": "#down", "cullface": "down" },
        "up":    { "uv": [ 8, 0, 16, 16 ], "texture": "#up", "cullface": "east" },
        "north": { "uv": [ 16, 14.5, 8, 16 ], "texture": "#north", "cullface": "north" },
        "south": { "uv": [ 8, 14.5, 16, 16 ], "texture": "#south", "cullface": "south" },
        "west":  { "uv": [ 0, 14.5, 16, 16 ], "texture": "#west", "cullface": "west" },
        "east":  { "uv": [ 16, 14.5, 0, 16 ], "texture": "#east", "cullface": "east" }
    }
},
{
    "__comment": "BASE",
    "from": [ 0, 8, 8 ],
    "to": [ 16, 9, 16 ],
    "faces": {
        "down":  { "uv": [ 0, 16, 16, 8 ], "texture": "#down", "cullface": "south" },
        "up":    { "uv": [ 0, 8, 16, 16 ], "texture": "#up", "cullface": "south" },
        "north": { "uv": [ 16, 7, 0, 8 ], "texture": "#north", "cullface": "north" },
        "south": { "uv": [ 0, 7, 16, 8 ], "texture": "#south", "cullface": "south" },
        "west":  { "uv": [ 8, 7, 16, 8 ], "texture": "#west", "cullface": "west" },
        "east":  { "uv": [ 16, 7, 8, 8 ], "texture": "#east", "cullface": "east" }
    }
},
{
    "__comment": "BASE",
    "from": [ 8, 15, 0 ],
    "to": [ 16, 16, 16 ],
    "faces": {
        "down":  { "uv": [ 8, 16, 16, 0 ], "texture": "#down", "cullface": "east" },
        "up":    { "uv": [ 8, 0, 16, 16 ], "texture": "#up", "cullface": "up" },
        "north": { "uv": [ 16, 0, 8, 1 ], "texture": "#north", "cullface": "north" },
        "south": { "uv": [ 8, 0, 16, 1 ], "texture": "#south", "cullface": "south" },
        "west":  { "uv": [ 0, 0, 16, 1 ], "texture": "#west", "cullface": "west" },
        "east":  { "uv": [ 16, 0, 0, 1 ], "texture": "#east", "cullface": "east" }
    }
},
{
    "__comment": "BASE",
    "from": [ 0, 0, 0 ],
    "to": [ 8, 1.5, 16 ],
    "faces": {
        "down":  { "uv": [ 0, 16, 8, 0 ], "texture": "#down", "cullface": "down" },
        "up":    { "uv": [ 0, 0, 8, 16 ], "texture": "#up", "cullface": "west" },
        "north": { "uv": [ 8, 14.5, 0, 16 ], "texture": "#north", "cullface": "north" },
        "south": { "uv": [ 0, 14.5, 8, 16 ], "texture": "#south", "cullface": "south" },
        "west":  { "uv": [ 0, 14.5, 16, 16 ], "texture": "#west", "cullface": "west" },
        "east":  { "uv": [ 16, 14.5, 0, 16 ], "texture": "#east", "cullface": "east" }
    }
},
{
    "__comment": "BASE",
    "from": [ 0, 8, 0 ],
    "to": [ 8, 9, 16 ],
    "faces": {
        "down":  { "uv": [ 0, 16, 8, 0 ], "texture": "#down", "cullface": "west" },
        "up":    { "uv": [ 0, 0, 8, 16 ], "texture": "#up", "cullface": "west" },
        "north": { "uv": [ 8, 7, 0, 8 ], "texture": "#north", "cullface": "north" },
        "south": { "uv": [ 0, 7, 8, 8 ], "texture": "#south", "cullface": "south" },
        "west":  { "uv": [ 0, 7, 16, 8 ], "texture": "#west", "cullface": "west" },
        "east":  { "uv": [ 16, 7, 0, 8 ], "texture": "#east", "cullface": "east" }
    }
},
{
    "__comment": "BASE",
    "from": [ 0, 15, 0 ],
    "to": [ 8, 16, 16 ],
    "faces": {
        "down":  { "uv": [ 0, 16, 8, 0 ], "texture": "#down", "cullface": "west" },
        "up":    { "uv": [ 0, 0, 8, 16 ], "texture": "#up", "cullface": "up" },
        "north": { "uv": [ 8, 0, 0, 1 ], "texture": "#north", "cullface": "north" },
        "south": { "uv": [ 0, 0, 8, 1 ], "texture": "#south", "cullface": "south" },
        "west":  { "uv": [ 0, 0, 16, 1 ], "texture": "#west", "cullface": "west" },
        "east":  { "uv": [ 16, 0, 0, 1 ], "texture": "#east", "cullface": "east" }
    }
},
{
    "__comment": "BASE",
    "from": [ 16, 0, 0 ],
    "to": [ 16, 16, 22.5 ],
    "rotation": { "origin": [ 16, 0, 0 ], "axis": "y", "angle": -45 },
    "faces": {
        "west":  { "uv": [ 1, 1, 1.5, 1.5 ], "texture": "#north" },
        "east":  { "uv": [ 1, 1, 1.5, 1.5 ], "texture": "#north" }
    }
},
{
    "__comment": "BASE",
    "from": [ 0, 0, 0 ],
    "to": [ 22.5, 16, 0 ],
    "rotation": { "origin": [ 0, 0, 0 ], "axis": "y", "angle": -45 },
    "faces": {
        "north": { "uv": [ 1, 1, 1.5, 1.5 ], "texture": "#north" },
        "south": { "uv": [ 1, 1, 1.5, 1.5 ], "texture": "#north" }
    }
}
]
}