{
"__comment": "Fair warning, this format is highly likely to change even more in the future!",
"ambientocclusion": false,
"inventoryRender3D": false,
"textures": {
    "down": "blocks/brewing_stand",
    "up": "blocks/brewing_stand_base",
    "particle": "blocks/brewing_stand"
},
"elements": [ 
{
    "from": [ 10.5, 8, 6.75 ],
    "to": [ 14, 9.5, 9.25 ],
    "__comment": "Bottle3",
    "faces": {
        "down":  { "uv": [ 0, 0.5, 3.5, 3 ], "texture": "#down" },
        "up":    { "uv": [ 0, 0.5, 3.5, 3 ], "texture": "#down" },
        "north": { "uv": [ 2, 6.5, 5.5, 8 ], "texture": "#down" },
        "south": { "uv": [ 2, 6.5, 5.5, 8 ], "texture": "#down" },
        "west":  { "uv": [ 2.5, 6.5, 5, 8 ], "texture": "#down" },
        "east":  { "uv": [ 2.5, 6.5, 5, 8 ], "texture": "#down" }
    }
},
{
    "from": [ 3, 8, 3.5 ],
    "to": [ 6.5, 9.5, 6 ],
    "__comment": "Bottle1",
    "faces": {
        "down":  { "uv": [ 0, 0.5, 3.5, 3 ], "texture": "#down" },
        "up":    { "uv": [ 0, 0.5, 3.5, 3 ], "texture": "#down" },
        "north": { "uv": [ 2, 6.5, 5.5, 8 ], "texture": "#down" },
        "south": { "uv": [ 2, 6.5, 5.5, 8 ], "texture": "#down" },
        "west":  { "uv": [ 2.5, 6.5, 5, 8 ], "texture": "#down" },
        "east":  { "uv": [ 2.5, 6.5, 5, 8 ], "texture": "#down" }
    }
},
{
    "from": [ 3.5, 7.5, 3.5 ],
    "to": [ 6, 10, 6 ],
    "__comment": "Bottle1",
    "faces": {
        "down":  { "uv": [ 0, 13.5, 2.5, 16 ], "texture": "#down" },
        "up":    { "uv": [ 0, 13.5, 2.5, 16 ], "texture": "#down" },
        "north": { "uv": [ 2.5, 6, 5, 8.5 ], "texture": "#down" },
        "south": { "uv": [ 2.5, 6, 5, 8.5 ], "texture": "#down" },
        "west":  { "uv": [ 2.5, 6, 5, 8.5 ], "texture": "#down" },
        "east":  { "uv": [ 2.5, 6, 5, 8.5 ], "texture": "#down" }
    }
},
{
    "from": [ 2, 0, 9 ],
    "to": [ 8, 2, 15 ],
    "faces": {
        "down":  { "uv": [ 2, 9, 8, 15 ], "texture": "#up" },
        "up":    { "uv": [ 2, 9, 8, 15 ], "texture": "#up" },
        "north": { "uv": [ 2, 14, 8, 16 ], "texture": "#up" },
        "south": { "uv": [ 2, 14, 8, 16 ], "texture": "#up" },
        "west":  { "uv": [ 9, 14, 15, 16 ], "texture": "#up" },
        "east":  { "uv": [ 9, 14, 15, 16 ], "texture": "#up" }
    }
},
{
    "from": [ 2, 0, 1 ],
    "to": [ 8, 2, 7 ],
    "faces": {
        "down":  { "uv": [ 2, 1, 8, 7 ], "texture": "#up" },
        "up":    { "uv": [ 2, 1, 8, 7 ], "texture": "#up" },
        "north": { "uv": [ 2, 14, 8, 16 ], "texture": "#up" },
        "south": { "uv": [ 2, 14, 8, 16 ], "texture": "#up" },
        "west":  { "uv": [ 1, 14, 7, 16 ], "texture": "#up" },
        "east":  { "uv": [ 1, 14, 7, 16 ], "texture": "#up" }
    }
},
{
    "from": [ 9, 0, 5 ],
    "to": [ 15, 2, 11 ],
    "faces": {
        "down":  { "uv": [ 9, 5, 15, 11 ], "texture": "#up" },
        "up":    { "uv": [ 9, 5, 15, 11 ], "texture": "#up" },
        "north": { "uv": [ 9, 14, 15, 16 ], "texture": "#up" },
        "south": { "uv": [ 9, 14, 15, 16 ], "texture": "#up" },
        "west":  { "uv": [ 5, 14, 11, 16 ], "texture": "#up" },
        "east":  { "uv": [ 5, 14, 11, 16 ], "texture": "#up" }
    }
},
{
    "from": [ 7, 0, 7 ],
    "to": [ 9, 14, 9 ],
    "faces": {
        "down":  { "uv": [ 7, 7, 9, 9 ], "texture": "#down" },
        "up":    { "uv": [ 7, 7, 9, 9 ], "texture": "#down" },
        "north": { "uv": [ 7, 2, 9, 16 ], "texture": "#down" },
        "south": { "uv": [ 7, 2, 9, 16 ], "texture": "#down" },
        "west":  { "uv": [ 7, 2, 9, 16 ], "texture": "#down" },
        "east":  { "uv": [ 7, 2, 9, 16 ], "texture": "#down" }
    }
},
{
    "from": [ 6.5, 2.5, 6.5 ],
    "to": [ 9.5, 3.5, 9.5 ],
    "__comment": "Base",
    "faces": {
        "down":  { "uv": [ 6.5, 9.5, 9.5, 6.5 ], "texture": "#up" },
        "up":    { "uv": [ 6.5, 6.5, 9.5, 9.5 ], "texture": "#up" },
        "north": { "uv": [ 9.5, 12.5, 6.5, 13.5 ], "texture": "#down" },
        "south": { "uv": [ 6.5, 12.5, 9.5, 13.5 ], "texture": "#down" },
        "west":  { "uv": [ 6.5, 12.5, 9.5, 13.5 ], "texture": "#down" },
        "east":  { "uv": [ 9.5, 12.5, 6.5, 13.5 ], "texture": "#down" }
    }
},
{
    "from": [ 5.5, 1, 5.5 ],
    "to": [ 10.5, 2.5, 10.5 ],
    "__comment": "Base",
    "faces": {
        "down":  { "uv": [ 5.5, 10.5, 10.5, 5.5 ], "texture": "#up" },
        "up":    { "uv": [ 5.5, 5.5, 10.5, 10.5 ], "texture": "#up" },
        "north": { "uv": [ 10.5, 13.5, 5.5, 15 ], "texture": "#down" },
        "south": { "uv": [ 5.5, 13.5, 10.5, 15 ], "texture": "#down" },
        "west":  { "uv": [ 5.5, 13.5, 10.5, 15 ], "texture": "#down" },
        "east":  { "uv": [ 10.5, 13.5, 5.5, 15 ], "texture": "#down" }
    }
},
{
    "from": [ 5, 0, 5 ],
    "to": [ 11.0425, 1, 11.0425 ],
    "__comment": "Base",
    "faces": {
        "down":  { "uv": [ 5, 11.0425, 11.0425, 5 ], "texture": "#up" },
        "up":    { "uv": [ 5, 5, 11.0425, 11.0425 ], "texture": "#up" },
        "north": { "uv": [ 11.0425, 15, 5, 16 ], "texture": "#down" },
        "south": { "uv": [ 5, 15, 11.0425, 16 ], "texture": "#down" },
        "west":  { "uv": [ 5, 15, 11.0425, 16 ], "texture": "#down" },
        "east":  { "uv": [ 11.0425, 15, 5, 16 ], "texture": "#down" }
    }
},
{
    "from": [ 9, 3.5, 7.5625 ],
    "to": [ 10, 8.5, 8.5625 ],
    "__comment": "Side Thing*",
    "faces": {
        "down":  { "uv": [ 9, 8, 10, 9 ], "texture": "#down" },
        "up":    { "uv": [ 9, 6, 10, 7 ], "texture": "#down" },
        "north": { "uv": [ 10, 7.5, 9, 12.5 ], "texture": "#down" },
        "south": { "uv": [ 9, 7.5, 10, 12.5 ], "texture": "#down" },
        "west":  { "uv": [ 6, 7.5, 7, 12.5 ], "texture": "#down" },
        "east":  { "uv": [ 7, 7.5, 6, 12.5 ], "texture": "#down" }
    }
},
{
    "from": [ 6, 3.5, 9 ],
    "to": [ 7, 8.5, 10 ],
    "__comment": "Side Thing*",
    "faces": {
        "down":  { "uv": [ 9, 8, 10, 9 ], "texture": "#down" },
        "up":    { "uv": [ 9, 6, 10, 7 ], "texture": "#down" },
        "north": { "uv": [ 9, 7.5, 10, 12.5 ], "texture": "#down" },
        "south": { "uv": [ 10, 7.5, 9, 12.5 ], "texture": "#down" },
        "west":  { "uv": [ 7, 7.5, 6, 12.5 ], "texture": "#down" },
        "east":  { "uv": [ 6, 7.5, 7, 12.5 ], "texture": "#down" }
    }
},
{
    "from": [ 6, 3.5, 6 ],
    "to": [ 7, 8.5, 7 ],
    "__comment": "Side Thing*",
    "faces": {
        "down":  { "uv": [ 6, 8, 7, 9 ], "texture": "#down" },
        "up":    { "uv": [ 6, 8, 7, 9 ], "texture": "#down" },
        "north": { "uv": [ 7, 7.5, 6, 12.5 ], "texture": "#down" },
        "south": { "uv": [ 6, 7.5, 7, 12.5 ], "texture": "#down" },
        "west":  { "uv": [ 6, 7.5, 7, 12.5 ], "texture": "#down" },
        "east":  { "uv": [ 7, 7.5, 6, 12.5 ], "texture": "#down" }
    }
},
{
    "from": [ 10.5, 7, 6.25 ],
    "to": [ 14, 7.5, 9.75 ],
    "__comment": "Holder",
    "faces": {
        "down":  { "uv": [ 11, 1, 14.5, 4.5 ], "texture": "#up" },
        "up":    { "uv": [ 11, 1, 14.5, 4.5 ], "texture": "#up" },
        "north": { "uv": [ 3, 14, 6.5, 14.5 ], "texture": "#up" },
        "south": { "uv": [ 3, 14, 6.5, 14.5 ], "texture": "#up" },
        "west":  { "uv": [ 3, 14, 6.5, 14.5 ], "texture": "#up" },
        "east":  { "uv": [ 3, 14, 6.5, 14.5 ], "texture": "#up" }
    }
},
{
    "from": [ 3, 7, 3 ],
    "to": [ 6.5, 7.5, 6.5 ],
    "__comment": "Holder",
    "faces": {
        "down":  { "uv": [ 11, 1, 14.5, 4.5 ], "texture": "#up" },
        "up":    { "uv": [ 11, 1, 14.5, 4.5 ], "texture": "#up" },
        "north": { "uv": [ 3, 14, 6.5, 14.5 ], "texture": "#up" },
        "south": { "uv": [ 3, 14, 6.5, 14.5 ], "texture": "#up" },
        "west":  { "uv": [ 3, 14, 6.5, 14.5 ], "texture": "#up" },
        "east":  { "uv": [ 3, 14, 6.5, 14.5 ], "texture": "#up" }
    }
},
{
    "from": [ 3, 7, 9.5 ],
    "to": [ 6.5, 7.5, 13 ],
    "__comment": "Holder",
    "faces": {
        "down":  { "uv": [ 11, 1, 14.5, 4.5 ], "texture": "#up" },
        "up":    { "uv": [ 11, 1, 14.5, 4.5 ], "texture": "#up" },
        "north": { "uv": [ 3, 14, 6.5, 14.5 ], "texture": "#up" },
        "south": { "uv": [ 3, 14, 6.5, 14.5 ], "texture": "#up" },
        "west":  { "uv": [ 3, 14, 6.5, 14.5 ], "texture": "#up" },
        "east":  { "uv": [ 3, 14, 6.5, 14.5 ], "texture": "#up" }
    }
},
{
    "from": [ 9, 2.5, 7 ],
    "to": [ 14, 14.5, 8 ],
    "__comment": "Support1",
    "faces": {
        "down":  { "uv": [ 11, 15, 16, 16 ], "texture": "#down" },
        "up":    { "uv": [ 11, 15, 16, 16 ], "texture": "#down" },
        "north": { "uv": [ 15, 4, 16, 16 ], "texture": "#down" },
        "south": { "uv": [ 9, 1.5, 14, 13.5 ], "texture": "#down" },
        "west":  { "uv": [ 15, 4, 16, 16 ], "texture": "#down" },
        "east":  { "uv": [ 15, 4, 16, 16 ], "texture": "#down" }
    }
},
{
    "from": [ 9, 2.5, 8 ],
    "to": [ 14, 14.5, 9 ],
    "__comment": "Support1",
    "faces": {
        "down":  { "uv": [ 12, 15, 16, 16 ], "texture": "#down" },
        "up":    { "uv": [ 12, 15, 16, 16 ], "texture": "#down" },
        "north": { "uv": [ 14, 1.5, 9, 13.5 ], "texture": "#down" },
        "south": { "uv": [ 15, 4, 16, 16 ], "texture": "#down" },
        "west":  { "uv": [ 15, 4, 16, 16 ], "texture": "#down" },
        "east":  { "uv": [ 15, 4, 16, 16 ], "texture": "#down" }
    }
},
{
    "from": [ 3, 2.5, 12 ],
    "to": [ 8, 14.5, 13 ],
    "rotation": { "origin": [ 3, 2.5, 12 ], "axis": "y", "angle": 45 },
    "__comment": "Support2",
    "faces": {
        "down":  { "uv": [ 11, 15, 16, 16 ], "texture": "#down" },
        "up":    { "uv": [ 11, 15, 16, 16 ], "texture": "#down" },
        "north": { "uv": [ 15, 4, 16, 16 ], "texture": "#down" },
        "south": { "uv": [ 14, 1.5, 9, 13.5 ], "texture": "#down" },
        "west":  { "uv": [ 15, 4, 16, 16 ], "texture": "#down" },
        "east":  { "uv": [ 15, 4, 16, 16 ], "texture": "#down" }
    }
},
{
    "from": [ 3.5, 2.5, 12.5 ],
    "to": [ 8.5, 14.5, 13.5 ],
    "rotation": { "origin": [ 3.5, 2.5, 12.5 ], "axis": "y", "angle": 45 },
    "__comment": "Support2",
    "faces": {
        "down":  { "uv": [ 12, 15, 16, 16 ], "texture": "#down" },
        "up":    { "uv": [ 12, 15, 16, 16 ], "texture": "#down" },
        "north": { "uv": [ 9, 1.5, 14, 13.5 ], "texture": "#down" },
        "south": { "uv": [ 15, 4, 16, 16 ], "texture": "#down" },
        "west":  { "uv": [ 15, 4, 16, 16 ], "texture": "#down" },
        "east":  { "uv": [ 15, 4, 16, 16 ], "texture": "#down" }
    }
},
{
    "from": [ 4, 2.5, 3 ],
    "to": [ 9, 14.5, 4 ],
    "rotation": { "origin": [ 4, 2.5, 3 ], "axis": "y", "angle": -45 },
    "__comment": "Support3",
    "faces": {
        "down":  { "uv": [ 11, 15, 16, 16 ], "texture": "#down" },
        "up":    { "uv": [ 11, 15, 16, 16 ], "texture": "#down" },
        "north": { "uv": [ 15, 4, 16, 16 ], "texture": "#down" },
        "south": { "uv": [ 14, 1.5, 9, 13.5 ], "texture": "#down" },
        "west":  { "uv": [ 15, 4, 16, 16 ], "texture": "#down" },
        "east":  { "uv": [ 15, 4, 16, 16 ], "texture": "#down" }
    }
},
{
    "from": [ 3.5, 2.5, 3.5 ],
    "to": [ 8.5, 14.5, 4.5 ],
    "rotation": { "origin": [ 3.5, 2.5, 3.5 ], "axis": "y", "angle": -45 },
    "__comment": "Support3",
    "faces": {
        "down":  { "uv": [ 12, 15, 16, 16 ], "texture": "#down" },
        "up":    { "uv": [ 12, 15, 16, 16 ], "texture": "#down" },
        "north": { "uv": [ 9, 1.5, 14, 13.5 ], "texture": "#down" },
        "south": { "uv": [ 15, 4, 16, 16 ], "texture": "#down" },
        "west":  { "uv": [ 15, 4, 16, 16 ], "texture": "#down" },
        "east":  { "uv": [ 15, 4, 16, 16 ], "texture": "#down" }
    }
},
{
    "from": [ 3.5, 8, 3 ],
    "to": [ 6, 9.5, 6.5 ],
    "__comment": "Bottle1",
    "faces": {
        "down":  { "uv": [ 0.5, 3.5, 3, 0 ], "texture": "#down" },
        "up":    { "uv": [ 0.5, 0, 3, 3.5 ], "texture": "#down" },
        "north": { "uv": [ 5, 6.5, 2.5, 8 ], "texture": "#down" },
        "south": { "uv": [ 2.5, 6.5, 5, 8 ], "texture": "#down" },
        "west":  { "uv": [ 2, 6.5, 5.5, 8 ], "texture": "#down" },
        "east":  { "uv": [ 5.5, 6.5, 2, 8 ], "texture": "#down" }
    }
},
{
    "from": [ 11, 7.5, 6.75 ],
    "to": [ 13.5, 10, 9.25 ],
    "__comment": "Bottle3",
    "faces": {
        "down":  { "uv": [ 0, 13.5, 2.5, 16 ], "texture": "#down" },
        "up":    { "uv": [ 0, 13.5, 2.5, 16 ], "texture": "#down" },
        "north": { "uv": [ 2.5, 6, 5, 8.5 ], "texture": "#down" },
        "south": { "uv": [ 2.5, 6, 5, 8.5 ], "texture": "#down" },
        "west":  { "uv": [ 2.5, 6, 5, 8.5 ], "texture": "#down" },
        "east":  { "uv": [ 2.5, 6, 5, 8.5 ], "texture": "#down" }
    }
},
{
    "from": [ 11, 8, 6.25 ],
    "to": [ 13.5, 9.5, 9.75 ],
    "__comment": "Bottle3",
    "faces": {
        "down":  { "uv": [ 0.5, 0, 3, 3.5 ], "texture": "#down" },
        "up":    { "uv": [ 0.5, 0, 3, 3.5 ], "texture": "#down" },
        "north": { "uv": [ 2.5, 6.5, 5, 8 ], "texture": "#down" },
        "south": { "uv": [ 2.5, 6.5, 5, 8 ], "texture": "#down" },
        "west":  { "uv": [ 2, 6.5, 5.5, 8 ], "texture": "#down" },
        "east":  { "uv": [ 2, 6.5, 5.5, 8 ], "texture": "#down" }
    }
},
{
    "from": [ 11.5, 10, 7.25 ],
    "to": [ 13, 12, 8.75 ],
    "__comment": "Bottle3",
    "faces": {
        "down":  { "uv": [ 0, 14.5, 1.5, 16 ], "texture": "#down" },
        "up":    { "uv": [ 8, 10, 9.5, 11.5 ], "texture": "#down" },
        "north": { "uv": [ 4.5, 4, 3, 6 ], "texture": "#down" },
        "south": { "uv": [ 3, 4, 4.5, 6 ], "texture": "#down" },
        "west":  { "uv": [ 3, 4, 4.5, 6 ], "texture": "#down" },
        "east":  { "uv": [ 4.5, 4, 3, 6 ], "texture": "#down" }
    }
},
{
    "from": [ 4, 10, 4 ],
    "to": [ 5.5, 12, 5.5 ],
    "__comment": "Bottle1",
    "faces": {
        "down":  { "uv": [ 0, 14.5, 1.5, 16 ], "texture": "#down" },
        "up":    { "uv": [ 8, 10, 9.5, 11.5 ], "texture": "#down" },
        "north": { "uv": [ 4.5, 4, 3, 6 ], "texture": "#down" },
        "south": { "uv": [ 3, 4, 4.5, 6 ], "texture": "#down" },
        "west":  { "uv": [ 3, 4, 4.5, 6 ], "texture": "#down" },
        "east":  { "uv": [ 4.5, 4, 3, 6 ], "texture": "#down" }
    }
}
]
}