{
"__comment": "Designed by Sphax with BDcraft Cubik PRO 0.85 Beta - http://bdcraft.net",
"ambientocclusion": false,
"textures": {
    "particle": "blocks/roof_side_up",
    "texture": "blocks/roof_side_up",
    "roof": "blocks/roof",
    "roof_edge": "blocks/roof_edge"
},
"elements": [ 
{
    "__comment": "slope x64",
    "from": [ 0, 15.75, 0 ],
    "to": [ 16, 16, 16 ],
    "shade": false,
    "faces": {
        "up":    { "uv": [ 0, 0, 16, 16 ], "texture": "#roof_edge" },
        "west":  { "uv": [ 0, 0, 16, 0.25 ], "texture": "#texture" },
        "east":  { "uv": [ 16, 0, 0, 0.25 ], "texture": "#texture" }
    }
},
{
    "__comment": "slope x64",
    "from": [ 0, 15.5, 0 ],
    "to": [ 16, 15.75, 15.75 ],
    "shade": false,
    "faces": {
        "west":  { "uv": [ 0, 0.25, 15.75, 0.5 ], "texture": "#texture" },
        "east":  { "uv": [ 15.75, 0.25, 0, 0.5 ], "texture": "#texture" }
    }
},
{
    "__comment": "slope x64",
    "from": [ 0, 15.25, 0 ],
    "to": [ 16, 15.5, 15.5 ],
    "shade": false,
    "faces": {
        "west":  { "uv": [ 0, 0.5, 15.5, 0.75 ], "texture": "#texture" },
        "east":  { "uv": [ 15.5, 0.5, 0, 0.75 ], "texture": "#texture" }
    }
},
{
    "__comment": "slope x64",
    "from": [ 0, 15, 0 ],
    "to": [ 16, 15.25, 15.25 ],
    "shade": false,
    "faces": {
        "west":  { "uv": [ 0, 0.75, 15.25, 1 ], "texture": "#texture" },
        "east":  { "uv": [ 15.25, 0.75, 0, 1 ], "texture": "#texture" }
    }
},
{
    "__comment": "slope x64",
    "from": [ 0, 14.75, 0 ],
    "to": [ 16, 15, 15 ],
    "shade": false,
    "faces": {
        "west":  { "uv": [ 0, 1, 15, 1.25 ], "texture": "#texture" },
        "east":  { "uv": [ 15, 1, 0, 1.25 ], "texture": "#texture" }
    }
},
{
    "__comment": "slope x64",
    "from": [ 0, 14.5, 0 ],
    "to": [ 16, 14.75, 14.75 ],
    "shade": false,
    "faces": {
        "west":  { "uv": [ 0, 1.25, 14.75, 1.5 ], "texture": "#texture" },
        "east":  { "uv": [ 14.75, 1.25, 0, 1.5 ], "texture": "#texture" }
    }
},
{
    "__comment": "slope x64",
    "from": [ 0, 14.25, 0 ],
    "to": [ 16, 14.5, 14.5 ],
    "shade": false,
    "faces": {
        "west":  { "uv": [ 0, 1.5, 14.5, 1.75 ], "texture": "#texture" },
        "east":  { "uv": [ 14.5, 1.5, 0, 1.75 ], "texture": "#texture" }
    }
},
{
    "__comment": "slope x64",
    "from": [ 0, 14, 0 ],
    "to": [ 16, 14.25, 14.25 ],
    "shade": false,
    "faces": {
        "west":  { "uv": [ 0, 1.75, 14.25, 2 ], "texture": "#texture" },
        "east":  { "uv": [ 14.25, 1.75, 0, 2 ], "texture": "#texture" }
    }
},
{
    "__comment": "slope x64",
    "from": [ 0, 13.75, 0 ],
    "to": [ 16, 14, 14 ],
    "shade": false,
    "faces": {
        "west":  { "uv": [ 0, 2, 14, 2.25 ], "texture": "#texture" },
        "east":  { "uv": [ 14, 2, 0, 2.25 ], "texture": "#texture" }
    }
},
{
    "__comment": "slope x64",
    "from": [ 0, 13.5, 0 ],
    "to": [ 16, 13.75, 13.75 ],
    "shade": false,
    "faces": {
        "west":  { "uv": [ 0, 2.25, 13.75, 2.5 ], "texture": "#texture" },
        "east":  { "uv": [ 13.75, 2.25, 0, 2.5 ], "texture": "#texture" }
    }
},
{
    "__comment": "slope x64",
    "from": [ 0, 13.25, 0 ],
    "to": [ 16, 13.5, 13.5 ],
    "shade": false,
    "faces": {
        "west":  { "uv": [ 0, 2.5, 13.5, 2.75 ], "texture": "#texture" },
        "east":  { "uv": [ 13.5, 2.5, 0, 2.75 ], "texture": "#texture" }
    }
},
{
    "__comment": "slope x64",
    "from": [ 0, 13, 0 ],
    "to": [ 16, 13.25, 13.25 ],
    "shade": false,
    "faces": {
        "west":  { "uv": [ 0, 2.75, 13.25, 3 ], "texture": "#texture" },
        "east":  { "uv": [ 13.25, 2.75, 0, 3 ], "texture": "#texture" }
    }
},
{
    "__comment": "slope x64",
    "from": [ 0, 12.75, 0 ],
    "to": [ 16, 13, 13 ],
    "shade": false,
    "faces": {
        "west":  { "uv": [ 0, 3, 13, 3.25 ], "texture": "#texture" },
        "east":  { "uv": [ 13, 3, 0, 3.25 ], "texture": "#texture" }
    }
},
{
    "__comment": "slope x64",
    "from": [ 0, 12.5, 0 ],
    "to": [ 16, 12.75, 12.75 ],
    "shade": false,
    "faces": {
        "west":  { "uv": [ 0, 3.25, 12.75, 3.5 ], "texture": "#texture" },
        "east":  { "uv": [ 12.75, 3.25, 0, 3.5 ], "texture": "#texture" }
    }
},
{
    "__comment": "slope x64",
    "from": [ 0, 12.25, 0 ],
    "to": [ 16, 12.5, 12.5 ],
    "shade": false,
    "faces": {
        "west":  { "uv": [ 0, 3.5, 12.5, 3.75 ], "texture": "#texture" },
        "east":  { "uv": [ 12.5, 3.5, 0, 3.75 ], "texture": "#texture" }
    }
},
{
    "__comment": "slope x64",
    "from": [ 0, 12, 0 ],
    "to": [ 16, 12.25, 12.25 ],
    "shade": false,
    "faces": {
        "west":  { "uv": [ 0, 3.75, 12.25, 4 ], "texture": "#texture" },
        "east":  { "uv": [ 12.25, 3.75, 0, 4 ], "texture": "#texture" }
    }
},
{
    "__comment": "slope x64",
    "from": [ 0, 11.75, 0 ],
    "to": [ 16, 12, 12 ],
    "shade": false,
    "faces": {
        "west":  { "uv": [ 0, 4, 12, 4.25 ], "texture": "#texture" },
        "east":  { "uv": [ 12, 4, 0, 4.25 ], "texture": "#texture" }
    }
},
{
    "__comment": "slope x64",
    "from": [ 0, 11.5, 0 ],
    "to": [ 16, 11.75, 11.75 ],
    "shade": false,
    "faces": {
        "west":  { "uv": [ 0, 4.25, 11.75, 4.5 ], "texture": "#texture" },
        "east":  { "uv": [ 11.75, 4.25, 0, 4.5 ], "texture": "#texture" }
    }
},
{
    "__comment": "slope x64",
    "from": [ 0, 11.25, 0 ],
    "to": [ 16, 11.5, 11.5 ],
    "shade": false,
    "faces": {
        "west":  { "uv": [ 0, 4.5, 11.5, 4.75 ], "texture": "#texture" },
        "east":  { "uv": [ 11.5, 4.5, 0, 4.75 ], "texture": "#texture" }
    }
},
{
    "__comment": "slope x64",
    "from": [ 0, 11, 0 ],
    "to": [ 16, 11.25, 11.25 ],
    "shade": false,
    "faces": {
        "west":  { "uv": [ 0, 4.75, 11.25, 5 ], "texture": "#texture" },
        "east":  { "uv": [ 11.25, 4.75, 0, 5 ], "texture": "#texture" }
    }
},
{
    "__comment": "slope x64",
    "from": [ 0, 10.75, 0 ],
    "to": [ 16, 11, 11 ],
    "shade": false,
    "faces": {
        "west":  { "uv": [ 0, 5, 11, 5.25 ], "texture": "#texture" },
        "east":  { "uv": [ 11, 5, 0, 5.25 ], "texture": "#texture" }
    }
},
{
    "__comment": "slope x64",
    "from": [ 0, 10.5, 0 ],
    "to": [ 16, 10.75, 10.75 ],
    "shade": false,
    "faces": {
        "west":  { "uv": [ 0, 5.25, 10.75, 5.5 ], "texture": "#texture" },
        "east":  { "uv": [ 10.75, 5.25, 0, 5.5 ], "texture": "#texture" }
    }
},
{
    "__comment": "slope x64",
    "from": [ 0, 10.25, 0 ],
    "to": [ 16, 10.5, 10.5 ],
    "shade": false,
    "faces": {
        "west":  { "uv": [ 0, 5.5, 10.5, 5.75 ], "texture": "#texture" },
        "east":  { "uv": [ 10.5, 5.5, 0, 5.75 ], "texture": "#texture" }
    }
},
{
    "__comment": "slope x64",
    "from": [ 0, 10, 0 ],
    "to": [ 16, 10.25, 10.25 ],
    "shade": false,
    "faces": {
        "west":  { "uv": [ 0, 5.75, 10.25, 6 ], "texture": "#texture" },
        "east":  { "uv": [ 10.25, 5.75, 0, 6 ], "texture": "#texture" }
    }
},
{
    "__comment": "slope x64",
    "from": [ 0, 9.75, 0 ],
    "to": [ 16, 10, 10 ],
    "shade": false,
    "faces": {
        "west":  { "uv": [ 0, 6, 10, 6.25 ], "texture": "#texture" },
        "east":  { "uv": [ 10, 6, 0, 6.25 ], "texture": "#texture" }
    }
},
{
    "__comment": "slope x64",
    "from": [ 0, 9.5, 0 ],
    "to": [ 16, 9.75, 9.75 ],
    "shade": false,
    "faces": {
        "west":  { "uv": [ 0, 6.25, 9.75, 6.5 ], "texture": "#texture" },
        "east":  { "uv": [ 9.75, 6.25, 0, 6.5 ], "texture": "#texture" }
    }
},
{
    "__comment": "slope x64",
    "from": [ 0, 9.25, 0 ],
    "to": [ 16, 9.5, 9.5 ],
    "shade": false,
    "faces": {
        "west":  { "uv": [ 0, 6.5, 9.5, 6.75 ], "texture": "#texture" },
        "east":  { "uv": [ 9.5, 6.5, 0, 6.75 ], "texture": "#texture" }
    }
},
{
    "__comment": "slope x64",
    "from": [ 0, 9, 0 ],
    "to": [ 16, 9.25, 9.25 ],
    "shade": false,
    "faces": {
        "west":  { "uv": [ 0, 6.75, 9.25, 7 ], "texture": "#texture" },
        "east":  { "uv": [ 9.25, 6.75, 0, 7 ], "texture": "#texture" }
    }
},
{
    "__comment": "slope x64",
    "from": [ 0, 8.75, 0 ],
    "to": [ 16, 9, 9 ],
    "shade": false,
    "faces": {
        "west":  { "uv": [ 0, 7, 9, 7.25 ], "texture": "#texture" },
        "east":  { "uv": [ 9, 7, 0, 7.25 ], "texture": "#texture" }
    }
},
{
    "__comment": "slope x64",
    "from": [ 0, 8.5, 0 ],
    "to": [ 16, 8.75, 8.75 ],
    "shade": false,
    "faces": {
        "west":  { "uv": [ 0, 7.25, 8.75, 7.5 ], "texture": "#texture" },
        "east":  { "uv": [ 8.75, 7.25, 0, 7.5 ], "texture": "#texture" }
    }
},
{
    "__comment": "slope x64",
    "from": [ 0, 8.25, 0 ],
    "to": [ 16, 8.5, 8.5 ],
    "shade": false,
    "faces": {
        "west":  { "uv": [ 0, 7.5, 8.5, 7.75 ], "texture": "#texture" },
        "east":  { "uv": [ 8.5, 7.5, 0, 7.75 ], "texture": "#texture" }
    }
},
{
    "__comment": "slope x64",
    "from": [ 0, 8, 0 ],
    "to": [ 16, 8.25, 8.25 ],
    "shade": false,
    "faces": {
        "west":  { "uv": [ 0, 7.75, 8.25, 8 ], "texture": "#texture" },
        "east":  { "uv": [ 8.25, 7.75, 0, 8 ], "texture": "#texture" }
    }
},
{
    "__comment": "slope x64",
    "from": [ 0, 7.75, 0 ],
    "to": [ 16, 8, 8 ],
    "shade": false,
    "faces": {
        "west":  { "uv": [ 0, 8, 8, 8.25 ], "texture": "#texture" },
        "east":  { "uv": [ 8, 8, 0, 8.25 ], "texture": "#texture" }
    }
},
{
    "__comment": "slope x64",
    "from": [ 0, 7.5, 0 ],
    "to": [ 16, 7.75, 7.75 ],
    "shade": false,
    "faces": {
        "west":  { "uv": [ 0, 8.25, 7.75, 8.5 ], "texture": "#texture" },
        "east":  { "uv": [ 7.75, 8.25, 0, 8.5 ], "texture": "#texture" }
    }
},
{
    "__comment": "slope x64",
    "from": [ 0, 7.25, 0 ],
    "to": [ 16, 7.5, 7.5 ],
    "shade": false,
    "faces": {
        "west":  { "uv": [ 0, 8.5, 7.5, 8.75 ], "texture": "#texture" },
        "east":  { "uv": [ 7.5, 8.5, 0, 8.75 ], "texture": "#texture" }
    }
},
{
    "__comment": "slope x64",
    "from": [ 0, 7, 0 ],
    "to": [ 16, 7.25, 7.25 ],
    "shade": false,
    "faces": {
        "west":  { "uv": [ 0, 8.75, 7.25, 9 ], "texture": "#texture" },
        "east":  { "uv": [ 7.25, 8.75, 0, 9 ], "texture": "#texture" }
    }
},
{
    "__comment": "slope x64",
    "from": [ 0, 6.75, 0 ],
    "to": [ 16, 7, 7 ],
    "shade": false,
    "faces": {
        "west":  { "uv": [ 0, 9, 7, 9.25 ], "texture": "#texture" },
        "east":  { "uv": [ 7, 9, 0, 9.25 ], "texture": "#texture" }
    }
},
{
    "__comment": "slope x64",
    "from": [ 0, 6.5, 0 ],
    "to": [ 16, 6.75, 6.75 ],
    "shade": false,
    "faces": {
        "west":  { "uv": [ 0, 9.25, 6.75, 9.5 ], "texture": "#texture" },
        "east":  { "uv": [ 6.75, 9.25, 0, 9.5 ], "texture": "#texture" }
    }
},
{
    "__comment": "slope x64",
    "from": [ 0, 6.25, 0 ],
    "to": [ 16, 6.5, 6.5 ],
    "shade": false,
    "faces": {
        "west":  { "uv": [ 0, 9.5, 6.5, 9.75 ], "texture": "#texture" },
        "east":  { "uv": [ 6.5, 9.5, 0, 9.75 ], "texture": "#texture" }
    }
},
{
    "__comment": "slope x64",
    "from": [ 0, 6, 0 ],
    "to": [ 16, 6.25, 6.25 ],
    "shade": false,
    "faces": {
        "west":  { "uv": [ 0, 9.75, 6.25, 10 ], "texture": "#texture" },
        "east":  { "uv": [ 6.25, 9.75, 0, 10 ], "texture": "#texture" }
    }
},
{
    "__comment": "slope x64",
    "from": [ 0, 5.75, 0 ],
    "to": [ 16, 6, 6 ],
    "shade": false,
    "faces": {
        "west":  { "uv": [ 0, 10, 6, 10.25 ], "texture": "#texture" },
        "east":  { "uv": [ 6, 10, 0, 10.25 ], "texture": "#texture" }
    }
},
{
    "__comment": "slope x64",
    "from": [ 0, 5.5, 0 ],
    "to": [ 16, 5.75, 5.75 ],
    "shade": false,
    "faces": {
        "west":  { "uv": [ 0, 10.25, 5.75, 10.5 ], "texture": "#texture" },
        "east":  { "uv": [ 5.75, 10.25, 0, 10.5 ], "texture": "#texture" }
    }
},
{
    "__comment": "slope x64",
    "from": [ 0, 5.25, 0 ],
    "to": [ 16, 5.5, 5.5 ],
    "shade": false,
    "faces": {
        "west":  { "uv": [ 0, 10.5, 5.5, 10.75 ], "texture": "#texture" },
        "east":  { "uv": [ 5.5, 10.5, 0, 10.75 ], "texture": "#texture" }
    }
},
{
    "__comment": "slope x64",
    "from": [ 0, 5, 0 ],
    "to": [ 16, 5.25, 5.25 ],
    "shade": false,
    "faces": {
        "west":  { "uv": [ 0, 10.75, 5.25, 11 ], "texture": "#texture" },
        "east":  { "uv": [ 5.25, 10.75, 0, 11 ], "texture": "#texture" }
    }
},
{
    "__comment": "slope x64",
    "from": [ 0, 4.75, 0 ],
    "to": [ 16, 5, 5 ],
    "shade": false,
    "faces": {
        "west":  { "uv": [ 0, 11, 5, 11.25 ], "texture": "#texture" },
        "east":  { "uv": [ 5, 11, 0, 11.25 ], "texture": "#texture" }
    }
},
{
    "__comment": "slope x64",
    "from": [ 0, 4.5, 0 ],
    "to": [ 16, 4.75, 4.75 ],
    "shade": false,
    "faces": {
        "west":  { "uv": [ 0, 11.25, 4.75, 11.5 ], "texture": "#texture" },
        "east":  { "uv": [ 4.75, 11.25, 0, 11.5 ], "texture": "#texture" }
    }
},
{
    "__comment": "slope x64",
    "from": [ 0, 4.25, 0 ],
    "to": [ 16, 4.5, 4.5 ],
    "shade": false,
    "faces": {
        "west":  { "uv": [ 0, 11.5, 4.5, 11.75 ], "texture": "#texture" },
        "east":  { "uv": [ 4.5, 11.5, 0, 11.75 ], "texture": "#texture" }
    }
},
{
    "__comment": "slope x64",
    "from": [ 0, 4, 0 ],
    "to": [ 16, 4.25, 4.25 ],
    "shade": false,
    "faces": {
        "west":  { "uv": [ 0, 11.75, 4.25, 12 ], "texture": "#texture" },
        "east":  { "uv": [ 4.25, 11.75, 0, 12 ], "texture": "#texture" }
    }
},
{
    "__comment": "slope x64",
    "from": [ 0, 3.75, 0 ],
    "to": [ 16, 4, 4 ],
    "shade": false,
    "faces": {
        "west":  { "uv": [ 0, 12, 4, 12.25 ], "texture": "#texture" },
        "east":  { "uv": [ 4, 12, 0, 12.25 ], "texture": "#texture" }
    }
},
{
    "__comment": "slope x64",
    "from": [ 0, 3.5, 0 ],
    "to": [ 16, 3.75, 3.75 ],
    "shade": false,
    "faces": {
        "west":  { "uv": [ 0, 12.25, 3.75, 12.5 ], "texture": "#texture" },
        "east":  { "uv": [ 3.75, 12.25, 0, 12.5 ], "texture": "#texture" }
    }
},
{
    "__comment": "slope x64",
    "from": [ 0, 3.25, 0 ],
    "to": [ 16, 3.5, 3.5 ],
    "shade": false,
    "faces": {
        "west":  { "uv": [ 0, 12.5, 3.5, 12.75 ], "texture": "#texture" },
        "east":  { "uv": [ 3.5, 12.5, 0, 12.75 ], "texture": "#texture" }
    }
},
{
    "__comment": "slope x64",
    "from": [ 0, 3, 0 ],
    "to": [ 16, 3.25, 3.25 ],
    "shade": false,
    "faces": {
        "west":  { "uv": [ 0, 12.75, 3.25, 13 ], "texture": "#texture" },
        "east":  { "uv": [ 3.25, 12.75, 0, 13 ], "texture": "#texture" }
    }
},
{
    "__comment": "slope x64",
    "from": [ 0, 2.75, 0 ],
    "to": [ 16, 3, 3 ],
    "shade": false,
    "faces": {
        "west":  { "uv": [ 0, 13, 3, 13.25 ], "texture": "#texture" },
        "east":  { "uv": [ 3, 13, 0, 13.25 ], "texture": "#texture" }
    }
},
{
    "__comment": "slope x64",
    "from": [ 0, 2.5, 0 ],
    "to": [ 16, 2.75, 2.75 ],
    "shade": false,
    "faces": {
        "west":  { "uv": [ 0, 13.25, 2.75, 13.5 ], "texture": "#texture" },
        "east":  { "uv": [ 2.75, 13.25, 0, 13.5 ], "texture": "#texture" }
    }
},
{
    "__comment": "slope x64",
    "from": [ 0, 2.25, 0 ],
    "to": [ 16, 2.5, 2.5 ],
    "shade": false,
    "faces": {
        "west":  { "uv": [ 0, 13.5, 2.5, 13.75 ], "texture": "#texture" },
        "east":  { "uv": [ 2.5, 13.5, 0, 13.75 ], "texture": "#texture" }
    }
},
{
    "__comment": "slope x64",
    "from": [ 0, 2, 0 ],
    "to": [ 16, 2.25, 2.25 ],
    "shade": false,
    "faces": {
        "west":  { "uv": [ 0, 13.75, 2.25, 14 ], "texture": "#texture" },
        "east":  { "uv": [ 2.25, 13.75, 0, 14 ], "texture": "#texture" }
    }
},
{
    "__comment": "slope x64",
    "from": [ 0, 1.75, 0 ],
    "to": [ 16, 2, 2 ],
    "shade": false,
    "faces": {
        "west":  { "uv": [ 0, 14, 2, 14.25 ], "texture": "#texture" },
        "east":  { "uv": [ 2, 14, 0, 14.25 ], "texture": "#texture" }
    }
},
{
    "__comment": "slope x64",
    "from": [ 0, 1.5, 0 ],
    "to": [ 16, 1.75, 1.75 ],
    "shade": false,
    "faces": {
        "west":  { "uv": [ 0, 14.25, 1.75, 14.5 ], "texture": "#texture" },
        "east":  { "uv": [ 1.75, 14.25, 0, 14.5 ], "texture": "#texture" }
    }
},
{
    "__comment": "slope x64",
    "from": [ 0, 1.25, 0 ],
    "to": [ 16, 1.5, 1.5 ],
    "shade": false,
    "faces": {
        "west":  { "uv": [ 0, 14.5, 1.5, 14.75 ], "texture": "#texture" },
        "east":  { "uv": [ 1.5, 14.5, 0, 14.75 ], "texture": "#texture" }
    }
},
{
    "__comment": "slope x64",
    "from": [ 0, 1, 0 ],
    "to": [ 16, 1.25, 1.25 ],
    "shade": false,
    "faces": {
        "west":  { "uv": [ 0, 14.75, 1.25, 15 ], "texture": "#texture" },
        "east":  { "uv": [ 1.25, 14.75, 0, 15 ], "texture": "#texture" }
    }
},
{
    "__comment": "slope x64",
    "from": [ 0, 0.75, 0 ],
    "to": [ 16, 1, 1 ],
    "shade": false,
    "faces": {
        "west":  { "uv": [ 0, 15, 1, 15.25 ], "texture": "#texture" },
        "east":  { "uv": [ 1, 15, 0, 15.25 ], "texture": "#texture" }
    }
},
{
    "__comment": "slope x64",
    "from": [ 0, 0.5, 0 ],
    "to": [ 16, 0.75, 0.75 ],
    "shade": false,
    "faces": {
        "west":  { "uv": [ 0, 15.25, 0.75, 15.5 ], "texture": "#texture" },
        "east":  { "uv": [ 0.75, 15.25, 0, 15.5 ], "texture": "#texture" }
    }
},
{
    "__comment": "slope x64",
    "from": [ 0, 0, 0 ],
    "to": [ 16, 0.25, 0.25 ],
    "shade": false,
    "faces": {
        "west":  { "uv": [ 0, 15.75, 0.25, 16 ], "texture": "#texture" },
        "east":  { "uv": [ 0.25, 15.75, 0, 16 ], "texture": "#texture" }
    }
},
{
    "__comment": "slope x64",
    "from": [ 0, 0, 0 ],
    "to": [ 16, 16, 0 ],
    "shade": false,
    "faces": {
        "north": { "uv": [ 16, 0, 0, 16 ], "texture": "#roof_edge" }
    }
},
{
    "__comment": "slope",
    "from": [ 0, 0, 16 ],
    "to": [ 16, 16, 16 ],
    "shade": false,
    "rotation": { "origin": [ 0, 16, 16 ], "axis": "x", "angle": 45 },
    "faces": {
        "south": { "uv": [ 8, 0, 16, 11.25 ], "texture": "#roof" }
    }
},
{
    "__comment": "slope x64*",
    "from": [ 0, 0.25, 0 ],
    "to": [ 16, 0.5, 0.5 ],
    "shade": false,
    "rotation": { "origin": [ 0, 16, 16 ], "axis": "x", "angle": 45, "rescale": true },
    "faces": {
        "west":  { "uv": [ 0, 15.5, 0.5, 15.75 ], "texture": "#texture" },
        "east":  { "uv": [ 0.5, 15.5, 0, 15.75 ], "texture": "#texture" }
    }
}
]
}