{
"__comment": "3D Mesh designed with BDcraft Cubik - Version PRO 0.65 Beta",
"ambientocclusion": true,
"inventoryRender3D": true,
"randomOffsetX": true,
"randomOffsetZ": true,
"textures": {
    "down": "blocks/mushroom_brown",
    "particle": "blocks/mushroom_brown"
},
"elements": [ 
{
    "from": [ 12.5, 0, 5 ],
    "to": [ 13.5, 1, 6 ],
    "__comment": "ShroomSmall*",
    "faces": {
        "down":  { "uv": [ 10, 1, 11, 2 ], "texture": "#down" },
        "up":    { "uv": [ 13, 1, 14, 2 ], "texture": "#down" },
        "north": { "uv": [ 13.5, 0, 12.5, 1 ], "texture": "#down" },
        "south": { "uv": [ 12.5, 0, 13.5, 1 ], "texture": "#down" },
        "west":  { "uv": [ 5, 1, 6, 2 ], "texture": "#down" },
        "east":  { "uv": [ 6, 0, 5, 1 ], "texture": "#down" }
    }
},
{
    "from": [ 4.4375, 1, 10.375 ],
    "to": [ 5.4375, 2, 11.375 ],
    "__comment": "ShroomTops",
    "faces": {
        "down":  { "uv": [ 12, 6, 13, 7 ], "texture": "#down" },
        "up":    { "uv": [ 12, 6, 13, 7 ], "texture": "#down" },
        "north": { "uv": [ 12, 6, 11, 7 ], "texture": "#down" },
        "south": { "uv": [ 12, 6, 13, 7 ], "texture": "#down" },
        "west":  { "uv": [ 12, 6, 13, 7 ], "texture": "#down" },
        "east":  { "uv": [ 12, 6, 11, 7 ], "texture": "#down" }
    }
},
{
    "from": [ 4, 0.5, 10 ],
    "to": [ 6, 1.5, 12 ],
    "__comment": "ShroomSmall*",
    "faces": {
        "down":  { "uv": [ 10, 0, 12, 2 ], "texture": "#down" },
        "up":    { "uv": [ 12, 6, 14, 8 ], "texture": "#down" },
        "north": { "uv": [ 13, 6, 11, 7 ], "texture": "#down" },
        "south": { "uv": [ 12, 7, 14, 8 ], "texture": "#down" },
        "west":  { "uv": [ 11, 7, 13, 8 ], "texture": "#down" },
        "east":  { "uv": [ 14, 6, 12, 7 ], "texture": "#down" }
    }
},
{
    "from": [ 4.75, 0, 13.25 ],
    "to": [ 5.25, 0.5, 13.75 ],
    "__comment": "ShroomMiniStem*",
    "faces": {
        "down":  { "uv": [ 15.5, 0, 16, 0.5 ], "texture": "#down" },
        "north": { "uv": [ 16, 0, 15.5, 0.5 ], "texture": "#down" },
        "south": { "uv": [ 9, 0, 9.5, 0.5 ], "texture": "#down" },
        "west":  { "uv": [ 15.5, 0, 16, 0.5 ], "texture": "#down" },
        "east":  { "uv": [ 16, 0, 15.5, 0.5 ], "texture": "#down" }
    }
},
{
    "from": [ 4.5, 0.5, 13 ],
    "to": [ 5.5, 1, 14 ],
    "__comment": "ShroomMini*",
    "faces": {
        "down":  { "uv": [ 12, 6, 13, 7 ], "texture": "#down" },
        "up":    { "uv": [ 12, 6, 13, 7 ], "texture": "#down" },
        "north": { "uv": [ 12, 6, 11, 7 ], "texture": "#down" },
        "south": { "uv": [ 12, 6, 13, 7 ], "texture": "#down" },
        "west":  { "uv": [ 12, 6, 13, 7 ], "texture": "#down" },
        "east":  { "uv": [ 12, 6, 11, 7 ], "texture": "#down" }
    }
},
{
    "from": [ 3.75, 0, 3.25 ],
    "to": [ 4.25, 0.5, 3.75 ],
    "__comment": "ShroomMiniStem*",
    "faces": {
        "down":  { "uv": [ 15.5, 0, 16, 0.5 ], "texture": "#down" },
        "north": { "uv": [ 16, 0, 15.5, 0.5 ], "texture": "#down" },
        "south": { "uv": [ 9, 0, 9.5, 0.5 ], "texture": "#down" },
        "west":  { "uv": [ 15.5, 0, 16, 0.5 ], "texture": "#down" },
        "east":  { "uv": [ 16, 0, 15.5, 0.5 ], "texture": "#down" }
    }
},
{
    "from": [ 3.5, 0.5, 11.5 ],
    "to": [ 4.5, 1, 12.5 ],
    "__comment": "ShroomMini*",
    "faces": {
        "down":  { "uv": [ 12, 6, 13, 7 ], "texture": "#down" },
        "up":    { "uv": [ 12, 6, 13, 7 ], "texture": "#down" },
        "north": { "uv": [ 12, 6, 11, 7 ], "texture": "#down" },
        "south": { "uv": [ 12, 6, 13, 7 ], "texture": "#down" },
        "west":  { "uv": [ 12, 6, 13, 7 ], "texture": "#down" },
        "east":  { "uv": [ 12, 6, 11, 7 ], "texture": "#down" }
    }
},
{
    "from": [ 14.75, 0, 6.75 ],
    "to": [ 15.25, 0.5, 7.25 ],
    "__comment": "ShroomMiniStem*",
    "faces": {
        "down":  { "uv": [ 15.5, 0, 16, 0.5 ], "texture": "#down" },
        "north": { "uv": [ 16, 0, 15.5, 0.5 ], "texture": "#down" },
        "south": { "uv": [ 15.5, 0, 16, 0.5 ], "texture": "#down" },
        "west":  { "uv": [ 15.5, 0, 16, 0.5 ], "texture": "#down" },
        "east":  { "uv": [ 16, 0, 15.5, 0.5 ], "texture": "#down" }
    }
},
{
    "from": [ 14.5, 0.5, 6.5 ],
    "to": [ 15.5, 1, 7.5 ],
    "__comment": "ShroomMini*",
    "faces": {
        "down":  { "uv": [ 12, 6, 13, 7 ], "texture": "#down" },
        "up":    { "uv": [ 12, 6, 13, 7 ], "texture": "#down" },
        "north": { "uv": [ 12, 6, 11, 7 ], "texture": "#down" },
        "south": { "uv": [ 12, 6, 13, 7 ], "texture": "#down" },
        "west":  { "uv": [ 12, 6, 13, 7 ], "texture": "#down" },
        "east":  { "uv": [ 12, 6, 11, 7 ], "texture": "#down" }
    }
},
{
    "from": [ 4.5, 0, 10.5 ],
    "to": [ 5.5, 1, 11.5 ],
    "__comment": "ShroomSmall*",
    "faces": {
        "down":  { "uv": [ 10, 1, 11, 2 ], "texture": "#down" },
        "up":    { "uv": [ 13, 1, 14, 2 ], "texture": "#down" },
        "north": { "uv": [ 13.5, 0, 12.5, 1 ], "texture": "#down" },
        "south": { "uv": [ 12.5, 0, 13.5, 1 ], "texture": "#down" },
        "west":  { "uv": [ 5, 1, 6, 2 ], "texture": "#down" },
        "east":  { "uv": [ 6, 0, 5, 1 ], "texture": "#down" }
    }
},
{
    "from": [ 12.375, 1, 5 ],
    "to": [ 13.375, 2, 6 ],
    "__comment": "ShroomTops",
    "faces": {
        "down":  { "uv": [ 12, 6, 13, 7 ], "texture": "#down" },
        "up":    { "uv": [ 12, 6, 13, 7 ], "texture": "#down" },
        "north": { "uv": [ 12, 6, 11, 7 ], "texture": "#down" },
        "south": { "uv": [ 12, 6, 13, 7 ], "texture": "#down" },
        "west":  { "uv": [ 12, 6, 13, 7 ], "texture": "#down" },
        "east":  { "uv": [ 12, 6, 11, 7 ], "texture": "#down" }
    }
},
{
    "from": [ 12, 0.5, 4.5 ],
    "to": [ 14, 1.5, 6.5 ],
    "__comment": "ShroomSmall*",
    "faces": {
        "down":  { "uv": [ 10, 0, 12, 2 ], "texture": "#down" },
        "up":    { "uv": [ 12, 6, 14, 8 ], "texture": "#down" },
        "north": { "uv": [ 13, 6, 11, 7 ], "texture": "#down" },
        "south": { "uv": [ 11, 6, 13, 7 ], "texture": "#down" },
        "west":  { "uv": [ 11, 7, 13, 8 ], "texture": "#down" },
        "east":  { "uv": [ 14, 6, 12, 7 ], "texture": "#down" }
    }
},
{
    "from": [ 3.75, 0, 11.75 ],
    "to": [ 4.25, 0.5, 12.25 ],
    "__comment": "ShroomMiniStem",
    "faces": {
        "down":  { "uv": [ 15.5, 0, 16, 0.5 ], "texture": "#down" },
        "north": { "uv": [ 16, 0, 15.5, 0.5 ], "texture": "#down" },
        "south": { "uv": [ 9, 0, 9.5, 0.5 ], "texture": "#down" },
        "west":  { "uv": [ 15.5, 0, 16, 0.5 ], "texture": "#down" },
        "east":  { "uv": [ 16, 0, 15.5, 0.5 ], "texture": "#down" }
    }
},
{
    "from": [ 3.5, 0.5, 3 ],
    "to": [ 4.5, 1, 4 ],
    "__comment": "ShroomMini",
    "faces": {
        "down":  { "uv": [ 12, 6, 13, 7 ], "texture": "#down" },
        "up":    { "uv": [ 12, 6, 13, 7 ], "texture": "#down" },
        "north": { "uv": [ 12, 6, 11, 7 ], "texture": "#down" },
        "south": { "uv": [ 12, 6, 13, 7 ], "texture": "#down" },
        "west":  { "uv": [ 12, 6, 13, 7 ], "texture": "#down" },
        "east":  { "uv": [ 12, 6, 11, 7 ], "texture": "#down" }
    }
},
{
    "from": [ 3.5, 0, 5.5 ],
    "to": [ 4.5, 1, 6.5 ],
    "__comment": "ShroomSmall",
    "faces": {
        "down":  { "uv": [ 10, 1, 11, 2 ], "texture": "#down" },
        "up":    { "uv": [ 13, 1, 14, 2 ], "texture": "#down" },
        "north": { "uv": [ 13.5, 0, 12.5, 1 ], "texture": "#down" },
        "south": { "uv": [ 12.5, 0, 13.5, 1 ], "texture": "#down" },
        "west":  { "uv": [ 5, 1, 6, 2 ], "texture": "#down" },
        "east":  { "uv": [ 6, 0, 5, 1 ], "texture": "#down" }
    }
},
{
    "from": [ 3.5, 0.5, 5.5 ],
    "to": [ 4.5, 1.5, 6.5 ],
    "__comment": "ShroomSmall",
    "faces": {
        "down":  { "uv": [ 12, 6, 13, 7 ], "texture": "#down" },
        "up":    { "uv": [ 12, 6, 13, 7 ], "texture": "#down" },
        "north": { "uv": [ 12, 6, 11, 7 ], "texture": "#down" },
        "south": { "uv": [ 12, 6, 13, 7 ], "texture": "#down" },
        "west":  { "uv": [ 12, 6, 13, 7 ], "texture": "#down" },
        "east":  { "uv": [ 12, 6, 11, 7 ], "texture": "#down" }
    }
},
{
    "from": [ 3.25, 0.5, 5.25 ],
    "to": [ 4.75, 1, 6.75 ],
    "__comment": "ShroomSmall",
    "faces": {
        "down":  { "uv": [ 10, 0, 12, 2 ], "texture": "#down" },
        "up":    { "uv": [ 12, 6, 14, 8 ], "texture": "#down" },
        "north": { "uv": [ 13, 6, 11, 7 ], "texture": "#down" },
        "south": { "uv": [ 12, 7, 14, 8 ], "texture": "#down" },
        "west":  { "uv": [ 11, 7, 13, 8 ], "texture": "#down" },
        "east":  { "uv": [ 14, 6, 12, 7 ], "texture": "#down" }
    }
},
{
    "from": [ 1.5, 0.1125, 8 ],
    "to": [ 9.5, 0.1125, 16 ],
    "__comment": "Roots1*",
    "faces": {
        "up":    { "uv": [ 8, 8, 16, 16 ], "texture": "#down" }
    }
},
{
    "from": [ 0, 0.1025, 0 ],
    "to": [ 8, 0.1025, 8 ],
    "__comment": "Roots1*",
    "faces": {
        "up":    { "uv": [ 8, 8, 16, 16 ], "texture": "#down" }
    }
},
{
    "from": [ 8, 0.0925, 2 ],
    "to": [ 16, 0.0925, 10 ],
    "__comment": "Roots1*",
    "faces": {
        "up":    { "uv": [ 8, 8, 16, 16 ], "texture": "#down" }
    }
},
{
    "from": [ 4.5, 0.0825, 4 ],
    "to": [ 12.5, 0.0825, 12 ],
    "__comment": "Roots1",
    "faces": {
        "up":    { "uv": [ 8, 8, 16, 16 ], "texture": "#down" }
    }
},
{
    "from": [ 9.75, 3, 5.25 ],
    "to": [ 10.75, 3.5, 6.25 ],
    "__comment": "Shroom1",
    "faces": {
        "up":    { "uv": [ 8, 4, 9, 5 ], "texture": "#down" },
        "north": { "uv": [ 2, 5, 1, 5.5 ], "texture": "#down" },
        "south": { "uv": [ 3, 5, 4, 5.5 ], "texture": "#down" },
        "west":  { "uv": [ 2, 5, 3, 5.5 ], "texture": "#down" },
        "east":  { "uv": [ 3, 5, 2, 5.5 ], "texture": "#down" }
    }
},
{
    "from": [ 9.5, 2, 5 ],
    "to": [ 11, 3, 6.5 ],
    "__comment": "Shroom1",
    "faces": {
        "down":  { "uv": [ 14.5, 2, 16, 3.5 ], "texture": "#down" },
        "up":    { "uv": [ 4, 9, 5.5, 10.5 ], "texture": "#down" },
        "north": { "uv": [ 3, 13, 1.5, 14 ], "texture": "#down" },
        "south": { "uv": [ 3, 13, 4.5, 14 ], "texture": "#down" },
        "west":  { "uv": [ 5, 13, 6.5, 14 ], "texture": "#down" },
        "east":  { "uv": [ 3, 13, 1.5, 14 ], "texture": "#down" }
    }
},
{
    "from": [ 9.75, 1.5, 5.5 ],
    "to": [ 10.5, 2.5, 6.25 ],
    "__comment": "Shroom1",
    "faces": {
        "down":  { "uv": [ 4, 4, 5, 5 ], "texture": "#down" },
        "up":    { "uv": [ 8, 4, 9, 5 ], "texture": "#down" },
        "north": { "uv": [ 5, 4, 4, 5 ], "texture": "#down" },
        "south": { "uv": [ 6, 3, 7, 4 ], "texture": "#down" },
        "west":  { "uv": [ 7, 3, 8, 4 ], "texture": "#down" },
        "east":  { "uv": [ 9, 3, 8, 4 ], "texture": "#down" }
    }
},
{
    "from": [ 10.375, 4, 8.875 ],
    "to": [ 11.375, 5, 9.875 ],
    "__comment": "ShroomTops",
    "faces": {
        "down":  { "uv": [ 3, 11, 4, 12 ], "texture": "#down" },
        "up":    { "uv": [ 0, 9, 1, 10 ], "texture": "#down" },
        "north": { "uv": [ 4, 8, 3, 9 ], "texture": "#down" },
        "south": { "uv": [ 3, 10, 4, 11 ], "texture": "#down" },
        "west":  { "uv": [ 4, 11, 5, 12 ], "texture": "#down" },
        "east":  { "uv": [ 5, 13, 4, 14 ], "texture": "#down" }
    }
},
{
    "from": [ 10, 3.5, 8.5 ],
    "to": [ 12, 4.5, 10.5 ],
    "__comment": "Shroom1",
    "faces": {
        "down":  { "uv": [ 0, 1, 2, 3 ], "texture": "#down" },
        "up":    { "uv": [ 3, 9, 5, 11 ], "texture": "#down" },
        "north": { "uv": [ 4, 10, 2, 11 ], "texture": "#down" },
        "south": { "uv": [ 2, 10, 4, 11 ], "texture": "#down" },
        "west":  { "uv": [ 1, 12, 3, 13 ], "texture": "#down" },
        "east":  { "uv": [ 4, 10, 2, 11 ], "texture": "#down" }
    }
},
{
    "from": [ 6.5, 4.5, 9 ],
    "to": [ 7.5, 5.5, 10 ],
    "__comment": "ShroomTops",
    "faces": {
        "down":  { "uv": [ 6.5, 9, 7.5, 10 ], "texture": "#down" },
        "up":    { "uv": [ 6.5, 9, 7.5, 10 ], "texture": "#down" },
        "north": { "uv": [ 7.5, 10.5, 6.5, 11.5 ], "texture": "#down" },
        "south": { "uv": [ 6.5, 10.5, 7.5, 11.5 ], "texture": "#down" },
        "west":  { "uv": [ 4, 10, 5, 11 ], "texture": "#down" },
        "east":  { "uv": [ 6, 10, 5, 11 ], "texture": "#down" }
    }
},
{
    "from": [ 6, 4, 8.5 ],
    "to": [ 8, 5, 10.5 ],
    "__comment": "Shroom1",
    "faces": {
        "down":  { "uv": [ 3, 1, 5, 3 ], "texture": "#down" },
        "up":    { "uv": [ 3, 11, 5, 13 ], "texture": "#down" },
        "north": { "uv": [ 3, 9, 1, 10 ], "texture": "#down" },
        "south": { "uv": [ 3, 11, 5, 12 ], "texture": "#down" },
        "west":  { "uv": [ 1, 10, 3, 11 ], "texture": "#down" },
        "east":  { "uv": [ 4, 10, 2, 11 ], "texture": "#down" }
    }
},
{
    "from": [ 8.25, 7, 6.75 ],
    "to": [ 9.75, 8, 8.25 ],
    "__comment": "Shroom1",
    "faces": {
        "up":    { "uv": [ 0, 11, 1.5, 12.5 ], "texture": "#down" },
        "north": { "uv": [ 8, 8, 6.5, 9 ], "texture": "#down" },
        "south": { "uv": [ 3, 8, 4.5, 9 ], "texture": "#down" },
        "west":  { "uv": [ 6, 8, 7.5, 9 ], "texture": "#down" },
        "east":  { "uv": [ 5, 8, 3.5, 9 ], "texture": "#down" }
    }
},
{
    "from": [ 7.5, 6, 6.5 ],
    "to": [ 10.5, 7, 8.5 ],
    "__comment": "Shroom1",
    "faces": {
        "up":    { "uv": [ 4, 11, 7, 12.5 ], "texture": "#down" },
        "north": { "uv": [ 5, 11, 2, 12 ], "texture": "#down" },
        "south": { "uv": [ 3, 10, 6, 11 ], "texture": "#down" },
        "west":  { "uv": [ 5, 10, 6.5, 11 ], "texture": "#down" },
        "east":  { "uv": [ 5, 9, 3.5, 10 ], "texture": "#down" }
    }
},
{
    "from": [ 8, 6, 6 ],
    "to": [ 9.75, 6.75, 9 ],
    "__comment": "Shroom1",
    "faces": {
        "up":    { "uv": [ 4, 13, 6, 16 ], "texture": "#down" },
        "north": { "uv": [ 6, 11, 4, 12 ], "texture": "#down" },
        "south": { "uv": [ 4, 11, 6, 12 ], "texture": "#down" },
        "west":  { "uv": [ 4, 10, 7, 11 ], "texture": "#down" },
        "east":  { "uv": [ 7, 10, 4, 11 ], "texture": "#down" }
    }
},
{
    "from": [ 7.5, 5, 6 ],
    "to": [ 10.5, 6, 9 ],
    "__comment": "Shroom1",
    "faces": {
        "down":  { "uv": [ 13, 0, 16, 3 ], "texture": "#down" },
        "up":    { "uv": [ 0, 10, 3, 13 ], "texture": "#down" },
        "north": { "uv": [ 7, 12, 4, 13 ], "texture": "#down" },
        "south": { "uv": [ 4, 12, 7, 13 ], "texture": "#down" },
        "west":  { "uv": [ 4, 11, 7, 12 ], "texture": "#down" },
        "east":  { "uv": [ 7, 11, 4, 12 ], "texture": "#down" }
    }
},
{
    "from": [ 6.625, 4, 5.625 ],
    "to": [ 7.625, 5, 6.625 ],
    "__comment": "ShroomTops",
    "faces": {
        "down":  { "uv": [ 1, 10, 2, 11 ], "texture": "#down" },
        "up":    { "uv": [ 1, 10, 2, 11 ], "texture": "#down" },
        "north": { "uv": [ 2, 10, 1, 11 ], "texture": "#down" },
        "south": { "uv": [ 1, 10, 2, 11 ], "texture": "#down" },
        "west":  { "uv": [ 1, 10, 2, 11 ], "texture": "#down" },
        "east":  { "uv": [ 2, 10, 1, 11 ], "texture": "#down" }
    }
},
{
    "from": [ 6, 3.5, 5 ],
    "to": [ 8, 4.5, 7 ],
    "__comment": "Shroom1",
    "faces": {
        "down":  { "uv": [ 12, 1, 14, 3 ], "texture": "#down" },
        "up":    { "uv": [ 1, 10, 3, 12 ], "texture": "#down" },
        "north": { "uv": [ 8, 11.5, 6, 12.5 ], "texture": "#down" },
        "south": { "uv": [ 6, 11.5, 8, 12.5 ], "texture": "#down" },
        "west":  { "uv": [ 5, 11.5, 7, 12.5 ], "texture": "#down" },
        "east":  { "uv": [ 7, 11.5, 5, 12.5 ], "texture": "#down" }
    }
},
{
    "from": [ 8.5, 4.5, 7 ],
    "to": [ 9.5, 5.5, 8 ],
    "__comment": "Shroom1",
    "faces": {
        "up":    { "uv": [ 8, 2, 9, 3 ], "texture": "#down" },
        "north": { "uv": [ 7, 1, 6, 2 ], "texture": "#down" },
        "south": { "uv": [ 5, 1, 6, 2 ], "texture": "#down" },
        "west":  { "uv": [ 7, 1, 8, 2 ], "texture": "#down" },
        "east":  { "uv": [ 6, 1, 5, 2 ], "texture": "#down" }
    }
},
{
    "from": [ 6.5, 3, 9 ],
    "to": [ 7.5, 4, 10 ],
    "__comment": "Shroom1",
    "faces": {
        "down":  { "uv": [ 7, 2, 8, 3 ], "texture": "#down" },
        "north": { "uv": [ 11, 2, 10, 3 ], "texture": "#down" },
        "south": { "uv": [ 10, 1, 11, 2 ], "texture": "#down" },
        "west":  { "uv": [ 7, 1, 8, 2 ], "texture": "#down" },
        "east":  { "uv": [ 5, 3, 4, 4 ], "texture": "#down" }
    }
},
{
    "from": [ 7, 1, 8.5 ],
    "to": [ 8, 3, 9.5 ],
    "__comment": "Shroom1",
    "faces": {
        "up":    { "uv": [ 6, 2, 7, 3 ], "texture": "#down" },
        "north": { "uv": [ 7, 3, 6, 5 ], "texture": "#down" },
        "south": { "uv": [ 6, 3, 7, 5 ], "texture": "#down" },
        "west":  { "uv": [ 5, 3, 6, 5 ], "texture": "#down" },
        "east":  { "uv": [ 6, 3, 5, 5 ], "texture": "#down" }
    }
},
{
    "from": [ 10, 0, 6 ],
    "to": [ 11.5, 0.5, 7.5 ],
    "__comment": "Shroom1",
    "faces": {
        "down":  { "uv": [ 9, 4, 10.5, 5.5 ], "texture": "#down" },
        "up":    { "uv": [ 11, 4, 12.5, 5.5 ], "texture": "#down" },
        "north": { "uv": [ 11, 5, 9.5, 5.5 ], "texture": "#down" },
        "south": { "uv": [ 9, 5, 10.5, 5.5 ], "texture": "#down" },
        "west":  { "uv": [ 10, 5, 11.5, 5.5 ], "texture": "#down" },
        "east":  { "uv": [ 11, 5, 9.5, 5.5 ], "texture": "#down" }
    }
},
{
    "from": [ 6, 0, 7.5 ],
    "to": [ 8, 0.5, 10 ],
    "__comment": "Shroom1",
    "faces": {
        "down":  { "uv": [ 0, 2, 2, 4.5 ], "texture": "#down" },
        "up":    { "uv": [ 6, 7.5, 8, 10 ], "texture": "#down" },
        "north": { "uv": [ 10, 5, 8, 5.5 ], "texture": "#down" },
        "south": { "uv": [ 10, 5, 12, 5.5 ], "texture": "#down" },
        "west":  { "uv": [ 9, 5, 11.5, 5.5 ], "texture": "#down" },
        "east":  { "uv": [ 11, 5, 8.5, 5.5 ], "texture": "#down" }
    }
},
{
    "from": [ 10.5, 2, 9 ],
    "to": [ 11.5, 4, 10 ],
    "__comment": "Shroom1",
    "faces": {
        "down":  { "uv": [ 14, 0, 15, 1 ], "texture": "#down" },
        "up":    { "uv": [ 1, 1, 2, 2 ], "texture": "#down" },
        "north": { "uv": [ 8, 0, 9, 2 ], "texture": "#down" },
        "south": { "uv": [ 3, 0, 4, 2 ], "texture": "#down" },
        "west":  { "uv": [ 7, 0, 8, 2 ], "texture": "#down" },
        "east":  { "uv": [ 6, 0, 7, 2 ], "texture": "#down" }
    }
},
{
    "from": [ 9.5, 1.5, 8.5 ],
    "to": [ 11, 2.5, 9.5 ],
    "__comment": "Shroom1",
    "faces": {
        "down":  { "uv": [ 9, 2, 10.5, 3 ], "texture": "#down" },
        "up":    { "uv": [ 5, 1, 6.5, 2 ], "texture": "#down" },
        "north": { "uv": [ 8, 2, 6.5, 3 ], "texture": "#down" },
        "south": { "uv": [ 2, 2, 3.5, 3 ], "texture": "#down" },
        "west":  { "uv": [ 6, 2, 7, 3 ], "texture": "#down" },
        "east":  { "uv": [ 10, 2, 9, 3 ], "texture": "#down" }
    }
},
{
    "from": [ 8, 2, 7 ],
    "to": [ 9.5, 4.5, 8.5 ],
    "__comment": "Shroom1",
    "faces": {
        "up":    { "uv": [ 0, 1, 1.5, 2.5 ], "texture": "#down" },
        "north": { "uv": [ 1.5, 1, 0, 3.5 ], "texture": "#down" },
        "south": { "uv": [ 0, 1, 1.5, 3.5 ], "texture": "#down" },
        "west":  { "uv": [ 0, 1, 1.5, 3.5 ], "texture": "#down" },
        "east":  { "uv": [ 1.5, 1, 0, 3.5 ], "texture": "#down" }
    }
},
{
    "from": [ 6.5, 3, 5.5 ],
    "to": [ 7.5, 4, 6.5 ],
    "__comment": "Shroom1",
    "faces": {
        "down":  { "uv": [ 0, 1, 1, 2 ], "texture": "#down" },
        "up":    { "uv": [ 0, 2, 1, 3 ], "texture": "#down" },
        "north": { "uv": [ 1, 1, 0, 2 ], "texture": "#down" },
        "south": { "uv": [ 0, 1, 1, 2 ], "texture": "#down" },
        "west":  { "uv": [ 0, 1, 1, 2 ], "texture": "#down" },
        "east":  { "uv": [ 1, 1, 0, 2 ], "texture": "#down" }
    }
},
{
    "from": [ 7, 1.5, 5.5 ],
    "to": [ 8, 3.5, 6.5 ],
    "__comment": "Shroom1",
    "faces": {
        "down":  { "uv": [ 0, 2, 1, 3 ], "texture": "#down" },
        "north": { "uv": [ 1, 1, 0, 3 ], "texture": "#down" },
        "south": { "uv": [ 0, 1, 1, 3 ], "texture": "#down" },
        "west":  { "uv": [ 0, 1, 1, 3 ], "texture": "#down" },
        "east":  { "uv": [ 1, 1, 0, 3 ], "texture": "#down" }
    }
},
{
    "from": [ 7.5, 1, 6 ],
    "to": [ 10, 2, 9 ],
    "__comment": "Shroom1",
    "faces": {
        "up":    { "uv": [ 0, 2, 2.5, 5 ], "texture": "#down" },
        "north": { "uv": [ 12, 4, 9.5, 5 ], "texture": "#down" },
        "south": { "uv": [ 9, 4, 11.5, 5 ], "texture": "#down" },
        "west":  { "uv": [ 9, 4, 12, 5 ], "texture": "#down" },
        "east":  { "uv": [ 12, 4, 9, 5 ], "texture": "#down" }
    }
},
{
    "from": [ 7, 0, 5.5 ],
    "to": [ 10.5, 1, 9.5 ],
    "__comment": "Shroom1",
    "faces": {
        "down":  { "uv": [ 0, 1, 3.5, 5 ], "texture": "#down" },
        "up":    { "uv": [ 0, 1, 3.5, 5 ], "texture": "#down" },
        "north": { "uv": [ 12, 4, 8.5, 5 ], "texture": "#down" },
        "south": { "uv": [ 8, 4, 11.5, 5 ], "texture": "#down" },
        "west":  { "uv": [ 8, 4, 12, 5 ], "texture": "#down" },
        "east":  { "uv": [ 13, 4, 9, 5 ], "texture": "#down" }
    }
}
]
}