{	
    "textures": {
		"particle": "blocks/spike",
        "spike": "blocks/spike"
    },
    "elements": [
		{
			"comment": "North East Spike Point",
			"from": [ 3.7, 0, 11.7],
			"to": [ 4.3, 0.42, 12.12],
			"rotation": { "origin": [ 0, 0, 11.7],"axis":"x","angle": 45},
			"faces":
			{
				"down":  {"uv": [ 2, 2, 6, 6],"texture":"#spike"},
				"up":    {"uv": [ 2, 2, 6, 6],"texture":"#spike"},
				"north": {"uv": [ 2, 2, 6, 6],"texture":"#spike"},
				"south": {"uv": [ 2, 2, 6, 6],"texture":"#spike"},
				"west":  {"uv": [ 2, 2, 6, 6],"texture":"#spike"},
				"east":  {"uv": [ 2, 2, 6, 6],"texture":"#spike"}
			}
		},
		
		{
			"comment": "South West Spike Point",
			"from": [ 11.7, 0, 3.7],
			"to": [ 12.3, 0.42, 4.12],
			"rotation": { "origin": [ 0, 0, 3.7],"axis":"x","angle": 45},
			"faces":
			{
				"down":  {"uv": [ 2, 2, 6, 6],"texture":"#spike"},
				"up":    {"uv": [ 2, 2, 6, 6],"texture":"#spike"},
				"north": {"uv": [ 2, 2, 6, 6],"texture":"#spike"},
				"south": {"uv": [ 2, 2, 6, 6],"texture":"#spike"},
				"west":  {"uv": [ 2, 2, 6, 6],"texture":"#spike"},
				"east":  {"uv": [ 2, 2, 6, 6],"texture":"#spike"}
			}
		},
		
		{
			"comment": "South East Spike Point",
			"from": [ 11.7, 0, 11.7],
			"to": [ 12.3, 0.42, 12.12],
			"rotation": { "origin": [ 0, 0, 11.7],"axis":"x","angle": 45},
			"faces":
			{
				"down":  {"uv": [ 2, 2, 6, 6],"texture":"#spike"},
				"up":    {"uv": [ 2, 2, 6, 6],"texture":"#spike"},
				"north": {"uv": [ 2, 2, 6, 6],"texture":"#spike"},
				"south": {"uv": [ 2, 2, 6, 6],"texture":"#spike"},
				"west":  {"uv": [ 2, 2, 6, 6],"texture":"#spike"},
				"east":  {"uv": [ 2, 2, 6, 6],"texture":"#spike"}
			}
		},

		{
			"comment": "North East Spike Point",
			"from": [ 3.7, 0, 3.7],
			"to": [ 4.3, 0.42, 4.12],
			"rotation": { "origin": [ 0, 0, 3.7],"axis":"x","angle": 45},
			"faces":
			{
				"down":  {"uv": [ 2, 2, 6, 6],"texture":"#spike"},
				"up":    {"uv": [ 2, 2, 6, 6],"texture":"#spike"},
				"north": {"uv": [ 2, 2, 6, 6],"texture":"#spike"},
				"south": {"uv": [ 2, 2, 6, 6],"texture":"#spike"},
				"west":  {"uv": [ 2, 2, 6, 6],"texture":"#spike"},
				"east":  {"uv": [ 2, 2, 6, 6],"texture":"#spike"}
			}
		}
    ]
}
