{	
    "textures": {
		"particle": "blocks/spike",
        "spike": "blocks/spike"
    },
    "elements": [
		{
			"comment": "North East Spike",
			"from": [ 3.5, 0, 11.5],
			"to": [ 4.5, 4, 12.5],
			"faces":
			{
				"down":  {"uv": [ 12, 12, 16, 16],"texture":"#spike"},
				"up":    {"uv": [ 2, 2, 6, 6],"texture":"#spike"},
				"north": {"uv": [ 6, 6, 10, 10],"texture":"#spike"},
				"south": {"uv": [ 6, 6, 10, 10],"texture":"#spike"},
				"west":  {"uv": [ 6, 6, 10, 10],"texture":"#spike"},
				"east":  {"uv": [ 6, 6, 10, 10],"texture":"#spike"}
			}
		},
		
		{
			"comment": "North East Spike",
			"from": [ 3.6, 4, 11.6],
			"to": [ 4.4, 7, 12.4],
			"faces":
			{
				"down":  {"uv": [ 12, 12, 16, 16],"texture":"#spike"},
				"up":    {"uv": [ 2, 2, 6, 6],"texture":"#spike"},
				"north": {"uv": [ 6, 2, 10, 6],"texture":"#spike"},
				"south": {"uv": [ 6, 2, 10, 6],"texture":"#spike"},
				"west":  {"uv": [ 6, 2, 10, 6],"texture":"#spike"},
				"east":  {"uv": [ 6, 2, 10, 6],"texture":"#spike"}
			}
		},
		
		{
			"comment": "North East Spike",
			"from": [ 3.7, 7, 11.7],
			"to": [ 4.3, 10, 12.3],
			"faces":
			{
				"down":  {"uv": [ 12, 12, 16, 16],"texture":"#spike"},
				"up":    {"uv": [ 2, 2, 6, 6],"texture":"#spike"},
				"north": {"uv": [ 6, 0, 10, 2],"texture":"#spike"},
				"south": {"uv": [ 6, 0, 10, 2],"texture":"#spike"},
				"west":  {"uv": [ 6, 0, 10, 2],"texture":"#spike"},
				"east":  {"uv": [ 6, 0, 10, 2],"texture":"#spike"}
			}
		},
		
		{
			"comment": "North East Spike Point",
			"from": [ 3.7, 10, 11.7],
			"to": [ 4.3, 10.42, 12.12],
			"rotation": { "origin": [ 0, 10, 11.7],"axis":"x","angle": 45},
			"faces":
			{
				"down":  {"uv": [ 2, 2, 6, 6],"texture":"#spike"},
				"up":    {"uv": [ 2, 2, 6, 6],"texture":"#spike"},
				"north": {"uv": [ 2, 2, 6, 6],"texture":"#spike"},
				"south": {"uv": [ 2, 2, 6, 6],"texture":"#spike"},
				"west":  {"uv": [ 2, 2, 6, 6],"texture":"#spike"},
				"east":  {"uv": [ 2, 2, 6, 6],"texture":"#spike"}
			}
		},
		
		{
			"comment": "South West Spike",
			"from": [ 11.5, 0, 3.5],
			"to": [ 12.5, 4, 4.5],
			"faces":
			{
				"down":  {"uv": [ 12, 12, 16, 16],"texture":"#spike"},
				"up":    {"uv": [ 2, 2, 6, 6],"texture":"#spike"},
				"north": {"uv": [ 6, 6, 10, 10],"texture":"#spike"},
				"south": {"uv": [ 6, 6, 10, 10],"texture":"#spike"},
				"west":  {"uv": [ 6, 6, 10, 10],"texture":"#spike"},
				"east":  {"uv": [ 6, 6, 10, 10],"texture":"#spike"}
			}
		},
		
		{
			"comment": "South West Spike",
			"from": [ 11.6, 4, 3.6],
			"to": [ 12.4, 7, 4.4],
			"faces":
			{
				"down":  {"uv": [ 12, 12, 16, 16],"texture":"#spike"},
				"up":    {"uv": [ 2, 2, 6, 6],"texture":"#spike"},
				"north": {"uv": [ 6, 2, 10, 6],"texture":"#spike"},
				"south": {"uv": [ 6, 2, 10, 6],"texture":"#spike"},
				"west":  {"uv": [ 6, 2, 10, 6],"texture":"#spike"},
				"east":  {"uv": [ 6, 2, 10, 6],"texture":"#spike"}
			}
		},
		
		{
			"comment": "South West Spike",
			"from": [ 11.7, 7, 3.7],
			"to": [ 12.3, 10, 4.3],
			"faces":
			{
				"down":  {"uv": [ 12, 12, 16, 16],"texture":"#spike"},
				"up":    {"uv": [ 2, 2, 6, 6],"texture":"#spike"},
				"north": {"uv": [ 6, 0, 10, 2],"texture":"#spike"},
				"south": {"uv": [ 6, 0, 10, 2],"texture":"#spike"},
				"west":  {"uv": [ 6, 0, 10, 2],"texture":"#spike"},
				"east":  {"uv": [ 6, 0, 10, 2],"texture":"#spike"}
			}
		},
		
		{
			"comment": "South West Spike Point",
			"from": [ 11.7, 10, 3.7],
			"to": [ 12.3, 10.42, 4.12],
			"rotation": { "origin": [ 0, 10, 3.7],"axis":"x","angle": 45},
			"faces":
			{
				"down":  {"uv": [ 2, 2, 6, 6],"texture":"#spike"},
				"up":    {"uv": [ 2, 2, 6, 6],"texture":"#spike"},
				"north": {"uv": [ 2, 2, 6, 6],"texture":"#spike"},
				"south": {"uv": [ 2, 2, 6, 6],"texture":"#spike"},
				"west":  {"uv": [ 2, 2, 6, 6],"texture":"#spike"},
				"east":  {"uv": [ 2, 2, 6, 6],"texture":"#spike"}
			}
		},
		
		{
			"comment": "South East Spike",
			"from": [ 11.5, 0, 11.5],
			"to": [ 12.5, 4, 12.5],
			"faces":
			{
				"down":  {"uv": [ 12, 12, 16, 16],"texture":"#spike"},
				"up":    {"uv": [ 2, 2, 6, 6],"texture":"#spike"},
				"north": {"uv": [ 6, 6, 10, 10],"texture":"#spike"},
				"south": {"uv": [ 6, 6, 10, 10],"texture":"#spike"},
				"west":  {"uv": [ 6, 6, 10, 10],"texture":"#spike"},
				"east":  {"uv": [ 6, 6, 10, 10],"texture":"#spike"}
			}
		},
		
		{
			"comment": "South East Spike",
			"from": [ 11.6, 4, 11.6],
			"to": [ 12.4, 7, 12.4],
			"faces":
			{
				"down":  {"uv": [ 12, 12, 16, 16],"texture":"#spike"},
				"up":    {"uv": [ 2, 2, 6, 6],"texture":"#spike"},
				"north": {"uv": [ 6, 2, 10, 6],"texture":"#spike"},
				"south": {"uv": [ 6, 2, 10, 6],"texture":"#spike"},
				"west":  {"uv": [ 6, 2, 10, 6],"texture":"#spike"},
				"east":  {"uv": [ 6, 2, 10, 6],"texture":"#spike"}
			}
		},
		
		{
			"comment": "South East Spike",
			"from": [ 11.7, 7, 11.7],
			"to": [ 12.3, 10, 12.3],
			"faces":
			{
				"down":  {"uv": [ 12, 12, 16, 16],"texture":"#spike"},
				"up":    {"uv": [ 2, 2, 6, 6],"texture":"#spike"},
				"north": {"uv": [ 6, 0, 10, 2],"texture":"#spike"},
				"south": {"uv": [ 6, 0, 10, 2],"texture":"#spike"},
				"west":  {"uv": [ 6, 0, 10, 2],"texture":"#spike"},
				"east":  {"uv": [ 6, 0, 10, 2],"texture":"#spike"}
			}
		},
		
		{
			"comment": "South East Spike Point",
			"from": [ 11.7, 10, 11.7],
			"to": [ 12.3, 10.42, 12.12],
			"rotation": { "origin": [ 0, 10, 11.7],"axis":"x","angle": 45},
			"faces":
			{
				"down":  {"uv": [ 2, 2, 6, 6],"texture":"#spike"},
				"up":    {"uv": [ 2, 2, 6, 6],"texture":"#spike"},
				"north": {"uv": [ 2, 2, 6, 6],"texture":"#spike"},
				"south": {"uv": [ 2, 2, 6, 6],"texture":"#spike"},
				"west":  {"uv": [ 2, 2, 6, 6],"texture":"#spike"},
				"east":  {"uv": [ 2, 2, 6, 6],"texture":"#spike"}
			}
		},

		{
			"comment": "North East Spike",
			"from": [ 3.5, 0, 3.5],
			"to": [ 4.5, 4, 4.5],
			"faces":
			{
				"down":  {"uv": [ 12, 12, 16, 16],"texture":"#spike"},
				"up":    {"uv": [ 2, 2, 6, 6],"texture":"#spike"},
				"north": {"uv": [ 6, 6, 10, 10],"texture":"#spike"},
				"south": {"uv": [ 6, 6, 10, 10],"texture":"#spike"},
				"west":  {"uv": [ 6, 6, 10, 10],"texture":"#spike"},
				"east":  {"uv": [ 6, 6, 10, 10],"texture":"#spike"}
			}
		},
		
		{
			"comment": "North East Spike",
			"from": [ 3.6, 4, 3.6],
			"to": [ 4.4, 7, 4.4],
			"faces":
			{
				"down":  {"uv": [ 12, 12, 16, 16],"texture":"#spike"},
				"up":    {"uv": [ 2, 2, 6, 6],"texture":"#spike"},
				"north": {"uv": [ 6, 2, 10, 6],"texture":"#spike"},
				"south": {"uv": [ 6, 2, 10, 6],"texture":"#spike"},
				"west":  {"uv": [ 6, 2, 10, 6],"texture":"#spike"},
				"east":  {"uv": [ 6, 2, 10, 6],"texture":"#spike"}
			}
		},
		
		{
			"comment": "North East Spike",
			"from": [ 3.7, 7, 3.7],
			"to": [ 4.3, 10, 4.3],
			"faces":
			{
				"down":  {"uv": [ 12, 12, 16, 16],"texture":"#spike"},
				"up":    {"uv": [ 2, 2, 6, 6],"texture":"#spike"},
				"north": {"uv": [ 6, 0, 10, 2],"texture":"#spike"},
				"south": {"uv": [ 6, 0, 10, 2],"texture":"#spike"},
				"west":  {"uv": [ 6, 0, 10, 2],"texture":"#spike"},
				"east":  {"uv": [ 6, 0, 10, 2],"texture":"#spike"}
			}
		},
		
		{
			"comment": "North East Spike Point",
			"from": [ 3.7, 10, 3.7],
			"to": [ 4.3, 10.42, 4.12],
			"rotation": { "origin": [ 0, 10, 3.7],"axis":"x","angle": 45},
			"faces":
			{
				"down":  {"uv": [ 2, 2, 6, 6],"texture":"#spike"},
				"up":    {"uv": [ 2, 2, 6, 6],"texture":"#spike"},
				"north": {"uv": [ 2, 2, 6, 6],"texture":"#spike"},
				"south": {"uv": [ 2, 2, 6, 6],"texture":"#spike"},
				"west":  {"uv": [ 2, 2, 6, 6],"texture":"#spike"},
				"east":  {"uv": [ 2, 2, 6, 6],"texture":"#spike"}
			}
		}
    ]
}
