{
"__comment": "Fair warning, this format is highly likely to change even more in the future!",
"ambientocclusion": false,
"textures": {
    "particle": "blocks/cauldron_side",
    "top": "blocks/cauldron_top",
    "side": "blocks/cauldron_side",
    "inside": "blocks/cauldron_inner",
    "bottom": "blocks/cauldron_bottom",
    "water": "blocks/water_still"
},
"elements": [ 
{
    "__comment": "Corner*",
    "from": [ 12, 11.5, 12 ],
    "to": [ 14, 13, 14 ],
    "faces": {
        "down":  { "uv": [ 14, 16, 16, 14 ], "texture": "#top" },
        "up":    { "uv": [ 14, 14, 16, 16 ], "texture": "#top" },
        "north": { "uv": [ 2, 0, 4, 1.5 ], "texture": "#side" },
        "south": { "uv": [ 12, 0, 14, 1.5 ], "texture": "#side" },
        "west":  { "uv": [ 12, 0, 14, 1.5 ], "texture": "#side" },
        "east":  { "uv": [ 2, 0, 4, 1.5 ], "texture": "#side" }
    }
},
{
    "__comment": "Corner*",
    "from": [ 2, 11.5, 2 ],
    "to": [ 4, 13, 4 ],
    "faces": {
        "down":  { "uv": [ 0, 2, 2, 0 ], "texture": "#top" },
        "up":    { "uv": [ 0, 0, 2, 2 ], "texture": "#top" },
        "north": { "uv": [ 12, 0, 14, 1.5 ], "texture": "#side" },
        "south": { "uv": [ 2, 0, 4, 1.5 ], "texture": "#side" },
        "west":  { "uv": [ 2, 0, 4, 1.5 ], "texture": "#side" },
        "east":  { "uv": [ 12, 0, 14, 1.5 ], "texture": "#side" }
    }
},
{
    "__comment": "Corner*",
    "from": [ 2, 11.5, 12 ],
    "to": [ 4, 13, 14 ],
    "faces": {
        "down":  { "uv": [ 0, 16, 2, 14 ], "texture": "#top" },
        "up":    { "uv": [ 0, 14, 2, 16 ], "texture": "#top" },
        "north": { "uv": [ 12, 0, 14, 1.5 ], "texture": "#side" },
        "south": { "uv": [ 2, 0, 4, 1.5 ], "texture": "#side" },
        "west":  { "uv": [ 12, 0, 14, 1.5 ], "texture": "#side" },
        "east":  { "uv": [ 2, 0, 4, 1.5 ], "texture": "#side" }
    }
},
{
    "__comment": "Corner",
    "from": [ 12, 11.5, 2 ],
    "to": [ 14, 13, 4 ],
    "faces": {
        "down":  { "uv": [ 14, 2, 16, 0 ], "texture": "#top" },
        "up":    { "uv": [ 14, 0, 16, 2 ], "texture": "#top" },
        "north": { "uv": [ 2, 0, 4, 1.5 ], "texture": "#side" },
        "south": { "uv": [ 12, 0, 14, 1.5 ], "texture": "#side" },
        "west":  { "uv": [ 2, 0, 4, 1.5 ], "texture": "#side" },
        "east":  { "uv": [ 12, 0, 14, 1.5 ], "texture": "#side" }
    }
},
{
    "__comment": "Edge*",
    "from": [ 14.5, 11.5, 4 ],
    "to": [ 15, 13, 12 ],
    "faces": {
        "down":  { "uv": [ 14.5, 12, 15, 4 ], "texture": "#top" },
        "up":    { "uv": [ 14.5, 4, 15, 12 ], "texture": "#top" },
        "north": { "uv": [ 1, 0, 1.5, 1.5 ], "texture": "#side" },
        "south": { "uv": [ 14.5, 0, 15, 1.5 ], "texture": "#side" },
        "east":  { "uv": [ 4, 0, 12, 1.5 ], "texture": "#side" }
    }
},
{
    "__comment": "Edge*",
    "from": [ 4, 11.5, 14.5 ],
    "to": [ 12, 13, 15 ],
    "faces": {
        "down":  { "uv": [ 4, 15, 12, 14.5 ], "texture": "#top" },
        "up":    { "uv": [ 4, 14.5, 12, 15 ], "texture": "#top" },
        "south": { "uv": [ 4, 0, 12, 1.5 ], "texture": "#side" },
        "west":  { "uv": [ 14.5, 0, 15, 1.5 ], "texture": "#side" },
        "east":  { "uv": [ 1, 0, 1.5, 1.5 ], "texture": "#side" }
    }
},
{
    "__comment": "Edge*",
    "from": [ 1, 11.5, 4 ],
    "to": [ 1.5, 13, 12 ],
    "faces": {
        "down":  { "uv": [ 1, 12, 1.5, 4 ], "texture": "#top" },
        "up":    { "uv": [ 1, 4, 1.5, 12 ], "texture": "#top" },
        "north": { "uv": [ 14.5, 0, 15, 1.5 ], "texture": "#side" },
        "south": { "uv": [ 1, 0, 1.5, 1.5 ], "texture": "#side" },
        "west":  { "uv": [ 4, 0, 12, 1.5 ], "texture": "#side" }
    }
},
{
    "__comment": "Edge",
    "from": [ 4, 11.5, 1 ],
    "to": [ 12, 13, 1.5 ],
    "faces": {
        "down":  { "uv": [ 4, 1.5, 12, 1 ], "texture": "#top" },
        "up":    { "uv": [ 4, 1, 12, 1.5 ], "texture": "#top" },
        "north": { "uv": [ 4, 0, 12, 1.5 ], "texture": "#side" },
        "west":  { "uv": [ 1, 0, 1.5, 1.5 ], "texture": "#side" },
        "east":  { "uv": [ 14.5, 0, 15, 1.5 ], "texture": "#side" }
    }
},
{
    "__comment": "outer*",
    "from": [ 4, 8, 13.5 ],
    "to": [ 12, 13, 14.5 ],
    "faces": {
        "down":  { "uv": [ 4, 14.5, 12, 13.5 ], "texture": "#inside", "cullface": "down" },
        "up":    { "uv": [ 4, 15, 12, 16 ], "texture": "#top", "cullface": "up" },
        "north": { "uv": [ 12, 0, 4, 5 ], "texture": "#side" },
        "south": { "uv": [ 4, 0, 12, 5 ], "texture": "#side", "cullface": "south" },
        "west":  { "uv": [ 13.5, 0, 14.5, 5 ], "texture": "#side", "cullface": "west" },
        "east":  { "uv": [ 14.5, 0, 13.5, 5 ], "texture": "#side", "cullface": "east" }
    }
},
{
    "__comment": "outer*",
    "from": [ 5, 4, 1.5 ],
    "to": [ 11, 8, 2.5 ],
    "faces": {
        "down":  { "uv": [ 5, 2.5, 11, 1.5 ], "texture": "#inside", "cullface": "down" },
        "north": { "uv": [ 11, 5, 5, 9 ], "texture": "#side", "cullface": "north" },
        "west":  { "uv": [ 1.5, 5, 2.5, 9 ], "texture": "#side", "cullface": "west" },
        "east":  { "uv": [ 2.5, 5, 1.5, 9 ], "texture": "#side", "cullface": "east" }
    }
},
{
    "__comment": "outer*",
    "from": [ 13.5, 4, 5 ],
    "to": [ 14.5, 8, 11 ],
    "faces": {
        "down":  { "uv": [ 13.5, 11, 14.5, 5 ], "texture": "#inside", "cullface": "down" },
        "north": { "uv": [ 14.5, 5, 13.5, 9 ], "texture": "#side", "cullface": "north" },
        "south": { "uv": [ 13.5, 5, 14.5, 9 ], "texture": "#side", "cullface": "south" },
        "east":  { "uv": [ 11, 5, 5, 9 ], "texture": "#side", "cullface": "east" }
    }
},
{
    "__comment": "outer*",
    "from": [ 1.5, 4, 5 ],
    "to": [ 2.5, 8, 11 ],
    "faces": {
        "down":  { "uv": [ 1.5, 11, 2.5, 5 ], "texture": "#inside", "cullface": "down" },
        "north": { "uv": [ 2.5, 5, 1.5, 9 ], "texture": "#side", "cullface": "north" },
        "south": { "uv": [ 1.5, 5, 2.5, 9 ], "texture": "#side", "cullface": "south" },
        "west":  { "uv": [ 5, 5, 11, 9 ], "texture": "#side", "cullface": "west" }
    }
},
{
    "__comment": "Legs",
    "from": [ 14, 0, 14 ],
    "to": [ 16, 3, 16 ],
    "faces": {
        "down":  { "uv": [ 14, 16, 16, 14 ], "texture": "#bottom" },
        "up":    { "uv": [ 14, 14, 16, 16 ], "texture": "#top" },
        "north": { "uv": [ 16, 13, 14, 16 ], "texture": "#side" },
        "south": { "uv": [ 14, 13, 16, 16 ], "texture": "#side" },
        "west":  { "uv": [ 14, 13, 16, 16 ], "texture": "#side" },
        "east":  { "uv": [ 16, 13, 14, 16 ], "texture": "#side" }
    }
},
{
    "__comment": "Legs",
    "from": [ 0, 0, 14 ],
    "to": [ 2, 3, 16 ],
    "faces": {
        "down":  { "uv": [ 0, 16, 2, 14 ], "texture": "#bottom" },
        "up":    { "uv": [ 0, 14, 2, 16 ], "texture": "#top" },
        "north": { "uv": [ 2, 13, 0, 16 ], "texture": "#side" },
        "south": { "uv": [ 0, 13, 2, 16 ], "texture": "#side" },
        "west":  { "uv": [ 14, 13, 16, 16 ], "texture": "#side" },
        "east":  { "uv": [ 16, 13, 14, 16 ], "texture": "#side" }
    }
},
{
    "__comment": "Legs",
    "from": [ 14, 0, 0 ],
    "to": [ 16, 3, 2 ],
    "faces": {
        "down":  { "uv": [ 14, 2, 16, 0 ], "texture": "#bottom" },
        "up":    { "uv": [ 14, 0, 16, 2 ], "texture": "#top" },
        "north": { "uv": [ 16, 13, 14, 16 ], "texture": "#side" },
        "south": { "uv": [ 14, 13, 16, 16 ], "texture": "#side" },
        "west":  { "uv": [ 0, 13, 2, 16 ], "texture": "#side" },
        "east":  { "uv": [ 2, 13, 0, 16 ], "texture": "#side" }
    }
},
{
    "__comment": "Legs",
    "from": [ 0, 0, 0 ],
    "to": [ 2, 3, 2 ],
    "faces": {
        "down":  { "uv": [ 0, 2, 2, 0 ], "texture": "#bottom", "cullface": "down" },
        "up":    { "uv": [ 0, 0, 2, 2 ], "texture": "#top", "cullface": "up" },
        "north": { "uv": [ 2, 13, 0, 16 ], "texture": "#side", "cullface": "north" },
        "south": { "uv": [ 0, 13, 2, 16 ], "texture": "#side", "cullface": "south" },
        "west":  { "uv": [ 0, 13, 2, 16 ], "texture": "#side", "cullface": "west" },
        "east":  { "uv": [ 2, 13, 0, 16 ], "texture": "#side", "cullface": "east" }
    }
},
{
    "from": [ 2.5, 1, 12.5 ],
    "to": [ 13.5, 11.5, 13.5 ],
    "faces": {
        "up":    { "uv": [ 2.5, 12.5, 13.5, 13.5 ], "texture": "#inside", "cullface": "up" },
        "north": { "uv": [ 13.5, 1.5, 2.5, 12 ], "texture": "#side" },
        "south": { "uv": [ 2.5, 1.5, 13.5, 12 ], "texture": "#side", "cullface": "south" },
        "west":  { "uv": [ 12.5, 1.5, 13.5, 12 ], "texture": "#side", "cullface": "west" },
        "east":  { "uv": [ 13.5, 1.5, 12.5, 12 ], "texture": "#side", "cullface": "east" }
    }
},
{
    "from": [ 2.5, 1, 2.5 ],
    "to": [ 13.5, 11.5, 3.5 ],
    "faces": {
        "up":    { "uv": [ 2.5, 2.5, 13.5, 3.5 ], "texture": "#inside", "cullface": "up" },
        "north": { "uv": [ 13.5, 1.5, 2.5, 12 ], "texture": "#side", "cullface": "north" },
        "south": { "uv": [ 2.5, 1.5, 13.5, 12 ], "texture": "#side" },
        "west":  { "uv": [ 2.5, 1.5, 3.5, 12 ], "texture": "#side", "cullface": "west" },
        "east":  { "uv": [ 3.5, 1.5, 2.5, 12 ], "texture": "#side", "cullface": "east" }
    }
},
{
    "from": [ 12.5, 1, 3.5 ],
    "to": [ 13.5, 11.5, 12.5 ],
    "faces": {
        "up":    { "uv": [ 12.5, 3.5, 13.5, 12.5 ], "texture": "#inside", "cullface": "up" },
        "west":  { "uv": [ 3.5, 1.5, 12.5, 12 ], "texture": "#side" },
        "east":  { "uv": [ 12.5, 1.5, 3.5, 12 ], "texture": "#side", "cullface": "east" }
    }
},
{
    "from": [ 3.5, 1, 3.5 ],
    "to": [ 12.5, 2, 12.5 ],
    "faces": {
        "up":    { "uv": [ 3.5, 3.5, 12.5, 12.5 ], "texture": "#inside", "cullface": "up" }
    }
},
{
    "from": [ 2.5, 1, 3.5 ],
    "to": [ 3.5, 11.5, 12.5 ],
    "faces": {
        "up":    { "uv": [ 2.5, 3.5, 3.5, 12.5 ], "texture": "#inside", "cullface": "up" },
        "west":  { "uv": [ 3.5, 1.5, 12.5, 12 ], "texture": "#side", "cullface": "west" },
        "east":  { "uv": [ 12.5, 1.5, 3.5, 12 ], "texture": "#side" }
    }
},
{
    "__comment": "Legs*",
    "from": [ 13.5, 3, 13.5 ],
    "to": [ 15.5, 4.5, 15.5 ],
    "faces": {
        "down":  { "uv": [ 13.5, 15.5, 15.5, 13.5 ], "texture": "#bottom" },
        "up":    { "uv": [ 13.5, 13.5, 15.5, 15.5 ], "texture": "#top" },
        "north": { "uv": [ 15.5, 11.5, 13.5, 13 ], "texture": "#side" },
        "south": { "uv": [ 13.5, 11.5, 15.5, 13 ], "texture": "#side" },
        "west":  { "uv": [ 13.5, 11.5, 15.5, 13 ], "texture": "#side" },
        "east":  { "uv": [ 15.5, 11.5, 13.5, 13 ], "texture": "#side" }
    }
},
{
    "__comment": "Legs*",
    "from": [ 0.5, 3, 13.5 ],
    "to": [ 2.5, 4.5, 15.5 ],
    "faces": {
        "down":  { "uv": [ 0.5, 15.5, 2.5, 13.5 ], "texture": "#bottom" },
        "up":    { "uv": [ 0.5, 13.5, 2.5, 15.5 ], "texture": "#top" },
        "north": { "uv": [ 2.5, 11.5, 0.5, 13 ], "texture": "#side" },
        "south": { "uv": [ 0.5, 11.5, 2.5, 13 ], "texture": "#side" },
        "west":  { "uv": [ 13.5, 11.5, 15.5, 13 ], "texture": "#side" },
        "east":  { "uv": [ 15.5, 11.5, 13.5, 13 ], "texture": "#side" }
    }
},
{
    "__comment": "Legs*",
    "from": [ 13.5, 3, 0.5 ],
    "to": [ 15.5, 4.5, 2.5 ],
    "faces": {
        "down":  { "uv": [ 13.5, 2.5, 15.5, 0.5 ], "texture": "#bottom" },
        "up":    { "uv": [ 13.5, 0.5, 15.5, 2.5 ], "texture": "#top" },
        "north": { "uv": [ 15.5, 11.5, 13.5, 13 ], "texture": "#side" },
        "south": { "uv": [ 13.5, 11.5, 15.5, 13 ], "texture": "#side" },
        "west":  { "uv": [ 0.5, 11.5, 2.5, 13 ], "texture": "#side" },
        "east":  { "uv": [ 2.5, 11.5, 0.5, 13 ], "texture": "#side" }
    }
},
{
    "__comment": "Legs*",
    "from": [ 0.5, 3, 0.5 ],
    "to": [ 2.5, 4.5, 2.5 ],
    "faces": {
        "down":  { "uv": [ 0.5, 2.5, 2.5, 0.5 ], "texture": "#bottom", "cullface": "down" },
        "up":    { "uv": [ 0.5, 0.5, 2.5, 2.5 ], "texture": "#top", "cullface": "up" },
        "north": { "uv": [ 2.5, 11.5, 0.5, 13 ], "texture": "#side", "cullface": "north" },
        "south": { "uv": [ 0.5, 11.5, 2.5, 13 ], "texture": "#side", "cullface": "south" },
        "west":  { "uv": [ 0.5, 11.5, 2.5, 13 ], "texture": "#side", "cullface": "west" },
        "east":  { "uv": [ 2.5, 11.5, 0.5, 13 ], "texture": "#side", "cullface": "east" }
    }
},
{
    "__comment": "outer",
    "from": [ 5, 4, 13.5 ],
    "to": [ 11, 8, 14.5 ],
    "faces": {
        "down":  { "uv": [ 5, 14.5, 11, 13.5 ], "texture": "#inside", "cullface": "down" },
        "south": { "uv": [ 5, 5, 11, 9 ], "texture": "#side", "cullface": "south" },
        "west":  { "uv": [ 13.5, 5, 14.5, 9 ], "texture": "#side", "cullface": "west" },
        "east":  { "uv": [ 14.5, 5, 13.5, 9 ], "texture": "#side", "cullface": "east" }
    }
},
{
    "__comment": "outer",
    "from": [ 4, 8, 1.5 ],
    "to": [ 12, 13, 2.5 ],
    "faces": {
        "down":  { "uv": [ 4, 2.5, 12, 1.5 ], "texture": "#inside", "cullface": "down" },
        "up":    { "uv": [ 4, 0, 12, 1 ], "texture": "#top", "cullface": "up" },
        "north": { "uv": [ 12, 0, 4, 5 ], "texture": "#side", "cullface": "north" },
        "south": { "uv": [ 4, 0, 12, 5 ], "texture": "#side" },
        "west":  { "uv": [ 1.5, 0, 2.5, 5 ], "texture": "#side", "cullface": "west" },
        "east":  { "uv": [ 2.5, 0, 1.5, 5 ], "texture": "#side", "cullface": "east" }
    }
},
{
    "__comment": "outer",
    "from": [ 13.5, 8, 4 ],
    "to": [ 14.5, 13, 12 ],
    "faces": {
        "down":  { "uv": [ 13.5, 12, 14.5, 4 ], "texture": "#inside", "cullface": "down" },
        "up":    { "uv": [ 15, 4, 16, 12 ], "texture": "#top", "cullface": "up" },
        "north": { "uv": [ 14.5, 0, 13.5, 5 ], "texture": "#side", "cullface": "north" },
        "south": { "uv": [ 13.5, 0, 14.5, 5 ], "texture": "#side", "cullface": "south" },
        "west":  { "uv": [ 4, 0, 12, 5 ], "texture": "#side" },
        "east":  { "uv": [ 12, 0, 4, 5 ], "texture": "#side", "cullface": "east" }
    }
},
{
    "__comment": "outer",
    "from": [ 1.5, 8, 4 ],
    "to": [ 2.5, 13, 12 ],
    "faces": {
        "down":  { "uv": [ 1.5, 12, 2.5, 4 ], "texture": "#inside", "cullface": "down" },
        "up":    { "uv": [ 0, 4, 1, 12 ], "texture": "#top", "cullface": "up" },
        "north": { "uv": [ 2.5, 0, 1.5, 5 ], "texture": "#side", "cullface": "north" },
        "south": { "uv": [ 1.5, 0, 2.5, 5 ], "texture": "#side", "cullface": "south" },
        "west":  { "uv": [ 4, 0, 12, 5 ], "texture": "#side", "cullface": "west" },
        "east":  { "uv": [ 12, 0, 4, 5 ], "texture": "#side" }
    }
},
{
    "from": [ 3.5, 0, 3.5 ],
    "to": [ 12.5, 1, 12.5 ],
    "faces": {
        "down":  { "uv": [ 3.5, 12.5, 12.5, 3.5 ], "texture": "#inside" },
        "up":    { "uv": [ 3.5, 3.5, 12.5, 12.5 ], "texture": "#inside", "cullface": "up" },
        "north": { "uv": [ 3.5, 11, 12.5, 12 ], "texture": "#side" },
        "south": { "uv": [ 3.5, 11, 12.5, 12 ], "texture": "#side" },
        "west":  { "uv": [ 3.5, 11, 12.5, 12 ], "texture": "#side" },
        "east":  { "uv": [ 3.5, 11, 12.5, 12 ], "texture": "#side" }
    }
},
{
    "from": [ 3.5, 8.4375, 3.5 ],
    "to": [ 12.5, 8.5, 12.5 ],
    "faces": {
        "down":  { "uv": [ 3.5, 12.5, 12.5, 3.5 ], "texture": "#water" },
        "up":    { "uv": [ 3.5, 3.5, 12.5, 12.5 ], "texture": "#water" }
    }
},
{
    "__comment": "Ring*",
    "from": [ 14, 3, 1.5 ],
    "to": [ 14.5, 4, 14.5 ],
    "faces": {
        "down":  { "uv": [ 14, 14.5, 14.5, 1.5 ], "texture": "#top", "cullface": "down" },
        "up":    { "uv": [ 14, 1.5, 14.5, 14.5 ], "texture": "#top", "cullface": "up" },
        "north": { "uv": [ 1.5, 12, 2, 13 ], "texture": "#side", "cullface": "north" },
        "south": { "uv": [ 14, 12, 14.5, 13 ], "texture": "#side", "cullface": "south" },
        "west":  { "uv": [ 1.5, 12, 14.5, 13 ], "texture": "#side", "cullface": "west" },
        "east":  { "uv": [ 1.5, 12, 14.5, 13 ], "texture": "#side" }
    }
},
{
    "__comment": "Ring*",
    "from": [ 2, 3, 1.5 ],
    "to": [ 14, 4, 2 ],
    "faces": {
        "down":  { "uv": [ 2, 2, 14, 1.5 ], "texture": "#top", "cullface": "down" },
        "up":    { "uv": [ 2, 1.5, 14, 2 ], "texture": "#top", "cullface": "up" },
        "north": { "uv": [ 2, 12, 14, 13 ], "texture": "#side", "cullface": "north" },
        "south": { "uv": [ 2, 12, 14, 13 ], "texture": "#side", "cullface": "south" },
        "west":  { "uv": [ 1.5, 12, 2, 13 ], "texture": "#side", "cullface": "west" },
        "east":  { "uv": [ 14, 12, 14.5, 13 ], "texture": "#side" }
    }
},
{
    "__comment": "Ring*",
    "from": [ 1.5, 3, 1.5 ],
    "to": [ 2, 4, 14.5 ],
    "faces": {
        "down":  { "uv": [ 1.5, 14.5, 2, 1.5 ], "texture": "#top", "cullface": "down" },
        "up":    { "uv": [ 1.5, 1.5, 2, 14.5 ], "texture": "#top", "cullface": "up" },
        "north": { "uv": [ 14, 12, 14.5, 13 ], "texture": "#side", "cullface": "north" },
        "south": { "uv": [ 1.5, 12, 2, 13 ], "texture": "#side", "cullface": "south" },
        "west":  { "uv": [ 1.5, 12, 14.5, 13 ], "texture": "#side", "cullface": "west" },
        "east":  { "uv": [ 1.5, 12, 14.5, 13 ], "texture": "#side" }
    }
},
{
    "__comment": "Ring",
    "from": [ 2, 3, 14 ],
    "to": [ 14, 4, 14.5 ],
    "faces": {
        "down":  { "uv": [ 2, 14.5, 14, 14 ], "texture": "#top", "cullface": "down" },
        "up":    { "uv": [ 2, 14, 14, 14.5 ], "texture": "#top", "cullface": "up" },
        "north": { "uv": [ 2, 12, 14, 13 ], "texture": "#side", "cullface": "north" },
        "south": { "uv": [ 2, 12, 14, 13 ], "texture": "#side", "cullface": "south" },
        "west":  { "uv": [ 14, 12, 14.5, 13 ], "texture": "#side", "cullface": "west" },
        "east":  { "uv": [ 1.5, 12, 2, 13 ], "texture": "#side" }
    }
}
]
}