{
"__comment": "3D Mesh designed with BDcraft Cubik - Version PRO 0.65 Beta",
"textures": {
    "down": "blocks/planks_oak",
    "up": "blocks/crafting_table_top",
    "north": "blocks/crafting_table_front",
    "south": "blocks/crafting_table_front",
    "west": "blocks/crafting_table_side",
    "east": "blocks/crafting_table_side",
    "particle": "blocks/crafting_table_top"
},
"elements": [ 
{
    "__comment": "Top*",
    "from": [ 3.5, 13.5, 0 ],
    "to": [ 12.5, 16, 3.5 ],
    "faces": {
        "down":  { "uv": [ 3.5, 3.5, 12.5, 0 ], "texture": "#up", "cullface": "north" },
        "up":    { "uv": [ 3.5, 0, 12.5, 3.5 ], "texture": "#up", "cullface": "up" },
        "north": { "uv": [ 12.5, 0, 3.5, 2.5 ], "texture": "#north", "cullface": "north" },
        "south": { "uv": [ 3.5, 0, 12.5, 2.5 ], "texture": "#south", "cullface": "south" },
        "west":  { "uv": [ 0, 0, 3.5, 2.5 ], "texture": "#west", "cullface": "west" },
        "east":  { "uv": [ 3.5, 0, 0, 2.5 ], "texture": "#east", "cullface": "east" }
    }
},
{
    "__comment": "Top*",
    "from": [ 0, 13.5, 3.5 ],
    "to": [ 3.5, 16, 12.5 ],
    "faces": {
        "down":  { "uv": [ 0, 12.5, 3.5, 3.5 ], "texture": "#up", "cullface": "west" },
        "up":    { "uv": [ 0, 3.5, 3.5, 12.5 ], "texture": "#up", "cullface": "up" },
        "north": { "uv": [ 3.5, 0, 0, 2.5 ], "texture": "#north", "cullface": "north" },
        "south": { "uv": [ 0, 0, 3.5, 2.5 ], "texture": "#south", "cullface": "south" },
        "west":  { "uv": [ 3.5, 0, 12.5, 2.5 ], "texture": "#west", "cullface": "west" },
        "east":  { "uv": [ 12.5, 0, 3.5, 2.5 ], "texture": "#east", "cullface": "east" }
    }
},
{
    "__comment": "Bottom*",
    "from": [ 0, 0, 3.5 ],
    "to": [ 3.5, 2, 12.5 ],
    "faces": {
        "down":  { "uv": [ 0, 12.5, 3.5, 3.5 ], "texture": "#down", "cullface": "down" },
        "up":    { "uv": [ 0, 3.5, 3.5, 12.5 ], "texture": "#up", "cullface": "west" },
        "north": { "uv": [ 3.5, 14, 0, 16 ], "texture": "#north", "cullface": "north" },
        "south": { "uv": [ 0, 14, 3.5, 16 ], "texture": "#south", "cullface": "south" },
        "west":  { "uv": [ 3.5, 1, 12.5, 3 ], "texture": "#west", "cullface": "west" },
        "east":  { "uv": [ 12.5, 1, 3.5, 3 ], "texture": "#east", "cullface": "east" }
    }
},
{
    "__comment": "Bottom*",
    "from": [ 3.5, 0, 12.5 ],
    "to": [ 12.5, 2, 16 ],
    "faces": {
        "down":  { "uv": [ 3.5, 16, 12.5, 12.5 ], "texture": "#down", "cullface": "down" },
        "up":    { "uv": [ 3.5, 12.5, 12.5, 16 ], "texture": "#up", "cullface": "south" },
        "north": { "uv": [ 12.5, 1, 3.5, 3 ], "texture": "#north", "cullface": "north" },
        "south": { "uv": [ 3.5, 1, 12.5, 3 ], "texture": "#south", "cullface": "south" },
        "west":  { "uv": [ 12.5, 14, 16, 16 ], "texture": "#west", "cullface": "west" },
        "east":  { "uv": [ 16, 14, 12.5, 16 ], "texture": "#east", "cullface": "east" }
    }
},
{
    "__comment": "Top*",
    "from": [ 3.5, 13.5, 12.5 ],
    "to": [ 12.5, 16, 16 ],
    "faces": {
        "down":  { "uv": [ 3.5, 16, 12.5, 12.5 ], "texture": "#up", "cullface": "south" },
        "up":    { "uv": [ 3.5, 12.5, 12.5, 16 ], "texture": "#up", "cullface": "up" },
        "north": { "uv": [ 12.5, 0, 3.5, 2.5 ], "texture": "#north", "cullface": "north" },
        "south": { "uv": [ 3.5, 0, 12.5, 2.5 ], "texture": "#south", "cullface": "south" },
        "west":  { "uv": [ 12.5, 0, 16, 2.5 ], "texture": "#west", "cullface": "west" },
        "east":  { "uv": [ 16, 0, 12.5, 2.5 ], "texture": "#east", "cullface": "east" }
    }
},
{
    "__comment": "Bottom*",
    "from": [ 12.5, 0, 3.5 ],
    "to": [ 16, 2, 12.5 ],
    "faces": {
        "down":  { "uv": [ 12.5, 12.5, 16, 3.5 ], "texture": "#down", "cullface": "down" },
        "up":    { "uv": [ 12.5, 3.5, 16, 12.5 ], "texture": "#up", "cullface": "north" },
        "north": { "uv": [ 16, 14, 12.5, 16 ], "texture": "#north", "cullface": "north" },
        "south": { "uv": [ 12.5, 14, 16, 16 ], "texture": "#south", "cullface": "south" },
        "west":  { "uv": [ 3.5, 1, 12.5, 3 ], "texture": "#west", "cullface": "west" },
        "east":  { "uv": [ 12.5, 1, 3.5, 3 ], "texture": "#east", "cullface": "east" }
    }
},
{
    "from": [ 14, 3.5, 3.5 ],
    "to": [ 14.5, 8, 12.5 ],
    "faces": {
        "down":  { "uv": [ 13, 13.5, 13.5, 4.5 ], "texture": "#east", "cullface": "east" },
        "up":    { "uv": [ 11, 2, 11.5, 11 ], "texture": "#east", "cullface": "east" },
        "north": { "uv": [ 14.5, 8, 14, 12.5 ], "texture": "#east", "cullface": "east" },
        "south": { "uv": [ 14, 8, 14.5, 12.5 ], "texture": "#east", "cullface": "east" },
        "west":  { "uv": [ 3.5, 8, 12.5, 12.5 ], "texture": "#east", "cullface": "east" },
        "east":  { "uv": [ 12.5, 8, 3.5, 12.5 ], "texture": "#east", "cullface": "east" }
    }
},
{
    "from": [ 4, 7, 1.5 ],
    "to": [ 12.5, 8.5, 2 ],
    "faces": {
        "down":  { "uv": [ 4, 9, 12.5, 8.5 ], "texture": "#north", "cullface": "north" },
        "up":    { "uv": [ 4, 7.5, 12.5, 8 ], "texture": "#north", "cullface": "north" },
        "north": { "uv": [ 12.5, 7.5, 4, 9 ], "texture": "#north", "cullface": "north" },
        "south": { "uv": [ 4, 7.5, 12.5, 9 ], "texture": "#north", "cullface": "north" },
        "west":  { "uv": [ 4, 7.5, 4.5, 9 ], "texture": "#north", "cullface": "north" },
        "east":  { "uv": [ 12.5, 7.5, 12, 9 ], "texture": "#north", "cullface": "north" }
    }
},
{
    "from": [ 4, 7, 14 ],
    "to": [ 12.5, 8.5, 14.5 ],
    "faces": {
        "down":  { "uv": [ 4, 9, 12.5, 8.5 ], "texture": "#north", "cullface": "south" },
        "up":    { "uv": [ 4, 7.5, 12.5, 8 ], "texture": "#north", "cullface": "south" },
        "north": { "uv": [ 12.5, 7.5, 4, 9 ], "texture": "#north", "cullface": "south" },
        "south": { "uv": [ 4, 7.5, 12.5, 9 ], "texture": "#north", "cullface": "south" },
        "west":  { "uv": [ 4, 7.5, 4.5, 9 ], "texture": "#north", "cullface": "south" },
        "east":  { "uv": [ 12.5, 7.5, 12, 9 ], "texture": "#north", "cullface": "south" }
    }
},
{
    "__comment": "Main",
    "from": [ 2, 0, 2 ],
    "to": [ 14, 16, 14 ],
    "faces": {
        "down":  { "uv": [ 2, 14, 14, 2 ], "texture": "#down", "cullface": "down" },
        "up":    { "uv": [ 2, 2, 14, 14 ], "texture": "#up", "cullface": "up" },
        "north": { "uv": [ 14, 0, 2, 16 ], "texture": "#north", "cullface": "north" },
        "south": { "uv": [ 2, 0, 14, 16 ], "texture": "#south", "cullface": "south" },
        "west":  { "uv": [ 2, 0, 14, 16 ], "texture": "#west", "cullface": "west" },
        "east":  { "uv": [ 14, 0, 2, 16 ], "texture": "#east", "cullface": "east" }
    }
},
{
    "__comment": "Leg1",
    "from": [ 0, 0, 12.5 ],
    "to": [ 3.5, 16, 16 ],
    "faces": {
        "down":  { "uv": [ 0, 16, 3.5, 12.5 ], "texture": "#down", "cullface": "down" },
        "up":    { "uv": [ 0, 12.5, 3.5, 16 ], "texture": "#up", "cullface": "up" },
        "north": { "uv": [ 3.5, 0, 0, 16 ], "texture": "#north", "cullface": "west" },
        "south": { "uv": [ 0, 0, 3.5, 16 ], "texture": "#south", "cullface": "south" },
        "west":  { "uv": [ 12.5, 0, 16, 16 ], "texture": "#west", "cullface": "west" },
        "east":  { "uv": [ 16, 0, 12.5, 16 ], "texture": "#east", "cullface": "south" }
    }
},
{
    "__comment": "Top",
    "from": [ 12.5, 13.5, 3.5 ],
    "to": [ 16, 16, 12.5 ],
    "faces": {
        "down":  { "uv": [ 12.5, 12.5, 16, 3.5 ], "texture": "#up", "cullface": "east" },
        "up":    { "uv": [ 12.5, 3.5, 16, 12.5 ], "texture": "#up", "cullface": "up" },
        "north": { "uv": [ 16, 0, 12.5, 2.5 ], "texture": "#north", "cullface": "north" },
        "south": { "uv": [ 12.5, 0, 16, 2.5 ], "texture": "#south", "cullface": "south" },
        "west":  { "uv": [ 3.5, 0, 12.5, 2.5 ], "texture": "#west", "cullface": "west" },
        "east":  { "uv": [ 12.5, 0, 3.5, 2.5 ], "texture": "#east", "cullface": "east" }
    }
},
{
    "__comment": "Bottom",
    "from": [ 3.5, 0, 0 ],
    "to": [ 12.5, 2, 3.5 ],
    "faces": {
        "down":  { "uv": [ 3.5, 3.5, 12.5, 0 ], "texture": "#down", "cullface": "down" },
        "up":    { "uv": [ 3.5, 0, 12.5, 3.5 ], "texture": "#up", "cullface": "north" },
        "north": { "uv": [ 12.5, 1, 3.5, 3 ], "texture": "#north", "cullface": "north" },
        "south": { "uv": [ 3.5, 1, 12.5, 3 ], "texture": "#south", "cullface": "south" },
        "west":  { "uv": [ 0, 14, 3.5, 16 ], "texture": "#west", "cullface": "west" },
        "east":  { "uv": [ 3.5, 14, 0, 16 ], "texture": "#east", "cullface": "east" }
    }
},
{
    "__comment": "Leg2",
    "from": [ 12.5, 0, 0 ],
    "to": [ 16, 16, 3.5 ],
    "faces": {
        "down":  { "uv": [ 12.5, 3.5, 16, 0 ], "texture": "#down", "cullface": "down" },
        "up":    { "uv": [ 12.5, 0, 16, 3.5 ], "texture": "#up", "cullface": "up" },
        "north": { "uv": [ 16, 0, 12.5, 16 ], "texture": "#north", "cullface": "north" },
        "south": { "uv": [ 12.5, 0, 16, 16 ], "texture": "#south", "cullface": "east" },
        "west":  { "uv": [ 0, 0, 3.5, 16 ], "texture": "#west", "cullface": "north" },
        "east":  { "uv": [ 3.5, 0, 0, 16 ], "texture": "#east", "cullface": "east" }
    }
},
{
    "__comment": "Leg3",
    "from": [ 0, 0, 0 ],
    "to": [ 3.5, 16, 3.5 ],
    "faces": {
        "down":  { "uv": [ 0, 3.5, 3.5, 0 ], "texture": "#down", "cullface": "down" },
        "up":    { "uv": [ 0, 0, 3.5, 3.5 ], "texture": "#up", "cullface": "up" },
        "north": { "uv": [ 3.5, 0, 0, 16 ], "texture": "#north", "cullface": "north" },
        "south": { "uv": [ 0, 0, 3.5, 16 ], "texture": "#south", "cullface": "west" },
        "west":  { "uv": [ 0, 0, 3.5, 16 ], "texture": "#west", "cullface": "west" },
        "east":  { "uv": [ 3.5, 0, 0, 16 ], "texture": "#east", "cullface": "north" }
    }
},
{
    "__comment": "Leg4",
    "from": [ 12.5, 0, 12.5 ],
    "to": [ 16, 16, 16 ],
    "faces": {
        "down":  { "uv": [ 12.5, 16, 16, 12.5 ], "texture": "#down", "cullface": "down" },
        "up":    { "uv": [ 12.5, 12.5, 16, 16 ], "texture": "#up", "cullface": "up" },
        "north": { "uv": [ 16, 0, 12.5, 16 ], "texture": "#north", "cullface": "east" },
        "south": { "uv": [ 12.5, 0, 16, 16 ], "texture": "#south", "cullface": "south" },
        "west":  { "uv": [ 12.5, 0, 16, 16 ], "texture": "#west", "cullface": "south" },
        "east":  { "uv": [ 16, 0, 12.5, 16 ], "texture": "#east", "cullface": "east" }
    }
}
]
}