{
"__comment": "3D Mesh designed with BDcraft Cubik - Version PRO 0.65 Beta",
"ambientocclusion": false,
"textures": {
    "particle": "blocks/dark_oak_fence",
    "texture": "blocks/dark_oak_fence",
    "planks": "blocks/fence_plank"
},
"elements": [ 
{
    "from": [ 6, 0, 0 ],
    "to": [ 10, 16, 2 ],
    "__comment": "Posts",
    "faces": {
        "down":  { "uv": [ 6, 0, 10, 2 ], "texture": "#texture" },
        "up":    { "uv": [ 6, 0, 10, 2 ], "texture": "#texture" },
        "north": { "uv": [ 10, 0, 6, 16 ], "texture": "#texture" },
        "south": { "uv": [ 6, 0, 10, 16 ], "texture": "#texture" },
        "west":  { "uv": [ 0, 0, 2, 16 ], "texture": "#texture" },
        "east":  { "uv": [ 2, 0, 0, 16 ], "texture": "#texture" }
    }
},
{
    "from": [ 6, 0, 14 ],
    "to": [ 10, 16, 16 ],
    "__comment": "Posts*",
    "faces": {
        "down":  { "uv": [ 6, 14, 10, 16 ], "texture": "#texture" },
        "up":    { "uv": [ 6, 14, 10, 16 ], "texture": "#texture" },
        "north": { "uv": [ 10, 0, 6, 16 ], "texture": "#texture" },
        "south": { "uv": [ 6, 0, 10, 16 ], "texture": "#texture" },
        "west":  { "uv": [ 14, 0, 16, 16 ], "texture": "#texture" },
        "east":  { "uv": [ 16, 0, 14, 16 ], "texture": "#texture" }
    }
},
{
    "from": [ 7.5, 11, 2 ],
    "to": [ 8.5, 13.5, 14 ],
    "faces": {
        "down":  { "uv": [ 2, 8.5, 14, 7.5 ], "rotation": 90, "texture": "#planks" },
        "up":    { "uv": [ 2, 7, 14, 8 ], "rotation": 90, "texture": "#planks" },
        "north": { "uv": [ 8.5, 6.5, 7.5, 9 ], "texture": "#planks" },
        "south": { "uv": [ 7.5, 6.5, 8.5, 9 ], "texture": "#planks" },
        "west":  { "uv": [ 2, 6.5, 14, 9 ], "texture": "#planks" },
        "east":  { "uv": [ 14, 6.5, 2, 9 ], "texture": "#planks" }
    }
}
]
}