{
"__comment": "3D Mesh designed with BDcraft Cubik - Version PRO 0.65 Beta",
"ambientocclusion": false,
"textures": {
    "particle": "blocks/dark_oak_fence",
    "texture": "blocks/dark_oak_fence",
    "planks": "blocks/fence_plank"
},
"elements": [ 
{
    "from": [ 0.5, 12, 7.5 ],
    "to": [ 1, 14, 8.5 ],
    "faces": {
        "down":  { "uv": [ 1.5, 4.5, 2, 3.5 ], "texture": "#texture" },
        "up":    { "uv": [ 1.5, 3.5, 2, 4.5 ], "texture": "#texture" },
        "north": { "uv": [ 6, 12, 6.5, 14 ], "texture": "#texture" },
        "south": { "uv": [ 6, 5.5, 6.5, 7.5 ], "texture": "#texture" },
        "west":  { "uv": [ 2, 0.5, 3, 2.5 ], "texture": "#texture" },
        "east":  { "uv": [ 7.5, 2, 8.5, 4 ], "texture": "#texture" }
    }
},
{
    "from": [ 7.5, 9, 2 ],
    "to": [ 8.5, 11.5, 15 ],
    "faces": {
        "down":  { "uv": [ 2, 8.5, 15, 7.5 ], "rotation": 90, "texture": "#planks" },
        "up":    { "uv": [ 2, 7, 15, 8 ], "rotation": 90, "texture": "#planks" },
        "north": { "uv": [ 8.5, 6.5, 7.5, 9 ], "texture": "#planks" },
        "south": { "uv": [ 7.5, 6.5, 8.5, 9 ], "texture": "#planks" },
        "west":  { "uv": [ 2, 6.5, 15, 9 ], "texture": "#planks" },
        "east":  { "uv": [ 15, 6.5, 2, 9 ], "texture": "#planks" }
    }
},
{
    "from": [ 6, 0, 6 ],
    "to": [ 10, 16, 10 ],
    "faces": {
        "down":  { "uv": [ 2, 4, 6, 0 ], "texture": "#texture" },
        "up":    { "uv": [ 2, 0, 6, 4 ], "texture": "#texture" },
        "north": { "uv": [ 6, 0, 10, 16 ], "texture": "#texture" },
        "south": { "uv": [ 6, 0, 10, 16 ], "texture": "#texture" },
        "west":  { "uv": [ 6, 0, 10, 16 ], "texture": "#texture" },
        "east":  { "uv": [ 6, 0, 10, 16 ], "texture": "#texture" }
    }
},
{
    "from": [ 6, 0, 0 ],
    "to": [ 10, 16, 2 ],
    "__comment": "Posts",
    "faces": {
        "down":  { "uv": [ 2, 2, 6, 4 ], "texture": "#texture" },
        "up":    { "uv": [ 2, 2, 6, 4 ], "texture": "#texture" },
        "north": { "uv": [ 10, 0, 6, 16 ], "texture": "#texture" },
        "south": { "uv": [ 6, 0, 10, 16 ], "texture": "#texture" },
        "west":  { "uv": [ 0, 0, 2, 16 ], "texture": "#texture" },
        "east":  { "uv": [ 2, 0, 0, 16 ], "texture": "#texture" }
    }
},
{
    "from": [ 14, 0, 6 ],
    "to": [ 16, 16, 10 ],
    "__comment": "Posts*",
    "faces": {
        "down":  { "uv": [ 4, 4, 6, 0 ], "texture": "#texture" },
        "up":    { "uv": [ 4, 0, 6, 4 ], "texture": "#texture" },
        "north": { "uv": [ 16, 0, 14, 16 ], "texture": "#texture" },
        "south": { "uv": [ 14, 0, 16, 16 ], "texture": "#texture" },
        "west":  { "uv": [ 6, 0, 10, 16 ], "texture": "#texture" },
        "east":  { "uv": [ 10, 0, 6, 16 ], "texture": "#texture" }
    }
},
{
    "from": [ 1, 12, 7.5 ],
    "to": [ 14, 14.5, 8.5 ],
    "faces": {
        "down":  { "uv": [ 1, 8.5, 15, 7.5 ], "texture": "#planks" },
        "up":    { "uv": [ 1, 7.5, 15, 8.5 ], "texture": "#planks" },
        "north": { "uv": [ 15, 1.5, 1, 4 ], "texture": "#planks" },
        "south": { "uv": [ 1, 1.5, 15, 4 ], "texture": "#planks" },
        "west":  { "uv": [ 7.5, 1.5, 8.5, 4 ], "texture": "#planks" },
        "east":  { "uv": [ 8.5, 1.5, 7.5, 4 ], "texture": "#planks" }
    }
},
{
    "from": [ 7.5, 10, 15 ],
    "to": [ 8.5, 11, 15.5 ],
    "faces": {
        "down":  { "uv": [ 2, 8.5, 2.5, 7.5 ], "rotation": 90, "texture": "#planks" },
        "up":    { "uv": [ 3.5, 7, 4, 8 ], "rotation": 90, "texture": "#planks" },
        "north": { "uv": [ 8.5, 8, 7.5, 9 ], "texture": "#planks" },
        "south": { "uv": [ 6.5, 8, 7.5, 9 ], "texture": "#planks" },
        "west":  { "uv": [ 15, 7, 15.5, 8 ], "texture": "#planks" },
        "east":  { "uv": [ 15.5, 7, 15, 8 ], "texture": "#planks" }
    }
}
]
}