{
"__comment": "Fair warning, this format is highly likely to change even more in the future!",
"ambientocclusion": false,
"textures": {
    "particle": "blocks/door_jungle_upper",
    "bottom": "blocks/door_jungle_lower",
    "top": "blocks/door_jungle_upper",
    "inner": "blocks/door_jungle_inner"
},
"elements": [ 
{
    "from": [ 1, 15.5, 4.5 ],
    "to": [ 2, 16, 7.5 ],
    "__comment": "Fence",
    "faces": {
        "down":  { "uv": [ 1, 7.5, 2, 4.5 ], "texture": "#bottom" },
        "up":    { "uv": [ 1, 4.5, 2, 7.5 ], "texture": "#bottom" },
        "north": { "uv": [ 2, 0, 1, 0.5 ], "texture": "#top" },
        "south": { "uv": [ 1, 0, 2, 0.5 ], "texture": "#top" },
        "west":  { "uv": [ 4.5, 0, 7.5, 0.5 ], "texture": "#top" },
        "east":  { "uv": [ 7.5, 0, 4.5, 0.5 ], "texture": "#top" }
    }
},
{
    "from": [ 1, 15.5, 9.5 ],
    "to": [ 2, 16, 12 ],
    "__comment": "Fence",
    "faces": {
        "down":  { "uv": [ 2.5, 6, 3.5, 3.5 ], "texture": "#bottom" },
        "up":    { "uv": [ 1.5, 5.5, 2.5, 8 ], "texture": "#bottom" },
        "north": { "uv": [ 2, 0, 1, 0.5 ], "texture": "#top" },
        "south": { "uv": [ 1, 0, 2, 0.5 ], "texture": "#top" },
        "west":  { "uv": [ 9.5, 0, 12, 0.5 ], "texture": "#top" },
        "east":  { "uv": [ 12, 0, 9.5, 0.5 ], "texture": "#top" }
    }
},
{
    "from": [ 2, 9.5, 0 ],
    "to": [ 3, 12, 16 ],
    "__comment": "Back",
    "faces": {
        "down":  { "uv": [ 0, 7, 16, 6 ], "rotation": 90, "texture": "#inner" },
        "up":    { "uv": [ 0, 6, 16, 7 ], "rotation": 90, "texture": "#inner" },
        "north": { "uv": [ 11, 8.5, 12, 11.5 ], "texture": "#inner" },
        "south": { "uv": [ 3.5, 8.5, 4.5, 11.5 ], "texture": "#inner" },
        "west":  { "uv": [ 0, 7, 16, 4.5 ], "rotation": 180, "texture": "#inner" },
        "east":  { "uv": [ 0, 7, 16, 4.5 ], "rotation": 180, "texture": "#inner" }
    }
},
{
    "from": [ 1, 0, 0 ],
    "to": [ 2, 15, 3.5 ],
    "__comment": "Fence",
    "faces": {
        "down":  { "uv": [ 1, 3.5, 2, 0 ], "texture": "#bottom" },
        "up":    { "uv": [ 1, 0, 2, 3.5 ], "texture": "#bottom" },
        "north": { "uv": [ 7, 1, 6, 16 ], "texture": "#top" },
        "south": { "uv": [ 2, 0.5, 3, 15.5 ], "texture": "#top" },
        "west":  { "uv": [ 0, 1, 3.5, 16 ], "texture": "#top" },
        "east":  { "uv": [ 3.5, 1, 0, 16 ], "texture": "#top" }
    }
},
{
    "from": [ 1, 0, 8 ],
    "to": [ 2, 15.5, 12 ],
    "__comment": "Fence",
    "faces": {
        "down":  { "uv": [ 1, 12, 2, 8 ], "texture": "#bottom" },
        "up":    { "uv": [ 1, 8, 2, 12 ], "texture": "#bottom" },
        "north": { "uv": [ 7, 0.5, 6, 16 ], "texture": "#top" },
        "south": { "uv": [ 10.5, 0.5, 11.5, 16 ], "texture": "#top" },
        "west":  { "uv": [ 8, 0.5, 12, 16 ], "texture": "#top" },
        "east":  { "uv": [ 12, 0.5, 8, 16 ], "texture": "#top" }
    }
},
{
    "from": [ 1, 15.5, 0 ],
    "to": [ 2, 16, 2 ],
    "__comment": "Fence",
    "faces": {
        "down":  { "uv": [ 1, 2, 2, 0 ], "texture": "#bottom" },
        "up":    { "uv": [ 1, 0, 2, 2 ], "texture": "#bottom" },
        "north": { "uv": [ 2, 0, 1, 0.5 ], "texture": "#top" },
        "south": { "uv": [ 1, 0, 2, 0.5 ], "texture": "#top" },
        "west":  { "uv": [ 0, 0, 2, 0.5 ], "texture": "#top" },
        "east":  { "uv": [ 2, 0, 0, 0.5 ], "texture": "#top" }
    }
},
{
    "from": [ 1, 15, 0 ],
    "to": [ 2, 15.5, 3 ],
    "__comment": "Fence",
    "faces": {
        "down":  { "uv": [ 1, 3, 2, 0 ], "texture": "#bottom" },
        "up":    { "uv": [ 1, 0, 2, 3 ], "texture": "#bottom" },
        "north": { "uv": [ 2, 0.5, 1, 1 ], "texture": "#top" },
        "south": { "uv": [ 1, 0.5, 2, 1 ], "texture": "#top" },
        "west":  { "uv": [ 0, 0.5, 3, 1 ], "texture": "#top" },
        "east":  { "uv": [ 3, 0.5, 0, 1 ], "texture": "#top" }
    }
},
{
    "from": [ 1, 0, 12.5 ],
    "to": [ 2, 16, 16 ],
    "__comment": "Fence",
    "faces": {
        "down":  { "uv": [ 1, 16, 2, 12.5 ], "texture": "#bottom" },
        "up":    { "uv": [ 1, 12.5, 2, 16 ], "texture": "#bottom" },
        "north": { "uv": [ 15.5, 0, 14.5, 16 ], "texture": "#top" },
        "south": { "uv": [ 12.5, 0, 13.5, 16 ], "texture": "#top" },
        "west":  { "uv": [ 12.5, 0, 16, 16 ], "texture": "#top" },
        "east":  { "uv": [ 16, 0, 12.5, 16 ], "texture": "#top" }
    }
},
{
    "from": [ 2, 12, 0 ],
    "to": [ 3, 12.5, 15.5 ],
    "__comment": "Back",
    "faces": {
        "down":  { "uv": [ 0, 7, 16, 6 ], "rotation": 90, "texture": "#inner" },
        "up":    { "uv": [ 0, 6, 16, 7 ], "rotation": 90, "texture": "#inner" },
        "north": { "uv": [ 11, 9, 12, 9.5 ], "texture": "#inner" },
        "south": { "uv": [ 3.5, 9, 4.5, 9.5 ], "texture": "#inner" },
        "west":  { "uv": [ 0, 4.5, 15.5, 4 ], "rotation": 180, "texture": "#inner" },
        "east":  { "uv": [ 0, 4.5, 15.5, 4 ], "rotation": 180, "texture": "#inner" }
    }
},
{
    "from": [ 2, 9, 1 ],
    "to": [ 3, 9.5, 15.5 ],
    "__comment": "Back",
    "faces": {
        "down":  { "uv": [ 0, 7, 16, 6 ], "rotation": 90, "texture": "#inner" },
        "up":    { "uv": [ 0, 6, 16, 7 ], "rotation": 90, "texture": "#inner" },
        "north": { "uv": [ 10.5, 10.5, 11.5, 11 ], "texture": "#inner" },
        "south": { "uv": [ 2.5, 10.5, 3.5, 11 ], "texture": "#inner" },
        "west":  { "uv": [ 1, 7.5, 15.5, 7 ], "rotation": 180, "texture": "#inner" },
        "east":  { "uv": [ 1, 7.5, 15.5, 7 ], "rotation": 180, "texture": "#inner" }
    }
},
{
    "from": [ 1, 0, 12 ],
    "to": [ 2, 5.5, 12.5 ],
    "__comment": "Fence",
    "faces": {
        "down":  { "uv": [ 1, 12.5, 2, 12 ], "texture": "#bottom" },
        "up":    { "uv": [ 1, 12, 2, 12.5 ], "texture": "#bottom" },
        "north": { "uv": [ 2, 10.5, 1, 16 ], "texture": "#top" },
        "south": { "uv": [ 1, 10.5, 2, 16 ], "texture": "#top" },
        "west":  { "uv": [ 12, 10.5, 12.5, 16 ], "texture": "#top" },
        "east":  { "uv": [ 12.5, 10.5, 12, 16 ], "texture": "#top" }
    }
},
{
    "from": [ 1, 0, 3.5 ],
    "to": [ 2, 1.5, 4 ],
    "__comment": "Fence",
    "faces": {
        "down":  { "uv": [ 1, 4, 2, 3.5 ], "texture": "#bottom" },
        "up":    { "uv": [ 1, 3.5, 2, 4 ], "texture": "#bottom" },
        "north": { "uv": [ 2, 14.5, 1, 16 ], "texture": "#top" },
        "south": { "uv": [ 1, 14.5, 2, 16 ], "texture": "#top" },
        "west":  { "uv": [ 3.5, 14.5, 4, 16 ], "texture": "#top" },
        "east":  { "uv": [ 4, 14.5, 3.5, 16 ], "texture": "#top" }
    }
},
{
    "from": [ 1, 0, 4 ],
    "to": [ 2, 15.5, 7.5 ],
    "__comment": "Fence*",
    "faces": {
        "down":  { "uv": [ 1, 7.5, 2, 4 ], "texture": "#bottom" },
        "up":    { "uv": [ 1, 4, 2, 7.5 ], "texture": "#bottom" },
        "north": { "uv": [ 7.5, 0.5, 6.5, 16 ], "texture": "#top" },
        "south": { "uv": [ 6, 0.5, 7, 16 ], "texture": "#top" },
        "west":  { "uv": [ 4, 0.5, 7.5, 16 ], "texture": "#top" },
        "east":  { "uv": [ 7.5, 0.5, 4, 16 ], "texture": "#top" }
    }
}
]
}