{
"__comment": "Fair warning, this format is highly likely to change even more in the future!",
"ambientocclusion": false,
"textures": {
    "particle": "blocks/door_jungle_upper",
    "bottom": "blocks/door_jungle_lower",
    "top": "blocks/door_jungle_upper",
    "inner": "blocks/door_jungle_inner"
},
"elements": [ 
{
    "from": [ 0.5, 4, 0 ],
    "to": [ 13.5, 4.5, 1 ],
    "faces": {
        "down":  { "uv": [ 4, 1, 5, 14 ], "rotation": 90, "texture": "#bottom" },
        "up":    { "uv": [ 12.5, 2, 13.5, 15 ], "rotation": 90, "texture": "#bottom" },
        "north": { "uv": [ 13.5, 11.5, 0.5, 12 ], "texture": "#inner" },
        "south": { "uv": [ 0.5, 11.5, 13.5, 12 ], "texture": "#inner" },
        "west":  { "uv": [ 3, 11.5, 4, 12 ], "texture": "#inner" },
        "east":  { "uv": [ 4.5, 11.5, 3.5, 12 ], "texture": "#inner" }
    }
},
{
    "from": [ 1.5, 3.5, 0 ],
    "to": [ 3, 4, 1 ],
    "faces": {
        "down":  { "uv": [ 6.5, 7, 8, 6 ], "texture": "#inner" },
        "up":    { "uv": [ 3.5, 9, 5, 10 ], "texture": "#inner" },
        "north": { "uv": [ 3, 12, 1.5, 12.5 ], "texture": "#inner" },
        "south": { "uv": [ 1.5, 12, 3, 12.5 ], "texture": "#inner" },
        "west":  { "uv": [ 2, 11.5, 3, 12 ], "texture": "#inner" },
        "east":  { "uv": [ 4.5, 11, 3.5, 11.5 ], "texture": "#inner" }
    }
},
{
    "from": [ 13.5, 7.5, 0 ],
    "to": [ 15.5, 8, 1 ],
    "faces": {
        "down":  { "uv": [ 6.5, 6.5, 8.5, 5.5 ], "texture": "#inner" },
        "up":    { "uv": [ 11, 5, 13, 6 ], "texture": "#inner" },
        "north": { "uv": [ 13, 10.5, 11, 11 ], "texture": "#inner" },
        "south": { "uv": [ 11, 9.5, 13, 10 ], "texture": "#inner" },
        "west":  { "uv": [ 4, 10.5, 5, 11 ], "texture": "#inner" },
        "east":  { "uv": [ 1, 10, 0, 10.5 ], "texture": "#inner" }
    }
},
{
    "from": [ 1.5, 7, 0 ],
    "to": [ 16, 7.5, 1 ],
    "faces": {
        "down":  { "uv": [ 0.5, 0, 1.5, 14.5 ], "rotation": 90, "texture": "#bottom" },
        "up":    { "uv": [ 2.5, 0.5, 3.5, 15 ], "rotation": 90, "texture": "#bottom" },
        "north": { "uv": [ 16, 8.5, 1.5, 9 ], "texture": "#inner" },
        "south": { "uv": [ 1.5, 8.5, 16, 9 ], "texture": "#inner" },
        "west":  { "uv": [ 0, 9.5, 1, 10 ], "texture": "#inner" },
        "east":  { "uv": [ 5, 10, 4, 10.5 ], "texture": "#inner" }
    }
},
{
    "from": [ 12.5, 0, 1 ],
    "to": [ 16, 0.5, 2 ],
    "__comment": "Fence*",
    "faces": {
        "down":  { "uv": [ 12.5, 2, 16, 1 ], "texture": "#bottom" },
        "up":    { "uv": [ 12.5, 1, 16, 2 ], "texture": "#bottom" },
        "north": { "uv": [ 16, 15.5, 12.5, 16 ], "texture": "#bottom" },
        "south": { "uv": [ 12.5, 15.5, 16, 16 ], "texture": "#bottom" },
        "west":  { "uv": [ 1, 15.5, 2, 16 ], "texture": "#bottom" },
        "east":  { "uv": [ 2, 15.5, 1, 16 ], "texture": "#bottom" }
    }
},
{
    "from": [ 0, 4.5, 0 ],
    "to": [ 16, 7, 1 ],
    "faces": {
        "down":  { "uv": [ 0, 1, 16, 0 ], "texture": "#bottom" },
        "up":    { "uv": [ 0, 0, 16, 1 ], "texture": "#bottom" },
        "north": { "uv": [ 16, 9, 0, 11.5 ], "texture": "#inner" },
        "south": { "uv": [ 0, 9, 16, 11.5 ], "texture": "#inner" },
        "west":  { "uv": [ 0, 9, 1, 11.5 ], "texture": "#inner" },
        "east":  { "uv": [ 1, 9, 0, 11.5 ], "texture": "#inner" }
    }
},
{
    "from": [ 0, 0, 1 ],
    "to": [ 3.5, 16, 2 ],
    "__comment": "Fence",
    "faces": {
        "down":  { "uv": [ 0, 2, 3.5, 1 ], "texture": "#bottom" },
        "up":    { "uv": [ 0, 1, 3.5, 2 ], "texture": "#bottom" },
        "north": { "uv": [ 3.5, 0, 0, 16 ], "texture": "#bottom" },
        "south": { "uv": [ 0, 0, 3.5, 16 ], "texture": "#bottom" },
        "west":  { "uv": [ 10.5, 0, 11.5, 16 ], "texture": "#bottom" },
        "east":  { "uv": [ 13.5, 0, 12.5, 16 ], "texture": "#bottom" }
    }
},
{
    "from": [ 3.5, 0.5, 1 ],
    "to": [ 7.5, 16, 2 ],
    "__comment": "Fence",
    "faces": {
        "down":  { "uv": [ 3.5, 2, 7.5, 1 ], "texture": "#bottom" },
        "up":    { "uv": [ 3.5, 1, 7.5, 2 ], "texture": "#bottom" },
        "north": { "uv": [ 7.5, 0, 3.5, 15.5 ], "texture": "#bottom" },
        "south": { "uv": [ 3.5, 0, 7.5, 15.5 ], "texture": "#bottom" },
        "west":  { "uv": [ 2.5, 0, 3.5, 15.5 ], "texture": "#bottom" },
        "east":  { "uv": [ 5, 0, 4, 15.5 ], "texture": "#bottom" }
    }
},
{
    "from": [ 4, 0, 1 ],
    "to": [ 7.5, 0.5, 2 ],
    "__comment": "Fence",
    "faces": {
        "down":  { "uv": [ 4, 2, 7.5, 1 ], "texture": "#bottom" },
        "up":    { "uv": [ 4, 1, 7.5, 2 ], "texture": "#bottom" },
        "north": { "uv": [ 7.5, 15.5, 4, 16 ], "texture": "#bottom" },
        "south": { "uv": [ 4, 15.5, 7.5, 16 ], "texture": "#bottom" },
        "west":  { "uv": [ 1, 15.5, 2, 16 ], "texture": "#bottom" },
        "east":  { "uv": [ 2, 15.5, 1, 16 ], "texture": "#bottom" }
    }
},
{
    "from": [ 7.5, 1, 1 ],
    "to": [ 8, 3.5, 2 ],
    "__comment": "Fence",
    "faces": {
        "down":  { "uv": [ 7.5, 2, 8, 1 ], "texture": "#bottom" },
        "up":    { "uv": [ 7.5, 1, 8, 2 ], "texture": "#bottom" },
        "north": { "uv": [ 8, 12.5, 7.5, 15 ], "texture": "#bottom" },
        "south": { "uv": [ 7.5, 12.5, 8, 15 ], "texture": "#bottom" },
        "west":  { "uv": [ 1, 12.5, 2, 15 ], "texture": "#bottom" },
        "east":  { "uv": [ 2, 12.5, 1, 15 ], "texture": "#bottom" }
    }
},
{
    "from": [ 8, 0.5, 1 ],
    "to": [ 16, 16, 2 ],
    "__comment": "Fence",
    "faces": {
        "down":  { "uv": [ 8, 2, 16, 1 ], "texture": "#bottom" },
        "up":    { "uv": [ 8, 1, 16, 2 ], "texture": "#bottom" },
        "north": { "uv": [ 16, 0, 8, 15.5 ], "texture": "#bottom" },
        "south": { "uv": [ 8, 0, 16, 15.5 ], "texture": "#bottom" },
        "west":  { "uv": [ 10.5, 0.5, 11.5, 16 ], "texture": "#bottom" },
        "east":  { "uv": [ 1, 0, 0, 15.5 ], "texture": "#bottom" }
    }
},
{
    "from": [ 9, 0, 1 ],
    "to": [ 12, 0.5, 2 ],
    "__comment": "Fence",
    "faces": {
        "down":  { "uv": [ 2, 5.5, 3, 2.5 ], "texture": "#bottom" },
        "up":    { "uv": [ 0.5, 2.5, 1.5, 5.5 ], "texture": "#bottom" },
        "north": { "uv": [ 2, 15.5, 1, 16 ], "texture": "#bottom" },
        "south": { "uv": [ 1, 15.5, 2, 16 ], "texture": "#bottom" },
        "west":  { "uv": [ 9, 15.5, 12, 16 ], "texture": "#bottom" },
        "east":  { "uv": [ 12, 15.5, 9, 16 ], "texture": "#bottom" }
    }
},
{
    "from": [ 12.5, 0, 1 ],
    "to": [ 16, 0.5, 2 ],
    "__comment": "Fence",
    "faces": {
        "down":  { "uv": [ 12.5, 2, 16, 1 ], "texture": "#bottom" },
        "up":    { "uv": [ 12.5, 1, 16, 2 ], "texture": "#bottom" },
        "north": { "uv": [ 16, 15.5, 12.5, 16 ], "texture": "#bottom" },
        "south": { "uv": [ 12.5, 15.5, 16, 16 ], "texture": "#bottom" },
        "west":  { "uv": [ 1, 15.5, 2, 16 ], "texture": "#bottom" },
        "east":  { "uv": [ 2, 15.5, 1, 16 ], "texture": "#bottom" }
    }
}
]
}