{
"__comment": "Fair warning, this format is highly likely to change even more in the future!",
"ambientocclusion": false,
"textures": {
    "particle": "blocks/door_jungle_upper",
    "bottom": "blocks/door_jungle_lower",
    "top": "blocks/door_jungle_upper",
    "inner": "blocks/door_jungle_inner"
},
"elements": [ 
{
    "from": [ 2, 4, 0.5 ],
    "to": [ 3, 4.5, 13.5 ],
    "faces": {
        "down":  { "uv": [ 4, 15.5, 5, 2.5 ], "texture": "#bottom" },
        "up":    { "uv": [ 4, 1, 5, 14 ], "texture": "#bottom" },
        "north": { "uv": [ 3, 11.5, 2, 12 ], "texture": "#inner" },
        "south": { "uv": [ 2, 11.5, 3, 12 ], "texture": "#inner" },
        "west":  { "uv": [ 0.5, 11.5, 13.5, 12 ], "texture": "#inner" },
        "east":  { "uv": [ 13.5, 11.5, 0.5, 12 ], "texture": "#inner" }
    }
},
{
    "from": [ 2, 3.5, 1.5 ],
    "to": [ 3, 4, 3 ],
    "faces": {
        "down":  { "uv": [ 12.5, 6.5, 13.5, 5 ], "texture": "#inner" },
        "up":    { "uv": [ 7.5, 5, 8.5, 6.5 ], "texture": "#inner" },
        "north": { "uv": [ 3, 12, 2, 12.5 ], "texture": "#inner" },
        "south": { "uv": [ 2, 12, 3, 12.5 ], "texture": "#inner" },
        "west":  { "uv": [ 1.5, 12, 3, 12.5 ], "texture": "#inner" },
        "east":  { "uv": [ 3, 12, 1.5, 12.5 ], "texture": "#inner" }
    }
},
{
    "from": [ 2, 7.5, 13.5 ],
    "to": [ 3, 8, 15.5 ],
    "faces": {
        "down":  { "uv": [ 3, 11, 4, 9 ], "texture": "#inner" },
        "up":    { "uv": [ 3, 8.5, 4, 10.5 ], "texture": "#inner" },
        "north": { "uv": [ 8.5, 10, 7.5, 10.5 ], "texture": "#inner" },
        "south": { "uv": [ 2, 9, 3, 9.5 ], "texture": "#inner" },
        "west":  { "uv": [ 13.5, 8, 15.5, 8.5 ], "texture": "#inner" },
        "east":  { "uv": [ 15.5, 8, 13.5, 8.5 ], "texture": "#inner" }
    }
},
{
    "from": [ 2, 7, 1.5 ],
    "to": [ 3, 7.5, 16 ],
    "faces": {
        "down":  { "uv": [ 2.5, 16, 3.5, 1.5 ], "texture": "#bottom" },
        "up":    { "uv": [ 4.5, 0.5, 5.5, 15 ], "texture": "#bottom" },
        "north": { "uv": [ 3, 8.5, 2, 9 ], "texture": "#inner" },
        "south": { "uv": [ 2, 8.5, 3, 9 ], "texture": "#inner" },
        "west":  { "uv": [ 1.5, 8.5, 16, 9 ], "texture": "#inner" },
        "east":  { "uv": [ 16, 8.5, 1.5, 9 ], "texture": "#inner" }
    }
},
{
    "from": [ 1, 0, 12.5 ],
    "to": [ 2, 0.5, 16 ],
    "__comment": "Fence*",
    "faces": {
        "down":  { "uv": [ 1, 16, 2, 12.5 ], "texture": "#bottom" },
        "up":    { "uv": [ 1, 12.5, 2, 16 ], "texture": "#bottom" },
        "north": { "uv": [ 2, 15.5, 1, 16 ], "texture": "#bottom" },
        "south": { "uv": [ 1, 15.5, 2, 16 ], "texture": "#bottom" },
        "west":  { "uv": [ 12.5, 15.5, 16, 16 ], "texture": "#bottom" },
        "east":  { "uv": [ 16, 15.5, 12.5, 16 ], "texture": "#bottom" }
    }
},
{
    "from": [ 2, 4.5, 0 ],
    "to": [ 3, 7, 16 ],
    "faces": {
        "down":  { "uv": [ 0, 16, 1, 0 ], "texture": "#bottom" },
        "up":    { "uv": [ 10.5, 0, 11.5, 16 ], "texture": "#bottom" },
        "north": { "uv": [ 12.5, 9, 11.5, 11.5 ], "texture": "#inner" },
        "south": { "uv": [ 3, 9, 4, 11.5 ], "texture": "#inner" },
        "west":  { "uv": [ 0, 9, 16, 11.5 ], "texture": "#inner" },
        "east":  { "uv": [ 16, 9, 0, 11.5 ], "texture": "#inner" }
    }
},
{
    "from": [ 1, 0, 0 ],
    "to": [ 2, 16, 3.5 ],
    "__comment": "Fence",
    "faces": {
        "down":  { "uv": [ 1, 3.5, 2, 0 ], "texture": "#bottom" },
        "up":    { "uv": [ 1, 0, 2, 3.5 ], "texture": "#bottom" },
        "north": { "uv": [ 5, 0, 4, 16 ], "texture": "#bottom" },
        "south": { "uv": [ 11, 0, 12, 16 ], "texture": "#bottom" },
        "west":  { "uv": [ 0, 0, 3.5, 16 ], "texture": "#bottom" },
        "east":  { "uv": [ 3.5, 0, 0, 16 ], "texture": "#bottom" }
    }
},
{
    "from": [ 1, 0.5, 3.5 ],
    "to": [ 2, 16, 7.5 ],
    "__comment": "Fence",
    "faces": {
        "down":  { "uv": [ 1, 7.5, 2, 3.5 ], "texture": "#bottom" },
        "up":    { "uv": [ 1, 3.5, 2, 7.5 ], "texture": "#bottom" },
        "north": { "uv": [ 1, 0, 0, 15.5 ], "texture": "#bottom" },
        "south": { "uv": [ 2.5, 0, 3.5, 15.5 ], "texture": "#bottom" },
        "west":  { "uv": [ 3.5, 0, 7.5, 15.5 ], "texture": "#bottom" },
        "east":  { "uv": [ 7.5, 0, 3.5, 15.5 ], "texture": "#bottom" }
    }
},
{
    "from": [ 1, 0, 4 ],
    "to": [ 2, 0.5, 7.5 ],
    "__comment": "Fence",
    "faces": {
        "down":  { "uv": [ 1, 7.5, 2, 4 ], "texture": "#bottom" },
        "up":    { "uv": [ 1, 4, 2, 7.5 ], "texture": "#bottom" },
        "north": { "uv": [ 2, 15.5, 1, 16 ], "texture": "#bottom" },
        "south": { "uv": [ 1, 15.5, 2, 16 ], "texture": "#bottom" },
        "west":  { "uv": [ 4, 15.5, 7.5, 16 ], "texture": "#bottom" },
        "east":  { "uv": [ 7.5, 15.5, 4, 16 ], "texture": "#bottom" }
    }
},
{
    "from": [ 1, 1, 7.5 ],
    "to": [ 2, 3.5, 8 ],
    "__comment": "Fence",
    "faces": {
        "down":  { "uv": [ 1, 8, 2, 7.5 ], "texture": "#bottom" },
        "up":    { "uv": [ 1, 7.5, 2, 8 ], "texture": "#bottom" },
        "north": { "uv": [ 2, 12.5, 1, 15 ], "texture": "#bottom" },
        "south": { "uv": [ 1, 12.5, 2, 15 ], "texture": "#bottom" },
        "west":  { "uv": [ 7.5, 12.5, 8, 15 ], "texture": "#bottom" },
        "east":  { "uv": [ 8, 12.5, 7.5, 15 ], "texture": "#bottom" }
    }
},
{
    "from": [ 1, 0.5, 8 ],
    "to": [ 2, 16, 16 ],
    "__comment": "Fence",
    "faces": {
        "down":  { "uv": [ 0, 16, 1, 8 ], "texture": "#bottom" },
        "up":    { "uv": [ 1, 1.5, 2, 9.5 ], "texture": "#bottom" },
        "north": { "uv": [ 3.5, 0, 2.5, 15.5 ], "texture": "#bottom" },
        "south": { "uv": [ 2.5, 0, 3.5, 15.5 ], "texture": "#bottom" },
        "west":  { "uv": [ 8, 0, 16, 15.5 ], "texture": "#bottom" },
        "east":  { "uv": [ 16, 0, 8, 15.5 ], "texture": "#bottom" }
    }
},
{
    "from": [ 1, 0, 9 ],
    "to": [ 2, 0.5, 12 ],
    "__comment": "Fence",
    "faces": {
        "down":  { "uv": [ 2, 5.5, 3, 2.5 ], "texture": "#bottom" },
        "up":    { "uv": [ 0.5, 2.5, 1.5, 5.5 ], "texture": "#bottom" },
        "north": { "uv": [ 2, 15.5, 1, 16 ], "texture": "#bottom" },
        "south": { "uv": [ 1, 15.5, 2, 16 ], "texture": "#bottom" },
        "west":  { "uv": [ 9, 15.5, 12, 16 ], "texture": "#bottom" },
        "east":  { "uv": [ 12, 15.5, 9, 16 ], "texture": "#bottom" }
    }
},
{
    "from": [ 1, 0, 12.5 ],
    "to": [ 2, 0.5, 16 ],
    "__comment": "Fence",
    "faces": {
        "down":  { "uv": [ 1, 16, 2, 12.5 ], "texture": "#bottom" },
        "up":    { "uv": [ 1, 12.5, 2, 16 ], "texture": "#bottom" },
        "north": { "uv": [ 2, 15.5, 1, 16 ], "texture": "#bottom" },
        "south": { "uv": [ 1, 15.5, 2, 16 ], "texture": "#bottom" },
        "west":  { "uv": [ 12.5, 15.5, 16, 16 ], "texture": "#bottom" },
        "east":  { "uv": [ 16, 15.5, 12.5, 16 ], "texture": "#bottom" }
    }
}
]
}