{
"__comment": "Fair warning, this format is highly likely to change even more in the future!",
"ambientocclusion": false,
"textures": {
    "particle": "blocks/door_jungle_upper",
    "bottom": "blocks/door_jungle_lower",
    "top": "blocks/door_jungle_upper",
    "inner": "blocks/door_jungle_inner"
},
"elements": [ 
{
    "from": [ 4, 0, 1 ],
    "to": [ 7.5, 15.5, 2 ],
    "__comment": "Fence*",
    "faces": {
        "down":  { "uv": [ 4, 2, 7.5, 1 ], "texture": "#bottom" },
        "up":    { "uv": [ 4, 1, 7.5, 2 ], "texture": "#bottom" },
        "north": { "uv": [ 7.5, 0.5, 4, 16 ], "texture": "#top" },
        "south": { "uv": [ 4, 0.5, 7.5, 16 ], "texture": "#top" },
        "west":  { "uv": [ 8.5, 0.5, 9.5, 16 ], "texture": "#top" },
        "east":  { "uv": [ 9, 0.5, 8, 16 ], "texture": "#top" }
    }
},
{
    "from": [ 3.5, 0, 1 ],
    "to": [ 4, 1.5, 2 ],
    "__comment": "Fence",
    "faces": {
        "down":  { "uv": [ 3.5, 2, 4, 1 ], "texture": "#bottom" },
        "up":    { "uv": [ 3.5, 1, 4, 2 ], "texture": "#bottom" },
        "north": { "uv": [ 4, 14.5, 3.5, 16 ], "texture": "#top" },
        "south": { "uv": [ 3.5, 14.5, 4, 16 ], "texture": "#top" },
        "west":  { "uv": [ 1, 14.5, 2, 16 ], "texture": "#top" },
        "east":  { "uv": [ 2, 14.5, 1, 16 ], "texture": "#top" }
    }
},
{
    "from": [ 12, 0, 1 ],
    "to": [ 12.5, 5.5, 2 ],
    "__comment": "Fence",
    "faces": {
        "down":  { "uv": [ 12, 2, 12.5, 1 ], "texture": "#bottom" },
        "up":    { "uv": [ 12, 1, 12.5, 2 ], "texture": "#bottom" },
        "north": { "uv": [ 12.5, 10.5, 12, 16 ], "texture": "#top" },
        "south": { "uv": [ 12, 10.5, 12.5, 16 ], "texture": "#top" },
        "west":  { "uv": [ 1, 10.5, 2, 16 ], "texture": "#top" },
        "east":  { "uv": [ 2, 10.5, 1, 16 ], "texture": "#top" }
    }
},
{
    "from": [ 1, 9, 0 ],
    "to": [ 15.5, 9.5, 1 ],
    "__comment": "Back",
    "faces": {
        "down":  { "uv": [ 0.5, 7, 15, 6 ], "texture": "#inner" },
        "up":    { "uv": [ 0.5, 6, 15, 7 ], "texture": "#inner" },
        "north": { "uv": [ 15.5, 7, 1, 7.5 ], "texture": "#inner" },
        "south": { "uv": [ 1, 6.5, 15.5, 7 ], "texture": "#inner" },
        "west":  { "uv": [ 5.5, 7, 6.5, 7.5 ], "texture": "#inner" },
        "east":  { "uv": [ 14, 7, 13, 7.5 ], "texture": "#inner" }
    }
},
{
    "from": [ 0, 12, 0 ],
    "to": [ 15.5, 12.5, 1 ],
    "__comment": "Back",
    "faces": {
        "down":  { "uv": [ 0, 7, 15.5, 6 ], "texture": "#inner" },
        "up":    { "uv": [ 0, 6, 15.5, 7 ], "texture": "#inner" },
        "north": { "uv": [ 15.5, 4, 0, 4.5 ], "texture": "#inner" },
        "south": { "uv": [ 0, 4, 15.5, 4.5 ], "texture": "#inner" },
        "west":  { "uv": [ 6.5, 6, 7.5, 6.5 ], "texture": "#inner" },
        "east":  { "uv": [ 12.5, 6.5, 11.5, 7 ], "texture": "#inner" }
    }
},
{
    "from": [ 12.5, 0, 1 ],
    "to": [ 16, 16, 2 ],
    "__comment": "Fence",
    "faces": {
        "down":  { "uv": [ 12.5, 2, 16, 1 ], "texture": "#bottom" },
        "up":    { "uv": [ 12.5, 1, 16, 2 ], "texture": "#bottom" },
        "north": { "uv": [ 16, 0, 12.5, 16 ], "texture": "#top" },
        "south": { "uv": [ 12.5, 0, 16, 16 ], "texture": "#top" },
        "west":  { "uv": [ 0, 0, 1, 16 ], "texture": "#top" },
        "east":  { "uv": [ 16, 0, 15, 16 ], "texture": "#top" }
    }
},
{
    "from": [ 0, 15, 1 ],
    "to": [ 3, 15.5, 2 ],
    "__comment": "Fence",
    "faces": {
        "down":  { "uv": [ 0, 2, 3, 1 ], "texture": "#bottom" },
        "up":    { "uv": [ 0, 1, 3, 2 ], "texture": "#bottom" },
        "north": { "uv": [ 3, 0.5, 0, 1 ], "texture": "#top" },
        "south": { "uv": [ 0, 0.5, 3, 1 ], "texture": "#top" },
        "west":  { "uv": [ 1, 0.5, 2, 1 ], "texture": "#top" },
        "east":  { "uv": [ 2, 0.5, 1, 1 ], "texture": "#top" }
    }
},
{
    "from": [ 0, 15.5, 1 ],
    "to": [ 2, 16, 2 ],
    "__comment": "Fence",
    "faces": {
        "down":  { "uv": [ 0, 2, 2, 1 ], "texture": "#bottom" },
        "up":    { "uv": [ 0, 1, 2, 2 ], "texture": "#bottom" },
        "north": { "uv": [ 2, 0, 0, 0.5 ], "texture": "#top" },
        "south": { "uv": [ 0, 0, 2, 0.5 ], "texture": "#top" },
        "west":  { "uv": [ 1, 0, 2, 0.5 ], "texture": "#top" },
        "east":  { "uv": [ 2, 0, 1, 0.5 ], "texture": "#top" }
    }
},
{
    "from": [ 8, 0, 1 ],
    "to": [ 12, 15.5, 2 ],
    "__comment": "Fence",
    "faces": {
        "down":  { "uv": [ 8, 2, 12, 1 ], "texture": "#bottom" },
        "up":    { "uv": [ 8, 1, 12, 2 ], "texture": "#bottom" },
        "north": { "uv": [ 12, 0.5, 8, 16 ], "texture": "#top" },
        "south": { "uv": [ 8, 0.5, 12, 16 ], "texture": "#top" },
        "west":  { "uv": [ 0, 0.5, 1, 16 ], "texture": "#top" },
        "east":  { "uv": [ 7, 0.5, 6, 16 ], "texture": "#top" }
    }
},
{
    "from": [ 0, 0, 1 ],
    "to": [ 3.5, 15, 2 ],
    "__comment": "Fence",
    "faces": {
        "down":  { "uv": [ 0, 2, 3.5, 1 ], "texture": "#bottom" },
        "up":    { "uv": [ 0, 1, 3.5, 2 ], "texture": "#bottom" },
        "north": { "uv": [ 3.5, 1, 0, 16 ], "texture": "#top" },
        "south": { "uv": [ 0, 1, 3.5, 16 ], "texture": "#top" },
        "west":  { "uv": [ 12.5, 1, 13.5, 16 ], "texture": "#top" },
        "east":  { "uv": [ 9, 0.5, 8, 15.5 ], "texture": "#top" }
    }
},
{
    "from": [ 0, 9.5, 0 ],
    "to": [ 16, 12, 1 ],
    "__comment": "Back",
    "faces": {
        "down":  { "uv": [ 0, 7, 16, 6 ], "texture": "#inner" },
        "up":    { "uv": [ 0, 6, 16, 7 ], "texture": "#inner" },
        "north": { "uv": [ 16, 4.5, 0, 7 ], "texture": "#inner" },
        "south": { "uv": [ 0, 4.5, 16, 7 ], "texture": "#inner" },
        "west":  { "uv": [ 11, 4.5, 12, 7 ], "texture": "#inner" },
        "east":  { "uv": [ 12.5, 4.5, 11.5, 7 ], "texture": "#inner" }
    }
},
{
    "from": [ 9.5, 15.5, 1 ],
    "to": [ 12, 16, 2 ],
    "__comment": "Fence",
    "faces": {
        "down":  { "uv": [ 0.5, 5, 3, 4 ], "texture": "#bottom" },
        "up":    { "uv": [ 0.5, 5.5, 3, 6.5 ], "texture": "#bottom" },
        "north": { "uv": [ 2, 0, 1, 0.5 ], "texture": "#top" },
        "south": { "uv": [ 1, 0, 2, 0.5 ], "texture": "#top" },
        "west":  { "uv": [ 9.5, 0, 12, 0.5 ], "texture": "#top" },
        "east":  { "uv": [ 12, 0, 9.5, 0.5 ], "texture": "#top" }
    }
},
{
    "from": [ 4.5, 15.5, 1 ],
    "to": [ 7.5, 16, 2 ],
    "__comment": "Fence",
    "faces": {
        "down":  { "uv": [ 4.5, 2, 7.5, 1 ], "texture": "#bottom" },
        "up":    { "uv": [ 4.5, 1, 7.5, 2 ], "texture": "#bottom" },
        "north": { "uv": [ 7.5, 0, 4.5, 0.5 ], "texture": "#top" },
        "south": { "uv": [ 4.5, 0, 7.5, 0.5 ], "texture": "#top" },
        "west":  { "uv": [ 1, 0, 2, 0.5 ], "texture": "#top" },
        "east":  { "uv": [ 2, 0, 1, 0.5 ], "texture": "#top" }
    }
}
]
}