{
"__comment": "Fair warning, this format is highly likely to change even more in the future!",
"ambientocclusion": false,
"textures": {
    "particle": "blocks/dirt",
    "grass": "blocks/better_grass_0",
    "grass_side": "blocks/better_grass_side_1",
    "better_grass_sides": "blocks/better_grass_sides",
    "bottom": "blocks/dirt",
    "top": "blocks/grass_top",
    "texture": "blocks/log_big_oak",
    "log_up": "blocks/log_spruce_top"
},
"elements": [ 
{
    "__comment": "Center",
    "from": [ 0, 0, 0 ],
    "to": [ 16, 16, 16 ],
    "faces": {
        "down":  { "uv": [ 0, 0, 16, 16 ], "texture": "#bottom", "cullface": "down" },
        "up":    { "uv": [ 0, 0, 16, 16 ], "texture": "#top", "tintindex": 0, "cullface": "up" },
        "north": { "uv": [ 0, 0, 16, 16 ], "texture": "#bottom", "cullface": "north" },
        "south": { "uv": [ 0, 0, 16, 16 ], "texture": "#bottom", "cullface": "south" },
        "west":  { "uv": [ 0, 0, 16, 16 ], "texture": "#bottom", "cullface": "west" },
        "east":  { "uv": [ 0, 0, 16, 16 ], "texture": "#bottom", "cullface": "east" }
    }
},
{
    "from": [ 16, 0, 0 ],
    "to": [ 16, 16, 16 ],
    "rotation": { "origin": [ 16, 16, 0 ], "axis": "z", "angle": 22.5 },
    "faces": {
        "east":  { "uv": [ 0, 0, 16, 16 ], "texture": "#better_grass_sides", "tintindex": 0, "cullface": "east" }
    }
},
{
    "from": [ 0, 0, 0 ],
    "to": [ 0, 16, 16 ],
    "rotation": { "origin": [ 0, 16, 0 ], "axis": "z", "angle": -22.5 },
    "faces": {
        "west":  { "uv": [ 0, 0, 16, 16 ], "texture": "#better_grass_sides", "tintindex": 0, "cullface": "west" }
    }
},
{
    "from": [ 0, 0, 16 ],
    "to": [ 16, 16, 16 ],
    "rotation": { "origin": [ 0, 16, 16 ], "axis": "x", "angle": -22.5 },
    "faces": {
        "south": { "uv": [ 0, 0, 16, 16 ], "texture": "#better_grass_sides", "tintindex": 0, "cullface": "south" }
    }
},
{
    "from": [ 0, 0, 0 ],
    "to": [ 16, 16, 0 ],
    "rotation": { "origin": [ 0, 16, 0 ], "axis": "x", "angle": 22.5 },
    "faces": {
        "north": { "uv": [ 0, 0, 16, 16 ], "texture": "#better_grass_sides", "tintindex": 0, "cullface": "north" }
    }
},
{
    "__comment": "CenterOverlay",
    "from": [ -0.01, 0, -0.01 ],
    "to": [ 16.01, 16, 16.01 ],
    "faces": {
        "north": { "uv": [ 0, 0, 16, 16 ], "texture": "#grass_side", "tintindex": 0, "cullface": "north" },
        "south": { "uv": [ 0, 0, 16, 16 ], "texture": "#grass_side", "tintindex": 0, "cullface": "south" },
        "west":  { "uv": [ 0, 0, 16, 16 ], "texture": "#grass_side", "tintindex": 0, "cullface": "west" },
        "east":  { "uv": [ 0, 0, 16, 16 ], "texture": "#grass_side", "tintindex": 0, "cullface": "east" }
    }
},
{
    "__comment": "Planes",
    "from": [ 3, 16, 3.5 ],
    "to": [ 9, 21, 3.5625 ],
    "shade": false,
    "rotation": { "origin": [ 3, 16, 3.5 ], "axis": "y", "angle": 22.5 },
    "faces": {
        "north": { "uv": [ 15, 11, 9, 16 ], "texture": "#grass", "tintindex": 0, "cullface": "up" },
        "south": { "uv": [ 9, 11, 15, 16 ], "texture": "#grass", "tintindex": 0, "cullface": "up" }
    }
},
{
    "__comment": "Planes",
    "from": [ 2, 15.5, 8 ],
    "to": [ 2, 21.5, 15.5 ],
    "shade": false,
    "rotation": { "origin": [ 2, 15.5, 8 ], "axis": "y", "angle": 45 },
    "faces": {
        "west":  { "uv": [ 4.5, 10, 12, 16 ], "texture": "#grass", "tintindex": 0, "cullface": "up" },
        "east":  { "uv": [ 12, 10, 4.5, 16 ], "texture": "#grass", "tintindex": 0, "cullface": "up" }
    }
},
{
    "from": [ 4.5, 16, 4 ],
    "to": [ 10, 20, 9.5 ],
    "faces": {
        "down":  { "uv": [ 4.5, 9.5, 10, 4 ], "texture": "#texture", "cullface": "up" },
        "up":    { "uv": [ 4.5, 4, 10, 9.5 ], "texture": "#log_up", "cullface": "up" },
        "north": { "uv": [ 6, 12, 11.5, 16 ], "texture": "#texture", "cullface": "up" },
        "south": { "uv": [ 4.5, 12, 10, 16 ], "texture": "#texture", "cullface": "up" },
        "west":  { "uv": [ 4, 12, 9.5, 16 ], "texture": "#texture", "cullface": "up" },
        "east":  { "uv": [ 6.5, 12, 12, 16 ], "texture": "#texture", "cullface": "up" }
    }
},
{
    "from": [ 6.5, 16, 7.5 ],
    "to": [ 10.5, 18.5, 10.5 ],
    "faces": {
        "down":  { "uv": [ 6.5, 10.5, 10.5, 7.5 ], "texture": "#texture", "cullface": "up" },
        "up":    { "uv": [ 6.5, 7.5, 10.5, 10.5 ], "texture": "#texture", "cullface": "up" },
        "north": { "uv": [ 5.5, 13.5, 9.5, 16 ], "texture": "#texture", "cullface": "up" },
        "south": { "uv": [ 6.5, 13.5, 10.5, 16 ], "texture": "#texture", "cullface": "up" },
        "west":  { "uv": [ 7.5, 13.5, 10.5, 16 ], "texture": "#texture", "cullface": "up" },
        "east":  { "uv": [ 5.5, 13.5, 8.5, 16 ], "texture": "#texture", "cullface": "up" }
    }
},
{
    "from": [ 8, 16, 10 ],
    "to": [ 11, 17.5, 11.5 ],
    "faces": {
        "down":  { "uv": [ 8, 11.5, 11, 10 ], "texture": "#texture", "cullface": "up" },
        "up":    { "uv": [ 8, 10, 11, 11.5 ], "texture": "#texture", "cullface": "up" },
        "north": { "uv": [ 5, 14.5, 8, 16 ], "texture": "#texture", "cullface": "up" },
        "south": { "uv": [ 8, 14.5, 11, 16 ], "texture": "#texture", "cullface": "up" },
        "west":  { "uv": [ 10, 14.5, 11.5, 16 ], "texture": "#texture", "cullface": "up" },
        "east":  { "uv": [ 4.5, 14.5, 6, 16 ], "texture": "#texture", "cullface": "up" }
    }
},
{
    "from": [ 9, 16, 11.5 ],
    "to": [ 10.5, 17, 13 ],
    "faces": {
        "down":  { "uv": [ 9, 13, 10.5, 11.5 ], "texture": "#texture", "cullface": "up" },
        "up":    { "uv": [ 9, 11.5, 10.5, 13 ], "texture": "#texture", "cullface": "up" },
        "north": { "uv": [ 5.5, 15, 7, 16 ], "texture": "#texture", "cullface": "up" },
        "south": { "uv": [ 9, 15, 10.5, 16 ], "texture": "#texture", "cullface": "up" },
        "west":  { "uv": [ 11.5, 15, 13, 16 ], "texture": "#texture", "cullface": "up" },
        "east":  { "uv": [ 3, 15, 4.5, 16 ], "texture": "#texture", "cullface": "up" }
    }
},
{
    "from": [ 8, 16, 3 ],
    "to": [ 10.5, 18.5, 5 ],
    "faces": {
        "down":  { "uv": [ 8, 5, 10.5, 3 ], "texture": "#texture", "cullface": "up" },
        "up":    { "uv": [ 8, 3, 10.5, 5 ], "texture": "#texture", "cullface": "up" },
        "north": { "uv": [ 5.5, 13.5, 8, 16 ], "texture": "#texture", "cullface": "up" },
        "south": { "uv": [ 8, 13.5, 10.5, 16 ], "texture": "#texture", "cullface": "up" },
        "west":  { "uv": [ 3, 13.5, 5, 16 ], "texture": "#texture", "cullface": "up" },
        "east":  { "uv": [ 11, 13.5, 13, 16 ], "texture": "#texture", "cullface": "up" }
    }
},
{
    "from": [ 9.5, 16, 2.5 ],
    "to": [ 11, 17, 4 ],
    "faces": {
        "down":  { "uv": [ 9.5, 4, 11, 2.5 ], "texture": "#texture", "cullface": "up" },
        "up":    { "uv": [ 9.5, 2.5, 11, 4 ], "texture": "#texture", "cullface": "up" },
        "north": { "uv": [ 5, 15, 6.5, 16 ], "texture": "#texture", "cullface": "up" },
        "south": { "uv": [ 9.5, 15, 11, 16 ], "texture": "#texture", "cullface": "up" },
        "west":  { "uv": [ 2.5, 15, 4, 16 ], "texture": "#texture", "cullface": "up" },
        "east":  { "uv": [ 12, 15, 13.5, 16 ], "texture": "#texture", "cullface": "up" }
    }
},
{
    "from": [ 3, 16, 4.5 ],
    "to": [ 4.5, 19, 8 ],
    "faces": {
        "down":  { "uv": [ 3, 8, 4.5, 4.5 ], "texture": "#texture", "cullface": "up" },
        "up":    { "uv": [ 3, 4.5, 4.5, 8 ], "texture": "#texture", "cullface": "up" },
        "north": { "uv": [ 11.5, 13, 13, 16 ], "texture": "#texture", "cullface": "up" },
        "south": { "uv": [ 3, 13, 4.5, 16 ], "texture": "#texture", "cullface": "up" },
        "west":  { "uv": [ 4.5, 13, 8, 16 ], "texture": "#texture", "cullface": "up" },
        "east":  { "uv": [ 8, 13, 11.5, 16 ], "texture": "#texture", "cullface": "up" }
    }
},
{
    "from": [ 2, 16, 5 ],
    "to": [ 3, 17.5, 6.5 ],
    "faces": {
        "down":  { "uv": [ 2, 6.5, 3, 5 ], "texture": "#texture", "cullface": "up" },
        "up":    { "uv": [ 2, 5, 3, 6.5 ], "texture": "#texture", "cullface": "up" },
        "north": { "uv": [ 13, 14.5, 14, 16 ], "texture": "#texture", "cullface": "up" },
        "south": { "uv": [ 2, 14.5, 3, 16 ], "texture": "#texture", "cullface": "up" },
        "west":  { "uv": [ 5, 14.5, 6.5, 16 ], "texture": "#texture", "cullface": "up" },
        "east":  { "uv": [ 9.5, 14.5, 11, 16 ], "texture": "#texture", "cullface": "up" }
    }
},
{
    "from": [ 11, 16, 9.5 ],
    "to": [ 12, 17, 11 ],
    "faces": {
        "down":  { "uv": [ 11, 11, 12, 9.5 ], "texture": "#texture", "cullface": "up" },
        "up":    { "uv": [ 11, 9.5, 12, 11 ], "texture": "#texture", "cullface": "up" },
        "north": { "uv": [ 4, 15, 5, 16 ], "texture": "#texture", "cullface": "up" },
        "south": { "uv": [ 11, 15, 12, 16 ], "texture": "#texture", "cullface": "up" },
        "west":  { "uv": [ 9.5, 15, 11, 16 ], "texture": "#texture", "cullface": "up" },
        "east":  { "uv": [ 5, 15, 6.5, 16 ], "texture": "#texture", "cullface": "up" }
    }
},
{
    "from": [ 4.5, 20, 4 ],
    "to": [ 5.5, 21, 5 ],
    "faces": {
        "down":  { "uv": [ 4.5, 5, 5.5, 4 ], "texture": "#texture", "cullface": "up" },
        "up":    { "uv": [ 4.5, 4, 5.5, 5 ], "texture": "#texture", "cullface": "up" },
        "north": { "uv": [ 10.5, 11, 11.5, 12 ], "texture": "#texture", "cullface": "up" },
        "south": { "uv": [ 4.5, 11, 5.5, 12 ], "texture": "#texture", "cullface": "up" },
        "west":  { "uv": [ 4, 11, 5, 12 ], "texture": "#texture", "cullface": "up" },
        "east":  { "uv": [ 11, 11, 12, 12 ], "texture": "#texture", "cullface": "up" }
    }
},
{
    "from": [ 9, 20, 4 ],
    "to": [ 10, 21, 5 ],
    "faces": {
        "down":  { "uv": [ 9, 5, 10, 4 ], "texture": "#texture", "cullface": "up" },
        "up":    { "uv": [ 9, 4, 10, 5 ], "texture": "#texture", "cullface": "up" },
        "north": { "uv": [ 6, 11, 7, 12 ], "texture": "#texture", "cullface": "up" },
        "south": { "uv": [ 9, 11, 10, 12 ], "texture": "#texture", "cullface": "up" },
        "west":  { "uv": [ 4, 11, 5, 12 ], "texture": "#texture", "cullface": "up" },
        "east":  { "uv": [ 11, 11, 12, 12 ], "texture": "#texture", "cullface": "up" }
    }
},
{
    "from": [ 4.5, 20, 8.5 ],
    "to": [ 5.5, 20.5, 9.5 ],
    "faces": {
        "down":  { "uv": [ 4.5, 9.5, 5.5, 8.5 ], "texture": "#texture", "cullface": "up" },
        "up":    { "uv": [ 4.5, 8.5, 5.5, 9.5 ], "texture": "#texture", "cullface": "up" },
        "north": { "uv": [ 10.5, 11.5, 11.5, 12 ], "texture": "#texture", "cullface": "up" },
        "south": { "uv": [ 4.5, 11.5, 5.5, 12 ], "texture": "#texture", "cullface": "up" },
        "west":  { "uv": [ 8.5, 11.5, 9.5, 12 ], "texture": "#texture", "cullface": "up" },
        "east":  { "uv": [ 6.5, 11.5, 7.5, 12 ], "texture": "#texture", "cullface": "up" }
    }
},
{
    "from": [ 9, 20, 8.5 ],
    "to": [ 10, 21, 9.5 ],
    "faces": {
        "down":  { "uv": [ 9, 9.5, 10, 8.5 ], "texture": "#texture", "cullface": "up" },
        "up":    { "uv": [ 9, 8.5, 10, 9.5 ], "texture": "#texture", "cullface": "up" },
        "north": { "uv": [ 6, 11, 7, 12 ], "texture": "#texture", "cullface": "up" },
        "south": { "uv": [ 9, 11, 10, 12 ], "texture": "#texture", "cullface": "up" },
        "west":  { "uv": [ 8.5, 11, 9.5, 12 ], "texture": "#texture", "cullface": "up" },
        "east":  { "uv": [ 6.5, 11, 7.5, 12 ], "texture": "#texture", "cullface": "up" }
    }
},
{
    "from": [ 5.5, 20, 4 ],
    "to": [ 6.5, 20.5, 4.5 ],
    "faces": {
        "down":  { "uv": [ 5.5, 4.5, 6.5, 4 ], "texture": "#texture", "cullface": "up" },
        "up":    { "uv": [ 5.5, 4, 6.5, 4.5 ], "texture": "#texture", "cullface": "up" },
        "north": { "uv": [ 9.5, 11.5, 10.5, 12 ], "texture": "#texture", "cullface": "up" },
        "south": { "uv": [ 5.5, 11.5, 6.5, 12 ], "texture": "#texture", "cullface": "up" },
        "west":  { "uv": [ 4, 11.5, 4.5, 12 ], "texture": "#texture", "cullface": "up" },
        "east":  { "uv": [ 11.5, 11.5, 12, 12 ], "texture": "#texture", "cullface": "up" }
    }
},
{
    "from": [ 6.5, 20, 4 ],
    "to": [ 8, 21, 4.5 ],
    "faces": {
        "down":  { "uv": [ 6.5, 4.5, 8, 4 ], "texture": "#texture", "cullface": "up" },
        "up":    { "uv": [ 6.5, 4, 8, 4.5 ], "texture": "#texture", "cullface": "up" },
        "north": { "uv": [ 8, 11, 9.5, 12 ], "texture": "#texture", "cullface": "up" },
        "south": { "uv": [ 6.5, 11, 8, 12 ], "texture": "#texture", "cullface": "up" },
        "west":  { "uv": [ 4, 11, 4.5, 12 ], "texture": "#texture", "cullface": "up" },
        "east":  { "uv": [ 11.5, 11, 12, 12 ], "texture": "#texture", "cullface": "up" }
    }
},
{
    "from": [ 8, 20, 4 ],
    "to": [ 9, 21, 4.5 ],
    "faces": {
        "down":  { "uv": [ 8, 4.5, 9, 4 ], "texture": "#texture", "cullface": "up" },
        "up":    { "uv": [ 8, 4, 9, 4.5 ], "texture": "#texture", "cullface": "up" },
        "north": { "uv": [ 7, 11, 8, 12 ], "texture": "#texture", "cullface": "up" },
        "south": { "uv": [ 8, 11, 9, 12 ], "texture": "#texture", "cullface": "up" },
        "west":  { "uv": [ 4, 11, 4.5, 12 ], "texture": "#texture", "cullface": "up" },
        "east":  { "uv": [ 11.5, 11, 12, 12 ], "texture": "#texture", "cullface": "up" }
    }
},
{
    "from": [ 4.5, 20, 5 ],
    "to": [ 5, 20.5, 6 ],
    "faces": {
        "down":  { "uv": [ 4.5, 6, 5, 5 ], "texture": "#texture", "cullface": "up" },
        "up":    { "uv": [ 4.5, 5, 5, 6 ], "texture": "#texture", "cullface": "up" },
        "north": { "uv": [ 11, 11.5, 11.5, 12 ], "texture": "#texture", "cullface": "up" },
        "south": { "uv": [ 4.5, 11.5, 5, 12 ], "texture": "#texture", "cullface": "up" },
        "west":  { "uv": [ 5, 11.5, 6, 12 ], "texture": "#texture", "cullface": "up" },
        "east":  { "uv": [ 10, 11.5, 11, 12 ], "texture": "#texture", "cullface": "up" }
    }
},
{
    "from": [ 4.5, 20, 6 ],
    "to": [ 5, 20.5, 7.5 ],
    "faces": {
        "down":  { "uv": [ 4.5, 7.5, 5, 6 ], "texture": "#texture", "cullface": "up" },
        "up":    { "uv": [ 4.5, 6, 5, 7.5 ], "texture": "#texture", "cullface": "up" },
        "north": { "uv": [ 11, 11.5, 11.5, 12 ], "texture": "#texture", "cullface": "up" },
        "south": { "uv": [ 4.5, 11.5, 5, 12 ], "texture": "#texture", "cullface": "up" },
        "west":  { "uv": [ 6, 11.5, 7.5, 12 ], "texture": "#texture", "cullface": "up" },
        "east":  { "uv": [ 8.5, 11.5, 10, 12 ], "texture": "#texture", "cullface": "up" }
    }
},
{
    "from": [ 4.5, 20, 7.5 ],
    "to": [ 5, 21, 8.5 ],
    "faces": {
        "down":  { "uv": [ 4.5, 8.5, 5, 7.5 ], "texture": "#texture", "cullface": "up" },
        "up":    { "uv": [ 4.5, 7.5, 5, 8.5 ], "texture": "#texture", "cullface": "up" },
        "north": { "uv": [ 11, 11, 11.5, 12 ], "texture": "#texture", "cullface": "up" },
        "south": { "uv": [ 4.5, 11, 5, 12 ], "texture": "#texture", "cullface": "up" },
        "west":  { "uv": [ 7.5, 11, 8.5, 12 ], "texture": "#texture", "cullface": "up" },
        "east":  { "uv": [ 7.5, 11, 8.5, 12 ], "texture": "#texture", "cullface": "up" }
    }
},
{
    "from": [ 9.5, 20, 5 ],
    "to": [ 10, 20.5, 6 ],
    "faces": {
        "down":  { "uv": [ 9.5, 6, 10, 5 ], "texture": "#texture", "cullface": "up" },
        "up":    { "uv": [ 9.5, 5, 10, 6 ], "texture": "#texture", "cullface": "up" },
        "north": { "uv": [ 6, 11.5, 6.5, 12 ], "texture": "#texture", "cullface": "up" },
        "south": { "uv": [ 9.5, 11.5, 10, 12 ], "texture": "#texture", "cullface": "up" },
        "west":  { "uv": [ 5, 11.5, 6, 12 ], "texture": "#texture", "cullface": "up" },
        "east":  { "uv": [ 10, 11.5, 11, 12 ], "texture": "#texture", "cullface": "up" }
    }
},
{
    "from": [ 9.5, 20, 6 ],
    "to": [ 10, 21.5, 7.5 ],
    "faces": {
        "down":  { "uv": [ 9.5, 7.5, 10, 6 ], "texture": "#texture", "cullface": "up" },
        "up":    { "uv": [ 9.5, 6, 10, 7.5 ], "texture": "#texture", "cullface": "up" },
        "north": { "uv": [ 6, 10.5, 6.5, 12 ], "texture": "#texture", "cullface": "up" },
        "south": { "uv": [ 9.5, 10.5, 10, 12 ], "texture": "#texture", "cullface": "up" },
        "west":  { "uv": [ 6, 10.5, 7.5, 12 ], "texture": "#texture", "cullface": "up" },
        "east":  { "uv": [ 8.5, 10.5, 10, 12 ], "texture": "#texture", "cullface": "up" }
    }
},
{
    "from": [ 9.5, 20, 7.5 ],
    "to": [ 10, 21, 8.5 ],
    "faces": {
        "down":  { "uv": [ 9.5, 8.5, 10, 7.5 ], "texture": "#texture", "cullface": "up" },
        "up":    { "uv": [ 9.5, 7.5, 10, 8.5 ], "texture": "#texture", "cullface": "up" },
        "north": { "uv": [ 6, 11, 6.5, 12 ], "texture": "#texture", "cullface": "up" },
        "south": { "uv": [ 9.5, 11, 10, 12 ], "texture": "#texture", "cullface": "up" },
        "west":  { "uv": [ 7.5, 11, 8.5, 12 ], "texture": "#texture", "cullface": "up" },
        "east":  { "uv": [ 7.5, 11, 8.5, 12 ], "texture": "#texture", "cullface": "up" }
    }
},
{
    "from": [ 5.5, 20, 9 ],
    "to": [ 6.5, 20.5, 9.5 ],
    "faces": {
        "down":  { "uv": [ 5.5, 9.5, 6.5, 9 ], "texture": "#texture", "cullface": "up" },
        "up":    { "uv": [ 5.5, 9, 6.5, 9.5 ], "texture": "#texture", "cullface": "up" },
        "north": { "uv": [ 9.5, 11.5, 10.5, 12 ], "texture": "#texture", "cullface": "up" },
        "south": { "uv": [ 5.5, 11.5, 6.5, 12 ], "texture": "#texture", "cullface": "up" },
        "west":  { "uv": [ 9, 11.5, 9.5, 12 ], "texture": "#texture", "cullface": "up" },
        "east":  { "uv": [ 6.5, 11.5, 7, 12 ], "texture": "#texture", "cullface": "up" }
    }
},
{
    "from": [ 6.5, 20, 9 ],
    "to": [ 8, 20.5, 9.5 ],
    "faces": {
        "down":  { "uv": [ 6.5, 9.5, 8, 9 ], "texture": "#texture", "cullface": "up" },
        "up":    { "uv": [ 6.5, 9, 8, 9.5 ], "texture": "#texture", "cullface": "up" },
        "north": { "uv": [ 8, 11.5, 9.5, 12 ], "texture": "#texture", "cullface": "up" },
        "south": { "uv": [ 6.5, 11.5, 8, 12 ], "texture": "#texture", "cullface": "up" },
        "west":  { "uv": [ 9, 11.5, 9.5, 12 ], "texture": "#texture", "cullface": "up" },
        "east":  { "uv": [ 6.5, 11.5, 7, 12 ], "texture": "#texture", "cullface": "up" }
    }
},
{
    "from": [ 8, 20, 9 ],
    "to": [ 9, 21, 9.5 ],
    "faces": {
        "down":  { "uv": [ 8, 9.5, 9, 9 ], "texture": "#texture", "cullface": "up" },
        "up":    { "uv": [ 8, 9, 9, 9.5 ], "texture": "#texture", "cullface": "up" },
        "north": { "uv": [ 7, 11, 8, 12 ], "texture": "#texture", "cullface": "up" },
        "south": { "uv": [ 8, 11, 9, 12 ], "texture": "#texture", "cullface": "up" },
        "west":  { "uv": [ 9, 11, 9.5, 12 ], "texture": "#texture", "cullface": "up" },
        "east":  { "uv": [ 6.5, 11, 7, 12 ], "texture": "#texture", "cullface": "up" }
    }
},
{
    "from": [ 5, 20, 4.5 ],
    "to": [ 9.5, 20.5, 6.5 ],
    "faces": {
        "down":  { "uv": [ 5, 6.5, 9.5, 4.5 ], "texture": "#log_up", "cullface": "up" },
        "up":    { "uv": [ 5, 4.5, 9.5, 6.5 ], "texture": "#log_up", "cullface": "up" },
        "north": { "uv": [ 6.5, 11.5, 11, 12 ], "texture": "#log_up", "cullface": "up" },
        "south": { "uv": [ 5, 11.5, 9.5, 12 ], "texture": "#log_up", "cullface": "up" },
        "west":  { "uv": [ 4.5, 11.5, 6.5, 12 ], "texture": "#log_up", "cullface": "up" },
        "east":  { "uv": [ 9.5, 11.5, 11.5, 12 ], "texture": "#log_up", "cullface": "up" }
    }
},
{
    "from": [ 8, 20, 6.5 ],
    "to": [ 9.5, 20.5, 9 ],
    "faces": {
        "down":  { "uv": [ 8, 9, 9.5, 6.5 ], "texture": "#log_up", "cullface": "up" },
        "up":    { "uv": [ 8, 6.5, 9.5, 9 ], "texture": "#log_up", "cullface": "up" },
        "north": { "uv": [ 6.5, 11.5, 8, 12 ], "texture": "#log_up", "cullface": "up" },
        "south": { "uv": [ 8, 11.5, 9.5, 12 ], "texture": "#log_up", "cullface": "up" },
        "west":  { "uv": [ 6.5, 11.5, 9, 12 ], "texture": "#log_up", "cullface": "up" },
        "east":  { "uv": [ 7, 11.5, 9.5, 12 ], "texture": "#log_up", "cullface": "up" }
    }
}
]
}