{
"__comment": "Fair warning, this format is highly likely to change even more in the future!",
"ambientocclusion": false,
"textures": {
    "particle": "blocks/dirt",
    "grass": "blocks/better_grass_0",
    "grass_side": "blocks/better_grass_side_1",
    "better_grass_sides": "blocks/better_grass_sides",
    "bottom": "blocks/dirt",
    "top": "blocks/grass_top",
    "texture": "blocks/stone_andesite_smooth"
},
"elements": [ 
{
    "__comment": "Center",
    "from": [ 0, 0, 0 ],
    "to": [ 16, 16, 16 ],
    "faces": {
        "down":  { "uv": [ 0, 0, 16, 16 ], "texture": "#bottom", "cullface": "down" },
        "up":    { "uv": [ 0, 0, 16, 16 ], "texture": "#top", "tintindex": 0, "cullface": "up" },
        "north": { "uv": [ 0, 0, 16, 16 ], "texture": "#bottom", "cullface": "north" },
        "south": { "uv": [ 0, 0, 16, 16 ], "texture": "#bottom", "cullface": "south" },
        "west":  { "uv": [ 0, 0, 16, 16 ], "texture": "#bottom", "cullface": "west" },
        "east":  { "uv": [ 0, 0, 16, 16 ], "texture": "#bottom", "cullface": "east" }
    }
},
{
    "from": [ 16, 0, 0 ],
    "to": [ 16, 16, 16 ],
    "rotation": { "origin": [ 16, 16, 0 ], "axis": "z", "angle": 22.5 },
    "faces": {
        "east":  { "uv": [ 0, 0, 16, 16 ], "texture": "#better_grass_sides", "tintindex": 0, "cullface": "east" }
    }
},
{
    "from": [ 0, 0, 0 ],
    "to": [ 0, 16, 16 ],
    "rotation": { "origin": [ 0, 16, 0 ], "axis": "z", "angle": -22.5 },
    "faces": {
        "west":  { "uv": [ 0, 0, 16, 16 ], "texture": "#better_grass_sides", "tintindex": 0, "cullface": "west" }
    }
},
{
    "from": [ 0, 0, 16 ],
    "to": [ 16, 16, 16 ],
    "rotation": { "origin": [ 0, 16, 16 ], "axis": "x", "angle": -22.5 },
    "faces": {
        "south": { "uv": [ 0, 0, 16, 16 ], "texture": "#better_grass_sides", "tintindex": 0, "cullface": "south" }
    }
},
{
    "from": [ 0, 0, 0 ],
    "to": [ 16, 16, 0 ],
    "rotation": { "origin": [ 0, 16, 0 ], "axis": "x", "angle": 22.5 },
    "faces": {
        "north": { "uv": [ 0, 0, 16, 16 ], "texture": "#better_grass_sides", "tintindex": 0, "cullface": "north" }
    }
},
{
    "__comment": "CenterOverlay",
    "from": [ -0.01, 0, -0.01 ],
    "to": [ 16.01, 16, 16.01 ],
    "faces": {
        "north": { "uv": [ 0, 0, 16, 16 ], "texture": "#grass_side", "tintindex": 0, "cullface": "north" },
        "south": { "uv": [ 0, 0, 16, 16 ], "texture": "#grass_side", "tintindex": 0, "cullface": "south" },
        "west":  { "uv": [ 0, 0, 16, 16 ], "texture": "#grass_side", "tintindex": 0, "cullface": "west" },
        "east":  { "uv": [ 0, 0, 16, 16 ], "texture": "#grass_side", "tintindex": 0, "cullface": "east" }
    }
},
{
    "__comment": "Planes",
    "from": [ 2, 15.875, 4 ],
    "to": [ 18, 31.875, 4.125 ],
    "shade": false,
    "rotation": { "origin": [ 2, 15.875, 4 ], "axis": "y", "angle": -22.5 },
    "faces": {
        "north": { "uv": [ 0, 0, 16, 16 ], "texture": "#grass", "tintindex": 0, "cullface": "up" },
        "south": { "uv": [ 0, 0, 16, 16 ], "texture": "#grass", "tintindex": 0, "cullface": "up" }
    }
},
{
    "__comment": "Planes",
    "from": [ 12.375, 16, -0.3125 ],
    "to": [ 12.4375, 32, 15.6875 ],
    "shade": false,
    "rotation": { "origin": [ 12.375, 16, -0.3125 ], "axis": "y", "angle": -22.5 },
    "faces": {
        "west":  { "uv": [ 0, 0, 16, 16 ], "texture": "#grass", "tintindex": 0, "cullface": "up" },
        "east":  { "uv": [ 0, 0, 16, 16 ], "texture": "#grass", "tintindex": 0, "cullface": "up" }
    }
}
]
}