{
"__comment":"3D Mesh designed with BDcraft Cubik - Version LITE 0.71 Beta",
"ambientocclusion":true,
"textures": {
    "particle": "blocks/hay_block_side",
    "up": "blocks/hay_block_side",
    "down": "blocks/hay_block_side",
    "east": "blocks/hay_block_side",
    "west": "blocks/hay_block_side",
	"north": "blocks/hay_block_side",
    "south": "blocks/hay_block_side",
	"top": "blocks/hay_block_top",
    "bottom": "blocks/hay_block_top"
},
"elements":[
{
"from":[0.001,3.5,16],
"to":[15.999,4.5,16.5],
"faces":{
"down":{ "uv":[0,12,16,12.5],"texture":"#down" },
"up":{ "uv":[0,11.5,16,12],"texture":"#up" },
"north":{ "uv":[0,11.5,16,12.5],"texture":"#north" },
"south":{ "uv":[0,11.5,16,12.5],"texture":"#south" },
"west":{ "uv":[15.5,11.5,16,12.5],"texture":"#west" },
"east":{ "uv":[15.5,11.5,16,12.5],"texture":"#east" }}},
{
"from":[0.001,3.5,-0.5],
"to":[15.999,4.5,0],
"faces":{
"down":{ "uv":[0,12,16,12.5],"texture":"#down" },
"up":{ "uv":[0,11.5,16,12],"texture":"#up" },
"north":{ "uv":[0,11.5,16,12.5],"texture":"#north" },
"south":{ "uv":[0,11.5,16,12.5],"texture":"#south" },
"west":{ "uv":[0,11.5,0.5,12.5],"texture":"#west" },
"east":{ "uv":[0,11.5,0.5,12.5],"texture":"#east" }}},
{
"from":[0.001,11.5,16],
"to":[15.999,12.5,16.5],
"faces":{
"down":{ "uv":[0,4,16,4.5],"texture":"#down" },
"up":{ "uv":[0,3.5,16,4],"texture":"#up" },
"north":{ "uv":[0,3.5,16,4.5],"texture":"#north" },
"south":{ "uv":[0,3.5,16,4.5],"texture":"#south" },
"west":{ "uv":[0,3.5,0.5,4.5],"texture":"#west" },
"east":{ "uv":[0,3.5,0.5,4.5],"texture":"#east" }}},
{
"from":[0.001,11.5,-0.5],
"to":[15.999,12.5,0],
"faces":{
"down":{ "uv":[0,4,16,4.5],"texture":"#down" },
"up":{ "uv":[0,3.5,16,4],"texture":"#up" },
"north":{ "uv":[0,3.5,16,4.5],"texture":"#north" },
"south":{ "uv":[0,3.5,16,4.5],"texture":"#south" },
"west":{ "uv":[0,3.5,0.5,4.5],"texture":"#west" },
"east":{ "uv":[0,3.5,0.5,4.5],"texture":"#east" }}},
{
"from":[0,0,0],
"to":[16,16,16],
"__comment":"HAY",
"faces":{
"down":{ "uv":[0,16,16,0],"texture":"#bottom" },
"up":{ "uv":[0,0,16,16],"texture":"#top" },
"north":{ "uv":[16,0,0,16],"texture":"#north" },
"south":{ "uv":[0,0,16,16],"texture":"#south" },
"west":{ "uv":[0,0,16,16],"texture":"#west" },
"east":{ "uv":[16,0,0,16],"texture":"#east" }}},


{
"from":[-0.5,11.5,0.001],
"to":[0,12.5,15.999],
"__comment":"cb up down",
"faces":{
"down":{ "uv":[0,12,16,12.5],"rotation": 90,"texture":"#down" },
"up":{ "uv":[0,11.5,16,12],"rotation": 90,"texture":"#up" },
"north":{ "uv":[0,3.5,0.5,4.5],"texture":"#north" },
"south":{ "uv":[0,3.5,0.5,4.5],"texture":"#south" },
"west":{ "uv":[0,3.5,15.5,4.5],"texture":"#west" },
"east":{ "uv":[0,3.5,15.5,4.5],"texture":"#east" }}},
{
"from":[16,11.5,0.001],
"to":[16.5,12.5,15.999],
"faces":{
"down":{ "uv":[0,4,16,4.5],"rotation": 90,"texture":"#down" },
"up":{ "uv":[0,3.5,16,4],"rotation": 90,"texture":"#up" },
"north":{ "uv":[15.5,3.5,16,4.5],"texture":"#north" },
"south":{ "uv":[15.5,3.5,16,4.5],"texture":"#south" },
"west":{ "uv":[0,3.5,16,4.5],"texture":"#west" },
"east":{ "uv":[0,3.5,16,4.5],"texture":"#east" }}},
{
"from":[16,3.5,0.001],
"to":[16.5,4.5,15.999],
"faces":{
"down":{ "uv":[0,12,16,12.5],"rotation": 90,"texture":"#down" },
"up":{ "uv":[0,11.5,16,12],"rotation": 90,"texture":"#up" },
"north":{ "uv":[15.5,11.5,16,12.5],"texture":"#north" },
"south":{ "uv":[15.5,11.5,16,12.5],"texture":"#south" },
"west":{ "uv":[0,11.5,16,12.5],"texture":"#west" },
"east":{ "uv":[0,11.5,16,12.5],"texture":"#east" }}},
{
"from":[-0.5,3.5,0.001],
"to":[0,4.5,15.999],
"faces":{
"down":{ "uv":[0,12,16,12.5],"rotation": 90,"texture":"#down" },
"up":{ "uv":[0,11.5,16,12],"rotation": 90,"texture":"#up" },
"north":{ "uv":[0,11.5,0.5,12.5],"texture":"#north" },
"south":{ "uv":[0,11.5,0.5,12.5],"texture":"#south" },
"west":{ "uv":[0,11.5,16,12.5],"texture":"#west" },
"east":{ "uv":[0,11.5,16,12.5],"texture":"#east" }}}]}