{
"__comment": "Fair warning, this format is highly likely to change even more in the future!",
"ambientocclusion": false,
"textures": {
    "particle": "blocks/jungle_fence",
    "texture": "blocks/jungle_fence",
    "inner": "blocks/door_jungle_inner"
},
"elements": [ 
{
    "from": [ 7, 9, 7.5 ],
    "to": [ 8, 11.5, 8 ],
    "__comment": "Back*",
    "faces": {
        "down":  { "uv": [ 8, 9, 9, 8.5 ], "texture": "#inner", "cullface": "down" },
        "up":    { "uv": [ 8, 11, 9, 11.5 ], "texture": "#inner", "cullface": "up" },
        "north": { "uv": [ 9, 4.5, 8, 7 ], "texture": "#inner", "cullface": "north" },
        "south": { "uv": [ 8, 4.5, 9, 7 ], "texture": "#inner", "cullface": "south" },
        "west":  { "uv": [ 8, 13, 8.5, 15.5 ], "texture": "#inner", "cullface": "west" },
        "east":  { "uv": [ 8.5, 13, 8, 15.5 ], "texture": "#inner" }
    }
},
{
    "from": [ 14, 8.5, 8 ],
    "to": [ 16, 12, 9 ],
    "__comment": "Back*",
    "faces": {
        "down":  { "uv": [ 7.5, 9.5, 9.5, 8.5 ], "texture": "#inner", "cullface": "down" },
        "up":    { "uv": [ 3.5, 8.5, 5.5, 9.5 ], "texture": "#inner", "cullface": "up" },
        "north": { "uv": [ 5.5, 12.5, 3.5, 16 ], "texture": "#inner", "cullface": "north" },
        "south": { "uv": [ 3.5, 12.5, 5.5, 16 ], "texture": "#inner", "cullface": "south" },
        "west":  { "uv": [ 11.5, 12.5, 12.5, 16 ], "texture": "#inner", "cullface": "west" },
        "east":  { "uv": [ 12.5, 12.5, 11.5, 16 ], "texture": "#inner" }
    }
},
{
    "from": [ 12.75, 0, 7 ],
    "to": [ 15.75, 16, 8 ],
    "__comment": "Fence*",
    "faces": {
        "down":  { "uv": [ 0, 8.5, 3, 7.5 ], "texture": "#texture", "cullface": "down" },
        "up":    { "uv": [ 0, 7, 3, 8 ], "texture": "#texture", "cullface": "up" },
        "north": { "uv": [ 3, 0, 0, 16 ], "texture": "#texture", "cullface": "north" },
        "south": { "uv": [ 0, 0, 3, 16 ], "texture": "#texture", "cullface": "south" },
        "west":  { "uv": [ 2, 0, 3, 16 ], "texture": "#texture", "cullface": "west" },
        "east":  { "uv": [ 11.5, 0, 10.5, 16 ], "texture": "#texture" }
    }
},
{
    "from": [ 13, 9, 8 ],
    "to": [ 14, 12, 9 ],
    "__comment": "Back*",
    "faces": {
        "down":  { "uv": [ 2.5, 11, 3.5, 10 ], "texture": "#inner", "cullface": "down" },
        "up":    { "uv": [ 7.5, 9.5, 8.5, 10.5 ], "texture": "#inner", "cullface": "up" },
        "north": { "uv": [ 6.5, 12.5, 5.5, 15.5 ], "texture": "#inner", "cullface": "north" },
        "south": { "uv": [ 5.5, 12.5, 6.5, 15.5 ], "texture": "#inner", "cullface": "south" },
        "west":  { "uv": [ 5.5, 12.5, 6.5, 15.5 ], "texture": "#inner", "cullface": "west" },
        "east":  { "uv": [ 6.5, 12.5, 5.5, 15.5 ], "texture": "#inner" }
    }
},
{
    "from": [ 8, 0, 0.25 ],
    "to": [ 9, 16, 3.25 ],
    "__comment": "Fence",
    "faces": {
        "down":  { "uv": [ 5.5, 6, 6.5, 3 ], "texture": "#texture", "cullface": "down" },
        "up":    { "uv": [ 5, 11.5, 6, 14.5 ], "texture": "#texture", "cullface": "up" },
        "north": { "uv": [ 7, 0, 6, 16 ], "texture": "#texture", "cullface": "north" },
        "south": { "uv": [ 10.5, 0, 11.5, 16 ], "texture": "#texture", "cullface": "south" },
        "west":  { "uv": [ 12.5, 0, 15.5, 16 ], "texture": "#texture", "cullface": "west" },
        "east":  { "uv": [ 15.5, 0, 12.5, 16 ], "texture": "#texture" }
    }
},
{
    "from": [ 8, 0, 3.75 ],
    "to": [ 9, 16, 7.75 ],
    "__comment": "Fence",
    "faces": {
        "down":  { "uv": [ 1, 12, 2, 8 ], "texture": "#texture", "cullface": "down" },
        "up":    { "uv": [ 1, 8, 2, 12 ], "texture": "#texture", "cullface": "up" },
        "north": { "uv": [ 7, 0, 6, 16 ], "texture": "#texture", "cullface": "north" },
        "south": { "uv": [ 10.5, 0, 11.5, 16 ], "texture": "#texture", "cullface": "south" },
        "west":  { "uv": [ 8, 0, 12, 16 ], "texture": "#texture", "cullface": "west" },
        "east":  { "uv": [ 12, 0, 8, 16 ], "texture": "#texture" }
    }
},
{
    "from": [ 7, 8.5, 0 ],
    "to": [ 8, 12, 7.5 ],
    "__comment": "Back",
    "faces": {
        "down":  { "uv": [ 1, 7, 8.5, 6 ], "rotation": 90, "texture": "#inner", "cullface": "down" },
        "up":    { "uv": [ 2.5, 10.5, 9.5, 11.5 ], "rotation": 90, "texture": "#inner", "cullface": "up" },
        "north": { "uv": [ 9, 4, 8, 7.5 ], "texture": "#inner", "cullface": "north" },
        "south": { "uv": [ 8, 4, 9, 7.5 ], "texture": "#inner", "cullface": "south" },
        "west":  { "uv": [ 8.5, 12.5, 16, 16 ], "texture": "#inner", "cullface": "west" },
        "east":  { "uv": [ 16, 12.5, 8.5, 16 ], "texture": "#inner" }
    }
}
]
}