{
"__comment": "Designed by Jugbot with BDcraft Cubik PRO 0.76 Beta - http://bdcraft.net",
"textures": {
    "particle": "blocks/planks_jungle",
    "texture": "blocks/planks_jungle",
    "plank": "blocks/door_jungle_inner"
},
"elements": [ 
{
    "from": [ 1.5, 15.5, 7.5 ],
    "to": [ 13.5, 16, 8.5 ],
    "faces": {
        "down":  { "uv": [ 1.5, 9.5, 13.5, 8.5 ], "texture": "#plank" },
        "up":    { "uv": [ 1.5, 8.5, 13.5, 9.5 ], "texture": "#plank" },
        "north": { "uv": [ 13.5, 8.5, 1.5, 9 ], "texture": "#plank" },
        "south": { "uv": [ 1.5, 8.5, 13.5, 9 ], "texture": "#plank" },
        "west":  { "uv": [ 7.5, 8.5, 8.5, 9 ], "texture": "#plank" },
        "east":  { "uv": [ 8.5, 8.5, 7.5, 9 ], "texture": "#plank" }
    }
},
{
    "from": [ 15.5, 13, 7.5 ],
    "to": [ 16, 15, 8.5 ],
    "faces": {
        "down":  { "uv": [ 15.5, 10.5, 16, 9.5 ], "texture": "#plank" },
        "up":    { "uv": [ 15.5, 10, 16, 11 ], "texture": "#plank" },
        "north": { "uv": [ 16, 9.5, 15.5, 11.5 ], "texture": "#plank" },
        "south": { "uv": [ 15.5, 9.5, 16, 11.5 ], "texture": "#plank" },
        "west":  { "uv": [ 7.5, 9.5, 8.5, 11.5 ], "texture": "#plank" },
        "east":  { "uv": [ 8.5, 9.5, 7.5, 11.5 ], "texture": "#plank" }
    }
},
{
    "from": [ 0.5, 12.5, 7.5 ],
    "to": [ 15.5, 13, 8.5 ],
    "faces": {
        "down":  { "uv": [ 0.5, 11.5, 15.5, 10.5 ], "texture": "#plank" },
        "up":    { "uv": [ 0.5, 11, 15.5, 12 ], "texture": "#plank" },
        "north": { "uv": [ 15.5, 11.5, 0.5, 12 ], "texture": "#plank" },
        "south": { "uv": [ 0.5, 11.5, 15.5, 12 ], "texture": "#plank" },
        "west":  { "uv": [ 7.5, 11.5, 8.5, 12 ], "texture": "#plank" },
        "east":  { "uv": [ 8.5, 11.5, 7.5, 12 ], "texture": "#plank" }
    }
},
{
    "from": [ 0, 13, 7.5 ],
    "to": [ 15.5, 15.5, 8.5 ],
    "faces": {
        "down":  { "uv": [ 0, 11.5, 15.5, 10.5 ], "texture": "#plank" },
        "up":    { "uv": [ 0, 9, 15.5, 10 ], "texture": "#plank" },
        "north": { "uv": [ 15.5, 9, 0, 11.5 ], "texture": "#plank" },
        "south": { "uv": [ 0, 9, 15.5, 11.5 ], "texture": "#plank" },
        "west":  { "uv": [ 7.5, 9, 8.5, 11.5 ], "texture": "#plank" },
        "east":  { "uv": [ 8.5, 9, 7.5, 11.5 ], "texture": "#plank" }
    }
},
{
    "from": [ 0, 0, 6.5 ],
    "to": [ 3, 12.5, 9.5 ],
    "__comment": "Posts",
    "faces": {
        "down":  { "uv": [ 0, 9.5, 3, 6.5 ], "texture": "#texture" },
        "up":    { "uv": [ 0, 6.5, 3, 9.5 ], "texture": "#texture" },
        "north": { "uv": [ 13, 3.5, 16, 16 ], "texture": "#texture" },
        "south": { "uv": [ 0, 3.5, 3, 16 ], "texture": "#texture" },
        "west":  { "uv": [ 6.5, 3.5, 9.5, 16 ], "texture": "#texture" },
        "east":  { "uv": [ 6.5, 3.5, 9.5, 16 ], "texture": "#texture" }
    }
},
{
    "from": [ 13, 0, 6.5 ],
    "to": [ 16, 12.5, 9.5 ],
    "__comment": "Posts",
    "faces": {
        "down":  { "uv": [ 13, 9.5, 16, 6.5 ], "texture": "#texture" },
        "up":    { "uv": [ 13, 6.5, 16, 9.5 ], "texture": "#texture" },
        "north": { "uv": [ 0, 3.5, 3, 16 ], "texture": "#texture" },
        "south": { "uv": [ 13, 3.5, 16, 16 ], "texture": "#texture" },
        "west":  { "uv": [ 6.5, 3.5, 9.5, 16 ], "texture": "#texture" },
        "east":  { "uv": [ 6.5, 3.5, 9.5, 16 ], "texture": "#texture" }
    }
},
{
    "from": [ 13, 12.5, 6.5 ],
    "to": [ 16, 14.5, 7.5 ],
    "faces": {
        "down":  { "uv": [ 13, 7.5, 16, 6.5 ], "texture": "#texture" },
        "up":    { "uv": [ 13, 6.5, 16, 7.5 ], "texture": "#texture" },
        "north": { "uv": [ 0, 1.5, 3, 3.5 ], "texture": "#texture" },
        "south": { "uv": [ 13, 1.5, 16, 3.5 ], "texture": "#texture" },
        "west":  { "uv": [ 6.5, 1.5, 7.5, 3.5 ], "texture": "#texture" },
        "east":  { "uv": [ 8.5, 1.5, 9.5, 3.5 ], "texture": "#texture" }
    }
},
{
    "from": [ 13, 12.5, 8.5 ],
    "to": [ 16, 14.5, 9.5 ],
    "faces": {
        "down":  { "uv": [ 13, 9.5, 16, 8.5 ], "texture": "#texture" },
        "up":    { "uv": [ 13, 8.5, 16, 9.5 ], "texture": "#texture" },
        "north": { "uv": [ 0, 1.5, 3, 3.5 ], "texture": "#texture" },
        "south": { "uv": [ 13, 1.5, 16, 3.5 ], "texture": "#texture" },
        "west":  { "uv": [ 8.5, 1.5, 9.5, 3.5 ], "texture": "#texture" },
        "east":  { "uv": [ 6.5, 1.5, 7.5, 3.5 ], "texture": "#texture" }
    }
},
{
    "from": [ 0, 12.5, 6.5 ],
    "to": [ 3, 14.5, 7.5 ],
    "faces": {
        "down":  { "uv": [ 0, 7.5, 3, 6.5 ], "texture": "#texture" },
        "up":    { "uv": [ 0, 6.5, 3, 7.5 ], "texture": "#texture" },
        "north": { "uv": [ 13, 1.5, 16, 3.5 ], "texture": "#texture" },
        "south": { "uv": [ 0, 1.5, 3, 3.5 ], "texture": "#texture" },
        "west":  { "uv": [ 6.5, 1.5, 7.5, 3.5 ], "texture": "#texture" },
        "east":  { "uv": [ 8.5, 1.5, 9.5, 3.5 ], "texture": "#texture" }
    }
},
{
    "from": [ 0, 12.5, 8.5 ],
    "to": [ 3, 14.5, 9.5 ],
    "faces": {
        "down":  { "uv": [ 0, 9.5, 3, 8.5 ], "texture": "#texture" },
        "up":    { "uv": [ 0, 8.5, 3, 9.5 ], "texture": "#texture" },
        "north": { "uv": [ 13, 1.5, 16, 3.5 ], "texture": "#texture" },
        "south": { "uv": [ 0, 1.5, 3, 3.5 ], "texture": "#texture" },
        "west":  { "uv": [ 8.5, 1.5, 9.5, 3.5 ], "texture": "#texture" },
        "east":  { "uv": [ 6.5, 1.5, 7.5, 3.5 ], "texture": "#texture" }
    }
}
]
}