{
"__comment": "Fair warning, this format is highly likely to change even more in the future!",
"ambientocclusion": false,
"textures": {
    "particle": "blocks/jungle_fence",
    "texture": "blocks/jungle_fence",
    "inner": "blocks/door_jungle_inner"
},
"elements": [ 
{
    "from": [ 12, 9, 8 ],
    "to": [ 16, 12, 9 ],
    "__comment": "Back*",
    "faces": {
        "down":  { "uv": [ 6, 11.5, 10.25, 10.5 ], "texture": "#inner", "cullface": "down" },
        "up":    { "uv": [ 9.75, 6, 14, 7 ], "texture": "#inner", "cullface": "up" },
        "north": { "uv": [ 4, 4, 0, 7 ], "texture": "#inner", "cullface": "north" },
        "south": { "uv": [ 0, 4, 4, 7 ], "texture": "#inner", "cullface": "south" },
        "west":  { "uv": [ 8, 4, 9, 7.5 ], "texture": "#inner", "cullface": "west" },
        "east":  { "uv": [ 9, 4, 8, 7.5 ], "texture": "#inner" }
    }
},
{
    "from": [ 13, 8.5, 8 ],
    "to": [ 16, 9, 9 ],
    "__comment": "Back*",
    "faces": {
        "down":  { "uv": [ 10, 11.5, 13, 10.5 ], "texture": "#inner", "cullface": "down" },
        "up":    { "uv": [ 9.5, 10.5, 12.5, 11.5 ], "texture": "#inner", "cullface": "up" },
        "north": { "uv": [ 15.5, 7, 12.5, 7.5 ], "texture": "#inner", "cullface": "north" },
        "south": { "uv": [ 12.5, 7, 15.5, 7.5 ], "texture": "#inner", "cullface": "south" },
        "west":  { "uv": [ 8, 7, 9, 7.5 ], "texture": "#inner", "cullface": "west" },
        "east":  { "uv": [ 9, 7, 8, 7.5 ], "texture": "#inner" }
    }
},
{
    "from": [ 12.25, 0, 7 ],
    "to": [ 15.75, 16, 8 ],
    "__comment": "Fence*",
    "faces": {
        "down":  { "uv": [ 12.5, 8, 16, 7 ], "texture": "#texture", "cullface": "down" },
        "up":    { "uv": [ 12.5, 7, 16, 8 ], "texture": "#texture", "cullface": "up" },
        "north": { "uv": [ 16, 0, 12.5, 16 ], "texture": "#texture", "cullface": "north" },
        "south": { "uv": [ 12.5, 0, 16, 16 ], "texture": "#texture", "cullface": "south" },
        "west":  { "uv": [ 6.5, 0, 7.5, 16 ], "texture": "#texture", "cullface": "west" },
        "east":  { "uv": [ 15.5, 0, 14.5, 16 ], "texture": "#texture" }
    }
},
{
    "from": [ 8, 8.5, 0 ],
    "to": [ 9, 12, 16 ],
    "__comment": "Back",
    "faces": {
        "down":  { "uv": [ 0, 7, 16, 6 ], "rotation": 90, "texture": "#inner", "cullface": "down" },
        "up":    { "uv": [ 0, 6, 16, 7 ], "rotation": 90, "texture": "#inner", "cullface": "up" },
        "north": { "uv": [ 11.5, 0, 12.5, 3.5 ], "texture": "#inner", "cullface": "north" },
        "south": { "uv": [ 3, 0, 4, 3.5 ], "texture": "#inner", "cullface": "south" },
        "west":  { "uv": [ 16, 3.5, 15.5, 0 ], "rotation": 180, "texture": "#inner", "cullface": "west" },
        "east":  { "uv": [ 0, 3.5, 16, 0 ], "rotation": 180, "texture": "#inner" }
    }
},
{
    "from": [ 7, 0, 0.25 ],
    "to": [ 8, 16, 3.75 ],
    "__comment": "Fence",
    "faces": {
        "down":  { "uv": [ 1, 3.5, 2, 0 ], "texture": "#texture", "cullface": "down" },
        "up":    { "uv": [ 1, 0, 2, 3.5 ], "texture": "#texture", "cullface": "up" },
        "north": { "uv": [ 7, 0, 6, 16 ], "texture": "#texture", "cullface": "north" },
        "south": { "uv": [ 2, 0, 3, 16 ], "texture": "#texture", "cullface": "south" },
        "west":  { "uv": [ 0, 0, 3.5, 16 ], "texture": "#texture", "cullface": "west" },
        "east":  { "uv": [ 3.5, 0, 0, 16 ], "texture": "#texture" }
    }
},
{
    "from": [ 7, 0, 8.25 ],
    "to": [ 8, 16, 12.25 ],
    "__comment": "Fence",
    "faces": {
        "down":  { "uv": [ 1, 12, 2, 8 ], "texture": "#texture", "cullface": "down" },
        "up":    { "uv": [ 1, 8, 2, 12 ], "texture": "#texture", "cullface": "up" },
        "north": { "uv": [ 7, 0, 6, 16 ], "texture": "#texture", "cullface": "north" },
        "south": { "uv": [ 10.5, 0, 11.5, 16 ], "texture": "#texture", "cullface": "south" },
        "west":  { "uv": [ 8, 0, 12, 16 ], "texture": "#texture", "cullface": "west" },
        "east":  { "uv": [ 12, 0, 8, 16 ], "texture": "#texture" }
    }
},
{
    "from": [ 7, 0, 12.75 ],
    "to": [ 8, 16, 15.75 ],
    "__comment": "Fence",
    "faces": {
        "down":  { "uv": [ 5.5, 6, 6.5, 3 ], "texture": "#texture", "cullface": "down" },
        "up":    { "uv": [ 5, 11.5, 6, 14.5 ], "texture": "#texture", "cullface": "up" },
        "north": { "uv": [ 7, 0, 6, 16 ], "texture": "#texture", "cullface": "north" },
        "south": { "uv": [ 10.5, 0, 11.5, 16 ], "texture": "#texture", "cullface": "south" },
        "west":  { "uv": [ 12.5, 0, 15.5, 16 ], "texture": "#texture", "cullface": "west" },
        "east":  { "uv": [ 15.5, 0, 12.5, 16 ], "texture": "#texture" }
    }
},
{
    "from": [ 7, 0, 4.25 ],
    "to": [ 8, 16, 7.75 ],
    "__comment": "Fence*",
    "faces": {
        "down":  { "uv": [ 5.5, 4.5, 6.5, 1 ], "texture": "#texture", "cullface": "down" },
        "up":    { "uv": [ 5.5, 8.5, 6.5, 12 ], "texture": "#texture", "cullface": "up" },
        "north": { "uv": [ 9, 0, 8, 16 ], "texture": "#texture", "cullface": "north" },
        "south": { "uv": [ 2, 0, 3, 16 ], "texture": "#texture", "cullface": "south" },
        "west":  { "uv": [ 4, 0, 7.5, 16 ], "texture": "#texture", "cullface": "west" },
        "east":  { "uv": [ 7.5, 0, 4, 16 ], "texture": "#texture" }
    }
}
]
}