{
"ambientocclusion": false,
"textures": {
    "particle": "#middle"
},
"elements": [ 
{
    "from": [ 1.324, 0.364, 0.912 ],
    "to": [ 17.324, 16.364, 16.912 ],
    "faces": {
        "down":  { "uv": [ 0, 0, 16, 16 ], "texture": "#middle", "tintindex": 0, "cullface": "down" },
        "up":    { "uv": [ 0, 0, 16, 16 ], "texture": "#middle", "tintindex": 0, "cullface": "up" },
        "north": { "uv": [ 0, 0, 16, 16 ], "texture": "#middle", "tintindex": 0, "cullface": "north" },
        "south": { "uv": [ 0, 0, 16, 16 ], "texture": "#middle", "tintindex": 0, "cullface": "south" },
        "west":  { "uv": [ 0, 0, 16, 16 ], "texture": "#middle", "tintindex": 0, "cullface": "west" },
        "east":  { "uv": [ 0, 0, 16, 16 ], "texture": "#middle", "tintindex": 0, "cullface": "east" }
    }
},
{
    "from": [ -6.676, -7.636, 1.412 ],
    "to": [ 25.324, 24.364, 16.412 ],
    "faces": {
        "north": { "uv": [ 0, 0, 16, 16 ], "texture": "#tips", "tintindex": 0, "cullface": "north" },
        "south": { "uv": [ 0, 0, 16, 16 ], "texture": "#tips", "tintindex": 0, "cullface": "south" }
    }
},
{
    "from": [ 1.824, -7.636, -7.088 ],
    "to": [ 16.824, 24.364, 24.912 ],
    "faces": {
        "west":  { "uv": [ 0, 0, 16, 16 ], "texture": "#tips", "tintindex": 0, "cullface": "west" },
        "east":  { "uv": [ 0, 0, 16, 16 ], "texture": "#tips", "tintindex": 0, "cullface": "east" }
    }
},
{
    "from": [ -6.676, 0.864, -7.088 ],
    "to": [ 25.324, 15.864, 24.912 ],
    "faces": {
        "down":  { "uv": [ 0, 0, 16, 16 ], "texture": "#tips", "tintindex": 0, "cullface": "down" },
        "up":    { "uv": [ 0, 0, 16, 16 ], "texture": "#tips", "tintindex": 0, "cullface": "up" }
    }
}
]
}