{
"ambientocclusion": false,
"textures": {
    "particle": "#middle"
},
"elements": [ 
{
    "from": [ -8, 0.5, -8 ],
    "to": [ 24, 15.5, 24 ],
    "faces": {
        "down":  { "uv": [ 0, 0, 16, 16 ], "texture": "#tips", "tintindex": 0, "cullface": "down" },
        "up":    { "uv": [ 0, 0, 16, 16 ], "texture": "#tips", "tintindex": 0, "cullface": "up" }
    }
},
{
    "from": [ 0.5, -8, -8 ],
    "to": [ 15.5, 24, 24 ],
    "faces": {
        "west":  { "uv": [ 0, 0, 16, 16 ], "texture": "#tips", "tintindex": 0, "cullface": "west" },
        "east":  { "uv": [ 0, 0, 16, 16 ], "texture": "#tips", "tintindex": 0, "cullface": "east" }
    }
},
{
    "from": [ -8, -8, 0.5 ],
    "to": [ 24, 24, 15.5 ],
    "faces": {
        "north": { "uv": [ 0, 0, 16, 16 ], "texture": "#tips", "tintindex": 0, "cullface": "north" },
        "south": { "uv": [ 0, 0, 16, 16 ], "texture": "#tips", "tintindex": 0, "cullface": "south" }
    }
},
{
    "from": [ 0, 0, 0 ],
    "to": [ 16, 16, 16 ],
    "faces": {
        "down":  { "uv": [ 0, 0, 16, 16 ], "texture": "#middle", "tintindex": 0, "cullface": "down" },
        "up":    { "uv": [ 0, 0, 16, 16 ], "texture": "#middle", "tintindex": 0, "cullface": "up" },
        "north": { "uv": [ 0, 0, 16, 16 ], "texture": "#middle", "tintindex": 0, "cullface": "north" },
        "south": { "uv": [ 0, 0, 16, 16 ], "texture": "#middle", "tintindex": 0, "cullface": "south" },
        "west":  { "uv": [ 0, 0, 16, 16 ], "texture": "#middle", "tintindex": 0, "cullface": "west" },
        "east":  { "uv": [ 0, 0, 16, 16 ], "texture": "#middle", "tintindex": 0, "cullface": "east" }
    }
}
]
}