{
"ambientocclusion": false,
"textures": {
    "particle": "#middle"
},
"elements": [ 
{
    "from": [ 0.022, -0.523, 0.782 ],
    "to": [ 16.022, 15.477, 16.782 ],
    "faces": {
        "down":  { "uv": [ 0, 0, 16, 16 ], "texture": "#middle", "tintindex": 0, "cullface": "down" },
        "up":    { "uv": [ 0, 0, 16, 16 ], "texture": "#middle", "tintindex": 0, "cullface": "up" },
        "north": { "uv": [ 0, 0, 16, 16 ], "texture": "#middle", "tintindex": 0, "cullface": "north" },
        "south": { "uv": [ 0, 0, 16, 16 ], "texture": "#middle", "tintindex": 0, "cullface": "south" },
        "west":  { "uv": [ 0, 0, 16, 16 ], "texture": "#middle", "tintindex": 0, "cullface": "west" },
        "east":  { "uv": [ 0, 0, 16, 16 ], "texture": "#middle", "tintindex": 0, "cullface": "east" }
    }
},
{
    "from": [ -7.978, -8.523, 1.282 ],
    "to": [ 24.022, 23.477, 16.282 ],
    "faces": {
        "north": { "uv": [ 0, 0, 16, 16 ], "texture": "#tips", "tintindex": 0, "cullface": "north" },
        "south": { "uv": [ 0, 0, 16, 16 ], "texture": "#tips", "tintindex": 0, "cullface": "south" }
    }
},
{
    "from": [ 0.522, -8.523, -7.218 ],
    "to": [ 15.522, 23.477, 24.782 ],
    "faces": {
        "west":  { "uv": [ 0, 0, 16, 16 ], "texture": "#tips", "tintindex": 0, "cullface": "west" },
        "east":  { "uv": [ 0, 0, 16, 16 ], "texture": "#tips", "tintindex": 0, "cullface": "east" }
    }
},
{
    "from": [ -7.978, -0.023, -7.218 ],
    "to": [ 24.022, 14.977, 24.782 ],
    "faces": {
        "down":  { "uv": [ 0, 0, 16, 16 ], "texture": "#tips", "tintindex": 0, "cullface": "down" },
        "up":    { "uv": [ 0, 0, 16, 16 ], "texture": "#tips", "tintindex": 0, "cullface": "up" }
    }
}
]
}