{
"ambientocclusion": false,
"textures": {
    "particle": "#middle"
},
"elements": [ 
{
    "from": [ 2.011, 1.8, -1.02 ],
    "to": [ 18.011, 17.8, 14.98 ],
    "faces": {
        "down":  { "uv": [ 0, 0, 16, 16 ], "texture": "#middle", "tintindex": 0, "cullface": "down" },
        "up":    { "uv": [ 0, 0, 16, 16 ], "texture": "#middle", "tintindex": 0, "cullface": "up" },
        "north": { "uv": [ 0, 0, 16, 16 ], "texture": "#middle", "tintindex": 0, "cullface": "north" },
        "south": { "uv": [ 0, 0, 16, 16 ], "texture": "#middle", "tintindex": 0, "cullface": "south" },
        "west":  { "uv": [ 0, 0, 16, 16 ], "texture": "#middle", "tintindex": 0, "cullface": "west" },
        "east":  { "uv": [ 0, 0, 16, 16 ], "texture": "#middle", "tintindex": 0, "cullface": "east" }
    }
},
{
    "from": [ -5.989, -6.2, -0.52 ],
    "to": [ 26.011, 25.8, 14.48 ],
    "faces": {
        "north": { "uv": [ 0, 0, 16, 16 ], "texture": "#tips", "tintindex": 0, "cullface": "north" },
        "south": { "uv": [ 0, 0, 16, 16 ], "texture": "#tips", "tintindex": 0, "cullface": "south" }
    }
},
{
    "from": [ 2.511, -6.2, -9.02 ],
    "to": [ 17.511, 25.8, 22.98 ],
    "faces": {
        "west":  { "uv": [ 0, 0, 16, 16 ], "texture": "#tips", "tintindex": 0, "cullface": "west" },
        "east":  { "uv": [ 0, 0, 16, 16 ], "texture": "#tips", "tintindex": 0, "cullface": "east" }
    }
},
{
    "from": [ -5.989, 2.3, -9.02 ],
    "to": [ 26.011, 17.3, 22.98 ],
    "faces": {
        "down":  { "uv": [ 0, 0, 16, 16 ], "texture": "#tips", "tintindex": 0, "cullface": "down" },
        "up":    { "uv": [ 0, 0, 16, 16 ], "texture": "#tips", "tintindex": 0, "cullface": "up" }
    }
}
]
}