{
"__comment": "Fair warning, this format is highly likely to change even more in the future!",
"ambientocclusion": false,
"inventoryRender3D": false,
"textures": {
    "down": "blocks/nether_brick",
    "particle": "blocks/nether_brick"
},
"elements": [ 
{
    "from": [ 7, 0, 0 ],
    "to": [ 16, 6, 9 ],
    "faces": {
        "down":  { "uv": [ 7, 0, 16, 9 ], "texture": "#down" },
        "up":    { "uv": [ 7, 0, 16, 9 ], "texture": "#down" },
        "north": { "uv": [ 16, 10, 7, 16 ], "texture": "#down" },
        "south": { "uv": [ 7, 10, 16, 16 ], "texture": "#down" },
        "west":  { "uv": [ 0, 10, 9, 16 ], "texture": "#down" },
        "east":  { "uv": [ 9, 10, 0, 16 ], "texture": "#down" }
    }
},
{
    "from": [ 15, 8, 1 ],
    "to": [ 16, 14, 8 ],
    "faces": {
        "down":  { "uv": [ 15, 1, 16, 8 ], "texture": "#down" },
        "up":    { "uv": [ 15, 1, 16, 8 ], "texture": "#down" },
        "north": { "uv": [ 16, 2, 15, 8 ], "texture": "#down" },
        "south": { "uv": [ 15, 2, 16, 8 ], "texture": "#down" },
        "west":  { "uv": [ 1, 2, 8, 8 ], "texture": "#down" },
        "east":  { "uv": [ 8, 2, 1, 8 ], "texture": "#down" }
    }
},
{
    "from": [ 8, 8, 0 ],
    "to": [ 16, 14, 1 ],
    "faces": {
        "down":  { "uv": [ 8, 8.88178e-016, 16, 1 ], "texture": "#down" },
        "up":    { "uv": [ 8, 8.88178e-016, 16, 1 ], "texture": "#down" },
        "north": { "uv": [ 16, 2, 8, 8 ], "texture": "#down" },
        "south": { "uv": [ 8, 2, 16, 8 ], "texture": "#down" },
        "west":  { "uv": [ 8.88178e-016, 2, 1, 8 ], "texture": "#down" },
        "east":  { "uv": [ 1, 2, 8.88178e-016, 8 ], "texture": "#down" }
    }
},
{
    "from": [ 7.5, 0, 14 ],
    "to": [ 8.5, 6, 15 ],
    "faces": {
        "down":  { "uv": [ 7.5, 14, 8.5, 15 ], "texture": "#down" },
        "up":    { "uv": [ 7.5, 14, 8.5, 15 ], "texture": "#down" },
        "north": { "uv": [ 8.5, 10, 7.5, 16 ], "texture": "#down" },
        "south": { "uv": [ 7.5, 10, 8.5, 16 ], "texture": "#down" },
        "west":  { "uv": [ 14, 10, 15, 16 ], "texture": "#down" },
        "east":  { "uv": [ 15, 10, 14, 16 ], "texture": "#down" }
    }
},
{
    "from": [ 1, 0, 7.5625 ],
    "to": [ 2, 6, 8.5625 ],
    "faces": {
        "down":  { "uv": [ 1, 7.5, 2, 8.5 ], "texture": "#down" },
        "up":    { "uv": [ 1, 7.5, 2, 8.5 ], "texture": "#down" },
        "north": { "uv": [ 2, 10, 1, 16 ], "texture": "#down" },
        "south": { "uv": [ 1, 10, 2, 16 ], "texture": "#down" },
        "west":  { "uv": [ 7.5, 10, 8.5, 16 ], "texture": "#down" },
        "east":  { "uv": [ 8.5, 10, 7.5, 16 ], "texture": "#down" }
    }
},
{
    "from": [ 14, 0, 14 ],
    "to": [ 15, 6, 15 ],
    "__comment": "Cube*",
    "faces": {
        "down":  { "uv": [ 14, 14, 15, 15 ], "texture": "#down" },
        "up":    { "uv": [ 14, 14, 15, 15 ], "texture": "#down" },
        "north": { "uv": [ 15, 10, 14, 16 ], "texture": "#down" },
        "south": { "uv": [ 14, 10, 15, 16 ], "texture": "#down" },
        "west":  { "uv": [ 14, 10, 15, 16 ], "texture": "#down" },
        "east":  { "uv": [ 15, 10, 14, 16 ], "texture": "#down" }
    }
},
{
    "from": [ 1, 0, 1 ],
    "to": [ 2, 6, 2 ],
    "faces": {
        "down":  { "uv": [ 1, 1, 2, 2 ], "texture": "#down" },
        "up":    { "uv": [ 1, 1, 2, 2 ], "texture": "#down" },
        "north": { "uv": [ 2, 10, 1, 16 ], "texture": "#down" },
        "south": { "uv": [ 1, 10, 2, 16 ], "texture": "#down" },
        "west":  { "uv": [ 1, 10, 2, 16 ], "texture": "#down" },
        "east":  { "uv": [ 2, 10, 1, 16 ], "texture": "#down" }
    }
},
{
    "from": [ 1, 0, 14 ],
    "to": [ 2, 6, 15 ],
    "faces": {
        "down":  { "uv": [ 1, 14, 2, 15 ], "texture": "#down" },
        "up":    { "uv": [ 1, 14, 2, 15 ], "texture": "#down" },
        "north": { "uv": [ 2, 10, 1, 16 ], "texture": "#down" },
        "south": { "uv": [ 1, 10, 2, 16 ], "texture": "#down" },
        "west":  { "uv": [ 14, 10, 15, 16 ], "texture": "#down" },
        "east":  { "uv": [ 15, 10, 14, 16 ], "texture": "#down" }
    }
},
{
    "from": [ 9, 8, 6 ],
    "to": [ 10, 14, 7 ],
    "faces": {
        "down":  { "uv": [ 9, 6, 10, 7 ], "texture": "#down" },
        "up":    { "uv": [ 9, 6, 10, 7 ], "texture": "#down" },
        "north": { "uv": [ 10, 2, 9, 8 ], "texture": "#down" },
        "south": { "uv": [ 9, 2, 10, 8 ], "texture": "#down" },
        "west":  { "uv": [ 6, 2, 7, 8 ], "texture": "#down" },
        "east":  { "uv": [ 7, 2, 6, 8 ], "texture": "#down" }
    }
},
{
    "from": [ 8, 14, 0 ],
    "to": [ 16, 16, 8 ],
    "faces": {
        "down":  { "uv": [ 8, 8.88178e-016, 16, 8 ], "texture": "#down" },
        "up":    { "uv": [ 8, 8.88178e-016, 16, 8 ], "texture": "#down" },
        "north": { "uv": [ 16, 0, 8, 2 ], "texture": "#down" },
        "south": { "uv": [ 8, 0, 16, 2 ], "texture": "#down" },
        "west":  { "uv": [ 8.88178e-016, 0, 8, 2 ], "texture": "#down" },
        "east":  { "uv": [ 8, 0, 8.88178e-016, 2 ], "texture": "#down" }
    }
},
{
    "from": [ 0, 6, 0 ],
    "to": [ 16, 8, 16 ],
    "faces": {
        "down":  { "uv": [ 0, 1.77636e-015, 16, 16 ], "texture": "#down" },
        "up":    { "uv": [ 0, 1.77636e-015, 16, 16 ], "texture": "#down" },
        "north": { "uv": [ 16, 8, 0, 10 ], "texture": "#down" },
        "south": { "uv": [ 0, 8, 16, 10 ], "texture": "#down" },
        "west":  { "uv": [ 1.77636e-015, 8, 16, 10 ], "texture": "#down" },
        "east":  { "uv": [ 16, 8, 1.77636e-015, 10 ], "texture": "#down" }
    }
}
]
}