{
"__comment": "3D Mesh designed with BDcraft Cubik - Version PRO 0.65 Beta",
"ambientocclusion": false,
"inventoryRender3D": false,
"textures": {
    "down": "blocks/nether_brick",
    "particle": "blocks/nether_brick"
},
"elements": [ 
{
    "from": [ 6, 0, 0 ],
    "to": [ 10, 16, 2 ],
    "__comment": "Posts*",
    "faces": {
        "down":  { "uv": [ 6, 2, 10, 0 ], "texture": "#down" },
        "up":    { "uv": [ 6, 0, 10, 2 ], "texture": "#down" },
        "north": { "uv": [ 10, 0, 6, 16 ], "texture": "#down" },
        "south": { "uv": [ 6, 0, 10, 16 ], "texture": "#down" },
        "west":  { "uv": [ 0, 0, 2, 16 ], "texture": "#down" },
        "east":  { "uv": [ 2, 0, 0, 16 ], "texture": "#down" }
    }
}
]
}