{
"__comment": "Fair warning, this format is highly likely to change even more in the future!",
"ambientocclusion": false,
"textures": {
    "particle": "blocks/planks_oak",
    "texture": "blocks/planks_oak"
},
"elements": [ 
{
    "__comment": "Plat*",
    "from": [ 12.5, 0, 1.5 ],
    "to": [ 13, 2, 2 ],
    "faces": {
        "down":  { "uv": [ 12.5, 2, 13, 1.5 ], "texture": "#texture" },
        "up":    { "uv": [ 12.5, 1.5, 13, 2 ], "texture": "#texture" },
        "north": { "uv": [ 3, 14, 3.5, 16 ], "texture": "#texture" },
        "south": { "uv": [ 12.5, 14, 13, 16 ], "texture": "#texture" },
        "west":  { "uv": [ 1.5, 14, 2, 16 ], "texture": "#texture" },
        "east":  { "uv": [ 14, 14, 14.5, 16 ], "texture": "#texture" }
    }
},
{
    "__comment": "Plat*",
    "from": [ 2.5, 0, 10 ],
    "to": [ 3, 2, 10.5 ],
    "faces": {
        "down":  { "uv": [ 2.5, 10.5, 3, 10 ], "texture": "#texture" },
        "up":    { "uv": [ 2.5, 10, 3, 10.5 ], "texture": "#texture" },
        "north": { "uv": [ 13, 14, 13.5, 16 ], "texture": "#texture" },
        "south": { "uv": [ 2.5, 14, 3, 16 ], "texture": "#texture" },
        "west":  { "uv": [ 10, 14, 10.5, 16 ], "texture": "#texture" },
        "east":  { "uv": [ 5.5, 14, 6, 16 ], "texture": "#texture" }
    }
},
{
    "__comment": "Plat*",
    "from": [ 1.5, 0, 12.5 ],
    "to": [ 2, 2, 13 ],
    "faces": {
        "down":  { "uv": [ 1.5, 13, 2, 12.5 ], "texture": "#texture" },
        "up":    { "uv": [ 1.5, 12.5, 2, 13 ], "texture": "#texture" },
        "north": { "uv": [ 14, 14, 14.5, 16 ], "texture": "#texture" },
        "south": { "uv": [ 1.5, 14, 2, 16 ], "texture": "#texture" },
        "west":  { "uv": [ 12.5, 14, 13, 16 ], "texture": "#texture" },
        "east":  { "uv": [ 3, 14, 3.5, 16 ], "texture": "#texture" }
    }
},
{
    "__comment": "Plat*",
    "from": [ 3, 0, 8 ],
    "to": [ 4, 2, 15 ],
    "faces": {
        "down":  { "uv": [ 3, 15, 4, 8 ], "texture": "#texture" },
        "up":    { "uv": [ 3, 8, 4, 15 ], "texture": "#texture" },
        "north": { "uv": [ 12, 14, 13, 16 ], "texture": "#texture" },
        "south": { "uv": [ 3, 14, 4, 16 ], "texture": "#texture" },
        "west":  { "uv": [ 8, 14, 15, 16 ], "texture": "#texture" },
        "east":  { "uv": [ 1, 14, 8, 16 ], "texture": "#texture" }
    }
},
{
    "__comment": "Plat*",
    "from": [ 2, 0, 10.5 ],
    "to": [ 3, 2, 15 ],
    "faces": {
        "down":  { "uv": [ 2, 15, 3, 10.5 ], "texture": "#texture" },
        "up":    { "uv": [ 2, 10.5, 3, 15 ], "texture": "#texture" },
        "north": { "uv": [ 13, 14, 14, 16 ], "texture": "#texture" },
        "south": { "uv": [ 2, 14, 3, 16 ], "texture": "#texture" },
        "west":  { "uv": [ 10.5, 14, 15, 16 ], "texture": "#texture" },
        "east":  { "uv": [ 1, 14, 5.5, 16 ], "texture": "#texture" }
    }
},
{
    "__comment": "Plat*",
    "from": [ 7, 0, 4.5 ],
    "to": [ 9, 2, 15 ],
    "faces": {
        "down":  { "uv": [ 7, 15, 9, 4.5 ], "texture": "#texture" },
        "up":    { "uv": [ 7, 4.5, 9, 15 ], "texture": "#texture" },
        "north": { "uv": [ 7, 14, 9, 16 ], "texture": "#texture" },
        "south": { "uv": [ 7, 14, 9, 16 ], "texture": "#texture" },
        "west":  { "uv": [ 4.5, 14, 15, 16 ], "texture": "#texture" },
        "east":  { "uv": [ 1, 14, 11.5, 16 ], "texture": "#texture" }
    }
},
{
    "__comment": "Plat*",
    "from": [ 4, 0, 7 ],
    "to": [ 5, 2, 15 ],
    "faces": {
        "down":  { "uv": [ 4, 15, 5, 7 ], "texture": "#texture" },
        "up":    { "uv": [ 4, 7, 5, 15 ], "texture": "#texture" },
        "north": { "uv": [ 11, 14, 12, 16 ], "texture": "#texture" },
        "south": { "uv": [ 4, 14, 5, 16 ], "texture": "#texture" },
        "west":  { "uv": [ 7, 14, 15, 16 ], "texture": "#texture" },
        "east":  { "uv": [ 1, 14, 9, 16 ], "texture": "#texture" }
    }
},
{
    "__comment": "Plat*",
    "from": [ 5, 0, 6 ],
    "to": [ 6, 2, 15 ],
    "faces": {
        "down":  { "uv": [ 5, 15, 6, 6 ], "texture": "#texture" },
        "up":    { "uv": [ 5, 6, 6, 15 ], "texture": "#texture" },
        "north": { "uv": [ 10, 14, 11, 16 ], "texture": "#texture" },
        "south": { "uv": [ 5, 14, 6, 16 ], "texture": "#texture" },
        "west":  { "uv": [ 6, 14, 15, 16 ], "texture": "#texture" },
        "east":  { "uv": [ 1, 14, 10, 16 ], "texture": "#texture" }
    }
},
{
    "__comment": "Plat*",
    "from": [ 1, 0, 13 ],
    "to": [ 2, 2, 15 ],
    "faces": {
        "down":  { "uv": [ 1, 15, 2, 13 ], "texture": "#texture" },
        "up":    { "uv": [ 1, 13, 2, 15 ], "texture": "#texture" },
        "north": { "uv": [ 14, 14, 15, 16 ], "texture": "#texture" },
        "south": { "uv": [ 1, 14, 2, 16 ], "texture": "#texture" },
        "west":  { "uv": [ 13, 14, 15, 16 ], "texture": "#texture" },
        "east":  { "uv": [ 1, 14, 3, 16 ], "texture": "#texture" }
    }
},
{
    "__comment": "Plat*",
    "from": [ 8, 0, 3.5 ],
    "to": [ 9, 2, 4 ],
    "faces": {
        "down":  { "uv": [ 8, 4, 9, 3.5 ], "texture": "#texture" },
        "up":    { "uv": [ 8, 3.5, 9, 4 ], "texture": "#texture" },
        "north": { "uv": [ 7, 14, 8, 16 ], "texture": "#texture" },
        "south": { "uv": [ 8, 14, 9, 16 ], "texture": "#texture" },
        "west":  { "uv": [ 3.5, 14, 4, 16 ], "texture": "#texture" },
        "east":  { "uv": [ 12, 14, 12.5, 16 ], "texture": "#texture" }
    }
},
{
    "__comment": "Plat*",
    "from": [ 7.5, 0, 4 ],
    "to": [ 9, 2, 4.5 ],
    "faces": {
        "down":  { "uv": [ 7.5, 4.5, 9, 4 ], "texture": "#texture" },
        "up":    { "uv": [ 7.5, 4, 9, 4.5 ], "texture": "#texture" },
        "north": { "uv": [ 7, 14, 8.5, 16 ], "texture": "#texture" },
        "south": { "uv": [ 7.5, 14, 9, 16 ], "texture": "#texture" },
        "west":  { "uv": [ 4, 14, 4.5, 16 ], "texture": "#texture" },
        "east":  { "uv": [ 11.5, 14, 12, 16 ], "texture": "#texture" }
    }
},
{
    "__comment": "Plat*",
    "from": [ 6, 0, 5 ],
    "to": [ 7, 2, 15 ],
    "faces": {
        "down":  { "uv": [ 6, 15, 7, 5 ], "texture": "#texture" },
        "up":    { "uv": [ 6, 5, 7, 15 ], "texture": "#texture" },
        "north": { "uv": [ 9, 14, 10, 16 ], "texture": "#texture" },
        "south": { "uv": [ 6, 14, 7, 16 ], "texture": "#texture" },
        "west":  { "uv": [ 5, 14, 15, 16 ], "texture": "#texture" },
        "east":  { "uv": [ 1, 14, 11, 16 ], "texture": "#texture" }
    }
},
{
    "__comment": "Plat*",
    "from": [ 13, 0, 1 ],
    "to": [ 15, 2, 15 ],
    "faces": {
        "down":  { "uv": [ 13, 15, 15, 1 ], "texture": "#texture" },
        "up":    { "uv": [ 13, 1, 15, 15 ], "texture": "#texture" },
        "north": { "uv": [ 1, 14, 3, 16 ], "texture": "#texture" },
        "south": { "uv": [ 13, 14, 15, 16 ], "texture": "#texture" },
        "west":  { "uv": [ 1, 14, 15, 16 ], "texture": "#texture" },
        "east":  { "uv": [ 1, 14, 15, 16 ], "texture": "#texture" }
    }
},
{
    "__comment": "Plat*",
    "from": [ 11, 0, 2 ],
    "to": [ 13, 2, 15 ],
    "faces": {
        "down":  { "uv": [ 11, 15, 13, 2 ], "texture": "#texture" },
        "up":    { "uv": [ 11, 2, 13, 15 ], "texture": "#texture" },
        "north": { "uv": [ 3, 14, 5, 16 ], "texture": "#texture" },
        "south": { "uv": [ 11, 14, 13, 16 ], "texture": "#texture" },
        "west":  { "uv": [ 2, 14, 15, 16 ], "texture": "#texture" },
        "east":  { "uv": [ 1, 14, 14, 16 ], "texture": "#texture" }
    }
},
{
    "__comment": "Plat",
    "from": [ 9, 0, 2.5 ],
    "to": [ 11, 2, 15 ],
    "faces": {
        "down":  { "uv": [ 9, 15, 11, 2.5 ], "texture": "#texture" },
        "up":    { "uv": [ 9, 2.5, 11, 15 ], "texture": "#texture" },
        "north": { "uv": [ 5, 14, 7, 16 ], "texture": "#texture" },
        "south": { "uv": [ 9, 14, 11, 16 ], "texture": "#texture" },
        "west":  { "uv": [ 2.5, 14, 15, 16 ], "texture": "#texture" },
        "east":  { "uv": [ 1, 14, 13.5, 16 ], "texture": "#texture" }
    }
},
{
    "__comment": "Curve",
    "from": [ 8, 0, 3 ],
    "to": [ 9, 2, 10.3125 ],
    "rotation": { "origin": [ 8, 0, 3 ], "axis": "y", "angle": -45 },
    "faces": {
        "down":  { "uv": [ 15, 16, 16, 0 ], "texture": "#texture" },
        "up":    { "uv": [ 15, 0, 16, 16 ], "texture": "#texture" },
        "north": { "uv": [ 0, 14, 1, 16 ], "texture": "#texture" },
        "south": { "uv": [ 15, 14, 16, 16 ], "texture": "#texture" },
        "west":  { "uv": [ 0, 14, 16, 16 ], "texture": "#texture" },
        "east":  { "uv": [ 0, 14, 16, 16 ], "texture": "#texture" }
    }
},
{
    "__comment": "Curve",
    "from": [ 8, 0, 2.875 ],
    "to": [ 15.5625, 2, 3.875 ],
    "rotation": { "origin": [ 8, 0, 2.875 ], "axis": "y", "angle": 22.5 },
    "faces": {
        "down":  { "uv": [ 15, 16, 16, 0 ], "texture": "#texture" },
        "up":    { "uv": [ 15, 0, 16, 16 ], "texture": "#texture" },
        "north": { "uv": [ 0, 14, 1, 16 ], "texture": "#texture" },
        "south": { "uv": [ 15, 14, 16, 16 ], "texture": "#texture" },
        "west":  { "uv": [ 0, 14, 16, 16 ], "texture": "#texture" },
        "east":  { "uv": [ 0, 14, 16, 16 ], "texture": "#texture" }
    }
},
{
    "__comment": "Sides",
    "from": [ 0, 0, 15 ],
    "to": [ 14, 2, 16 ],
    "faces": {
        "down":  { "uv": [ 0, 16, 14, 15 ], "texture": "#texture" },
        "up":    { "uv": [ 0, 15, 14, 16 ], "texture": "#texture" },
        "north": { "uv": [ 2, 14, 16, 16 ], "texture": "#texture" },
        "south": { "uv": [ 0, 14, 14, 16 ], "texture": "#texture" },
        "west":  { "uv": [ 15, 14, 16, 16 ], "texture": "#texture" },
        "east":  { "uv": [ 0, 14, 1, 16 ], "texture": "#texture" }
    }
},
{
    "__comment": "Sides",
    "from": [ 15, 0, 0 ],
    "to": [ 16, 2, 14 ],
    "faces": {
        "down":  { "uv": [ 15, 14, 16, 0 ], "texture": "#texture" },
        "up":    { "uv": [ 15, 0, 16, 14 ], "texture": "#texture" },
        "north": { "uv": [ 0, 14, 1, 16 ], "texture": "#texture" },
        "south": { "uv": [ 15, 14, 16, 16 ], "texture": "#texture" },
        "west":  { "uv": [ 0, 14, 14, 16 ], "texture": "#texture" },
        "east":  { "uv": [ 2, 14, 16, 16 ], "texture": "#texture" }
    }
},
{
    "__comment": "Curve",
    "from": [ 2.875, 0, 8 ],
    "to": [ 3.875, 2, 15.5625 ],
    "rotation": { "origin": [ 2.875, 0, 8 ], "axis": "y", "angle": -22.5 },
    "faces": {
        "down":  { "uv": [ 15, 16, 16, 0 ], "texture": "#texture" },
        "up":    { "uv": [ 15, 0, 16, 16 ], "texture": "#texture" },
        "north": { "uv": [ 0, 14, 1, 16 ], "texture": "#texture" },
        "south": { "uv": [ 15, 14, 16, 16 ], "texture": "#texture" },
        "west":  { "uv": [ 0, 14, 16, 16 ], "texture": "#texture" },
        "east":  { "uv": [ 0, 14, 16, 16 ], "texture": "#texture" }
    }
},
{
    "__comment": "Post",
    "from": [ 14, 0, 14 ],
    "to": [ 16, 16, 16 ],
    "faces": {
        "down":  { "uv": [ 14, 16, 16, 14 ], "texture": "#texture" },
        "up":    { "uv": [ 14, 14, 16, 16 ], "texture": "#texture" },
        "north": { "uv": [ 0, 0, 2, 16 ], "texture": "#texture" },
        "south": { "uv": [ 14, 0, 16, 16 ], "texture": "#texture" },
        "west":  { "uv": [ 14, 0, 16, 16 ], "texture": "#texture" },
        "east":  { "uv": [ 0, 0, 2, 16 ], "texture": "#texture" }
    }
}
]
}