{
"__comment": "Fair warning, this format is highly likely to change even more in the future!",
"ambientocclusion": false,
"textures": {
    "particle": "blocks/planks_oak",
    "texture": "blocks/planks_oak"
},
"elements": [ 
{
    "from": [ 3.5, 13, 4.5 ],
    "to": [ 21.1875, 16, 6 ],
    "rotation": { "origin": [ 3.5, 16, 4.5 ], "axis": "z", "angle": -45 },
    "faces": {
        "down":  { "uv": [ 3.5, 5.5, 16, 4 ], "texture": "#texture" },
        "up":    { "uv": [ 3.5, 4, 16, 5.5 ], "texture": "#texture" },
        "north": { "uv": [ 16, 0, 3.5, 3 ], "texture": "#texture" },
        "south": { "uv": [ 3.5, 0, 16, 3 ], "texture": "#texture" },
        "west":  { "uv": [ 4, 0, 5.5, 3 ], "texture": "#texture" },
        "east":  { "uv": [ 5.5, 0, 4, 3 ], "texture": "#texture" }
    }
},
{
    "from": [ 3.5, 13, 12.5 ],
    "to": [ 21.1875, 16, 14 ],
    "rotation": { "origin": [ 3.5, 16, 12.5 ], "axis": "z", "angle": -45 },
    "faces": {
        "down":  { "uv": [ 3.5, 14, 16, 12.5 ], "texture": "#texture" },
        "up":    { "uv": [ 3.5, 12.5, 16, 14 ], "texture": "#texture" },
        "north": { "uv": [ 16, 0, 3.5, 3 ], "texture": "#texture" },
        "south": { "uv": [ 3.5, 0, 16, 3 ], "texture": "#texture" },
        "west":  { "uv": [ 12.5, 0, 14, 3 ], "texture": "#texture" },
        "east":  { "uv": [ 14, 0, 12.5, 3 ], "texture": "#texture" }
    }
},
{
    "from": [ 3.5, 13, 10 ],
    "to": [ 21.1875, 16, 11.5 ],
    "rotation": { "origin": [ 3.5, 16, 10 ], "axis": "z", "angle": -45 },
    "faces": {
        "down":  { "uv": [ 3.5, 14, 16, 12.5 ], "texture": "#texture" },
        "up":    { "uv": [ 3.5, 1.5, 16, 3 ], "texture": "#texture" },
        "north": { "uv": [ 16, 0, 3.5, 3 ], "texture": "#texture" },
        "south": { "uv": [ 3.5, 0, 16, 3 ], "texture": "#texture" },
        "west":  { "uv": [ 10.5, 0, 12, 3 ], "texture": "#texture" },
        "east":  { "uv": [ 12, 0, 10.5, 3 ], "texture": "#texture" }
    }
},
{
    "from": [ 3.5, 13, 2 ],
    "to": [ 21.1875, 16, 3.5 ],
    "rotation": { "origin": [ 3.5, 16, 2 ], "axis": "z", "angle": -45 },
    "faces": {
        "down":  { "uv": [ 3.5, 3.5, 16, 2 ], "texture": "#texture" },
        "up":    { "uv": [ 3.5, 2, 16, 3.5 ], "texture": "#texture" },
        "north": { "uv": [ 16, 0, 3.5, 3 ], "texture": "#texture" },
        "south": { "uv": [ 3.5, 0, 16, 3 ], "texture": "#texture" },
        "west":  { "uv": [ 2, 0, 3.5, 3 ], "texture": "#texture" },
        "east":  { "uv": [ 3.5, 0, 2, 3 ], "texture": "#texture" }
    }
},
{
    "from": [ 14, 0, 0 ],
    "to": [ 16, 14, 16 ],
    "faces": {
        "down":  { "uv": [ 14, 16, 16, 0 ], "texture": "#texture" },
        "up":    { "uv": [ 14, 0, 16, 16 ], "texture": "#texture" },
        "north": { "uv": [ 0, 2, 2, 16 ], "texture": "#texture" },
        "south": { "uv": [ 14, 2, 16, 16 ], "texture": "#texture" },
        "west":  { "uv": [ 0, 2, 16, 16 ], "texture": "#texture" },
        "east":  { "uv": [ 0, 2, 16, 16 ], "texture": "#texture" }
    }
},
{
    "from": [ 0, 14, 0 ],
    "to": [ 16, 16, 16 ],
    "faces": {
        "down":  { "uv": [ 0, 16, 16, 0 ], "texture": "#texture" },
        "up":    { "uv": [ 0, 0, 16, 16 ], "texture": "#texture" },
        "north": { "uv": [ 0, 0, 16, 2 ], "texture": "#texture" },
        "south": { "uv": [ 0, 0, 16, 2 ], "texture": "#texture" },
        "west":  { "uv": [ 0, 0, 16, 2 ], "texture": "#texture" },
        "east":  { "uv": [ 0, 0, 16, 2 ], "texture": "#texture" }
    }
}
]
}