{
"__comment": "3D Mesh designed with BDcraft Cubik - Version PRO 0.65 Beta",
"ambientocclusion": true,
"inventoryRender3D": true,
"randomOffsetX": true,
"randomOffsetZ": true,
"textures": {
    "down": "blocks/mushroom_red",
    "particle": "blocks/mushroom_red"
},
"elements": [ 
{
    "from": [ 4.5, -0.25, 1 ],
    "to": [ 13.5, 0.25, 10 ],
    "__comment": "Tendrils*",
    "faces": {
        "up":    { "uv": [ 8, 8, 16, 16 ], "texture": "#down" }
    }
},
{
    "from": [ 0, -0.3125, 5 ],
    "to": [ 9, 0.1875, 14 ],
    "__comment": "Tendrils*",
    "faces": {
        "up":    { "uv": [ 8, 8, 16, 16 ], "texture": "#down" }
    }
},
{
    "from": [ 6, -0.3125, 6 ],
    "to": [ 15, 0.1875, 15 ],
    "__comment": "Tendrils",
    "faces": {
        "up":    { "uv": [ 8, 8, 16, 16 ], "texture": "#down" }
    }
},
{
    "from": [ 8.5, 9.5, 8.5 ],
    "to": [ 10.5, 10.5, 10.5 ],
    "__comment": "MushroomTop",
    "faces": {
        "down":  { "uv": [ 14, 1, 16, 3 ], "texture": "#down" },
        "up":    { "uv": [ 14, 1, 16, 3 ], "texture": "#down" },
        "north": { "uv": [ 16, 2, 14, 3 ], "texture": "#down" },
        "south": { "uv": [ 14, 2, 16, 3 ], "texture": "#down" },
        "west":  { "uv": [ 14, 2, 16, 3 ], "texture": "#down" },
        "east":  { "uv": [ 16, 2, 14, 3 ], "texture": "#down" }
    }
},
{
    "from": [ 7.5, 8.5, 8 ],
    "to": [ 10.5, 9.5, 11 ],
    "__comment": "MushroomTop",
    "faces": {
        "down":  { "uv": [ 13, 1, 16, 4 ], "texture": "#down" },
        "up":    { "uv": [ 13, 1, 16, 4 ], "texture": "#down" },
        "north": { "uv": [ 16, 3, 13, 4 ], "texture": "#down" },
        "south": { "uv": [ 13, 3, 16, 4 ], "texture": "#down" },
        "west":  { "uv": [ 13, 3, 16, 4 ], "texture": "#down" },
        "east":  { "uv": [ 16, 3, 13, 4 ], "texture": "#down" }
    }
},
{
    "from": [ 7, 7.5, 7 ],
    "to": [ 11, 8.5, 11 ],
    "__comment": "MushroomTop",
    "faces": {
        "down":  { "uv": [ 12, 1, 16, 5 ], "texture": "#down" },
        "up":    { "uv": [ 12, 1, 16, 5 ], "texture": "#down" },
        "north": { "uv": [ 12, 4, 16, 5 ], "texture": "#down" },
        "south": { "uv": [ 12, 4, 16, 5 ], "texture": "#down" },
        "west":  { "uv": [ 12, 4, 16, 5 ], "texture": "#down" },
        "east":  { "uv": [ 12, 4, 16, 5 ], "texture": "#down" }
    }
},
{
    "from": [ 6, 5, 6 ],
    "to": [ 11.5, 7.5, 11.5 ],
    "__comment": "MushroomTop",
    "faces": {
        "down":  { "uv": [ 10.5, 0, 16, 5.5 ], "texture": "#down" },
        "up":    { "uv": [ 10.5, 0, 16, 5.5 ], "texture": "#down" },
        "north": { "uv": [ 10.5, 3, 16, 5.5 ], "texture": "#down" },
        "south": { "uv": [ 10.5, 3, 16, 5.5 ], "texture": "#down" },
        "west":  { "uv": [ 10.5, 3, 16, 5.5 ], "texture": "#down" },
        "east":  { "uv": [ 10.5, 3, 16, 5.5 ], "texture": "#down" }
    }
},
{
    "from": [ 6, 0, 6.5 ],
    "to": [ 9.5, 0.5, 10 ],
    "faces": {
        "down":  { "uv": [ 2, 8, 5.5, 11.5 ], "texture": "#down" },
        "up":    { "uv": [ 1, 11, 4.5, 14.5 ], "texture": "#down" },
        "north": { "uv": [ 2, 13, 5.5, 13.5 ], "texture": "#down" },
        "south": { "uv": [ 1, 11, 4.5, 11.5 ], "texture": "#down" },
        "west":  { "uv": [ 0, 14, 3.5, 14.5 ], "texture": "#down" },
        "east":  { "uv": [ 10, 7, 13.5, 7.5 ], "texture": "#down" }
    }
},
{
    "from": [ 8.5, 0, 12 ],
    "to": [ 10.5, 0.5, 13 ],
    "faces": {
        "down":  { "uv": [ 7, 6, 9, 7 ], "texture": "#down" },
        "up":    { "uv": [ 2, 7, 4, 8 ], "texture": "#down" },
        "north": { "uv": [ 4, 15.5, 2, 16 ], "texture": "#down" },
        "south": { "uv": [ 2, 11, 4, 11.5 ], "texture": "#down" },
        "west":  { "uv": [ 2, 7, 3, 7.5 ], "texture": "#down" },
        "east":  { "uv": [ 2, 11, 1, 11.5 ], "texture": "#down" }
    }
},
{
    "from": [ 5, 0, 5 ],
    "to": [ 6.5, 1, 6 ],
    "faces": {
        "down":  { "uv": [ 2, 10, 3.5, 11 ], "texture": "#down" },
        "up":    { "uv": [ 2, 10, 3.5, 11 ], "texture": "#down" },
        "north": { "uv": [ 6, 6, 4.5, 7 ], "texture": "#down" },
        "south": { "uv": [ 2, 13, 3.5, 14 ], "texture": "#down" },
        "west":  { "uv": [ 1, 8, 2, 9 ], "texture": "#down" },
        "east":  { "uv": [ 5, 6, 4, 7 ], "texture": "#down" }
    }
},
{
    "from": [ 5, 4.5, 4.5 ],
    "to": [ 8.5, 5.5, 8 ],
    "__comment": "MushroomTop",
    "faces": {
        "down":  { "uv": [ 0, 0, 3.5, 3.5 ], "texture": "#down" },
        "up":    { "uv": [ 0, 0, 3.5, 3.5 ], "texture": "#down" },
        "north": { "uv": [ 0, 2, 3.5, 3 ], "texture": "#down" },
        "south": { "uv": [ 0, 2, 3.5, 3 ], "texture": "#down" },
        "west":  { "uv": [ 0, 2, 3.5, 3 ], "texture": "#down" },
        "east":  { "uv": [ 0, 2, 3.5, 3 ], "texture": "#down" }
    }
},
{
    "from": [ 6.5, 0, 7.5 ],
    "to": [ 11, 1, 12 ],
    "faces": {
        "down":  { "uv": [ 1, 7, 5.5, 11.5 ], "texture": "#down" },
        "up":    { "uv": [ 0, 6, 4.5, 10.5 ], "texture": "#down" },
        "north": { "uv": [ 11, 6, 15.5, 7 ], "texture": "#down" },
        "south": { "uv": [ 1, 12, 5.5, 13 ], "texture": "#down" },
        "west":  { "uv": [ 2, 10, 6.5, 11 ], "texture": "#down" },
        "east":  { "uv": [ 4, 7, 8.5, 8 ], "texture": "#down" }
    }
},
{
    "from": [ 4.5, 3, 4 ],
    "to": [ 8.5, 4.5, 8.5 ],
    "__comment": "MushroomTop",
    "faces": {
        "down":  { "uv": [ 0, 0, 4.5, 4.5 ], "texture": "#down" },
        "up":    { "uv": [ 0, 0, 4.5, 4.5 ], "texture": "#down" },
        "north": { "uv": [ 0, 0, 4.5, 1.5 ], "texture": "#down" },
        "south": { "uv": [ 0, 0, 4.5, 1.5 ], "texture": "#down" },
        "west":  { "uv": [ 0, 0, 4.5, 1.5 ], "texture": "#down" },
        "east":  { "uv": [ 0, 0, 4.5, 1.5 ], "texture": "#down" }
    }
},
{
    "from": [ 8.5, 4, 8.5 ],
    "to": [ 9.5, 5, 9.5 ],
    "faces": {
        "down":  { "uv": [ 5, 9, 6, 10 ], "texture": "#down" },
        "up":    { "uv": [ 4, 8, 5, 9 ], "texture": "#down" },
        "north": { "uv": [ 3, 8, 4, 9 ], "texture": "#down" },
        "south": { "uv": [ 3, 11, 4, 12 ], "texture": "#down" },
        "west":  { "uv": [ 3, 10, 4, 11 ], "texture": "#down" },
        "east":  { "uv": [ 3, 11, 4, 12 ], "texture": "#down" }
    }
},
{
    "from": [ 8, 2.5, 8.5 ],
    "to": [ 10, 4, 10.5 ],
    "faces": {
        "down":  { "uv": [ 4, 11, 6, 13 ], "texture": "#down" },
        "up":    { "uv": [ 5, 7, 7, 9 ], "texture": "#down" },
        "north": { "uv": [ 4, 6, 2, 7.5 ], "texture": "#down" },
        "south": { "uv": [ 2, 10, 4, 11.5 ], "texture": "#down" },
        "west":  { "uv": [ 4, 8, 6, 9.5 ], "texture": "#down" },
        "east":  { "uv": [ 3, 13, 1, 14.5 ], "texture": "#down" }
    }
},
{
    "from": [ 7.5, 1, 7.5 ],
    "to": [ 10.5, 2.5, 10.5 ],
    "faces": {
        "down":  { "uv": [ 3, 9, 6, 12 ], "texture": "#down" },
        "up":    { "uv": [ 2, 6, 5, 9 ], "texture": "#down" },
        "north": { "uv": [ 12, 6, 9, 7.5 ], "texture": "#down" },
        "south": { "uv": [ 3, 12, 6, 13.5 ], "texture": "#down" },
        "west":  { "uv": [ 2, 12, 5, 13.5 ], "texture": "#down" },
        "east":  { "uv": [ 4, 8, 1, 9.5 ], "texture": "#down" }
    }
},
{
    "from": [ 6, 1.5, 6 ],
    "to": [ 7, 4.5, 7 ],
    "faces": {
        "down":  { "uv": [ 6, 6, 7, 7 ], "texture": "#down" },
        "up":    { "uv": [ 6, 6, 7, 7 ], "texture": "#down" },
        "north": { "uv": [ 6, 11.5, 7, 14.5 ], "texture": "#down" },
        "south": { "uv": [ 6, 12, 7, 15 ], "texture": "#down" },
        "west":  { "uv": [ 6, 11.5, 7, 14.5 ], "texture": "#down" },
        "east":  { "uv": [ 6, 11.5, 7, 14.5 ], "texture": "#down" }
    }
},
{
    "from": [ 5.5, 0, 5.5 ],
    "to": [ 8.5, 1.5, 8 ],
    "faces": {
        "down":  { "uv": [ 1, 9, 4, 11.5 ], "texture": "#down" },
        "up":    { "uv": [ 4, 6, 7, 8.5 ], "texture": "#down" },
        "north": { "uv": [ 3, 13, 6, 14.5 ], "texture": "#down" },
        "south": { "uv": [ 3, 12, 6, 13.5 ], "texture": "#down" },
        "west":  { "uv": [ 5.5, 14.5, 8, 16 ], "texture": "#down" },
        "east":  { "uv": [ 3, 7, 5.5, 8.5 ], "texture": "#down" }
    }
}
]
}