{
"__comment": "3D Mesh designed with BDcraft Cubik - Version PRO 0.72 Beta",
"textures": {
    "down": "blocks/mushroom_red_mid",
    "up": "blocks/mushroom_red_bot",
    "north": "blocks/mushroom_red_top",
    "particle": "blocks/mushroom_red_mid"
},
"elements": [ 
{
    "from": [ 5.5, 1, 9.5 ],
    "to": [ 6.5, 2, 10.5 ],
    "__comment": "Red",
    "faces": {
        "down":  { "uv": [ 5.5, 10.5, 6.5, 9.5 ], "texture": "#down" },
        "up":    { "uv": [ 5.5, 9.5, 6.5, 10.5 ], "texture": "#north" },
        "north": { "uv": [ 6.5, 14, 5.5, 15 ], "texture": "#north" },
        "south": { "uv": [ 5.5, 14, 6.5, 15 ], "texture": "#north" },
        "west":  { "uv": [ 9.5, 14, 10.5, 15 ], "texture": "#north" },
        "east":  { "uv": [ 10.5, 14, 9.5, 15 ], "texture": "#north" }
    }
},
{
    "from": [ 5.1875, 0.5625, 9.3125 ],
    "to": [ 6.6875, 1.5625, 10.8125 ],
    "__comment": "Red",
    "faces": {
        "down":  { "uv": [ 5, 10.5, 6.5, 9 ], "texture": "#down" },
        "up":    { "uv": [ 5, 9, 6.5, 10.5 ], "texture": "#north" },
        "north": { "uv": [ 6.5, 14, 5, 15 ], "texture": "#north" },
        "south": { "uv": [ 5, 14, 6.5, 15 ], "texture": "#north" },
        "west":  { "uv": [ 9, 14, 10.5, 15 ], "texture": "#north" },
        "east":  { "uv": [ 10.5, 14, 9, 15 ], "texture": "#north" }
    }
},
{
    "from": [ 5.5, 0, 9.5 ],
    "to": [ 6.5, 1, 10.5 ],
    "faces": {
        "down":  { "uv": [ 5.5, 10.5, 6.5, 9.5 ], "texture": "#down" },
        "up":    { "uv": [ 5.5, 9.5, 6.5, 10.5 ], "texture": "#down" },
        "north": { "uv": [ 6.5, 15, 5.5, 16 ], "texture": "#down" },
        "south": { "uv": [ 5.5, 15, 6.5, 16 ], "texture": "#down" },
        "west":  { "uv": [ 9.5, 15, 10.5, 16 ], "texture": "#down" },
        "east":  { "uv": [ 10.5, 15, 9.5, 16 ], "texture": "#down" }
    }
},
{
    "from": [ 11.5, 0.125, 4 ],
    "to": [ 13.5, 0.1875, 10.5 ],
    "__comment": "PlaneY",
    "faces": {
        "down":  { "uv": [ 11.5, 10.5, 13.5, 4 ], "texture": "#up" },
        "up":    { "uv": [ 11.5, 4, 13.5, 10.5 ], "texture": "#up" }
    }
},
{
    "from": [ 3, 0.125, 10 ],
    "to": [ 11.5, 0.1875, 13.5 ],
    "__comment": "PlaneY",
    "faces": {
        "down":  { "uv": [ 3, 13.5, 11.5, 10 ], "texture": "#up" },
        "up":    { "uv": [ 3, 10, 11.5, 13.5 ], "texture": "#up" }
    }
},
{
    "from": [ 5, 0, 3.5 ],
    "to": [ 5.5, 0.5, 4 ],
    "__comment": "Cube*",
    "faces": {
        "down":  { "uv": [ 5, 4, 5.5, 3.5 ], "texture": "#down" },
        "up":    { "uv": [ 5, 3.5, 5.5, 4 ], "texture": "#down" },
        "north": { "uv": [ 5.5, 15.5, 5, 16 ], "texture": "#down" },
        "south": { "uv": [ 5, 15.5, 5.5, 16 ], "texture": "#down" },
        "west":  { "uv": [ 3.5, 15.5, 4, 16 ], "texture": "#down" },
        "east":  { "uv": [ 4, 15.5, 3.5, 16 ], "texture": "#down" }
    }
},
{
    "from": [ 8.5, 0, 4.5 ],
    "to": [ 9, 0.5, 5 ],
    "__comment": "Cube*",
    "faces": {
        "down":  { "uv": [ 8.5, 5, 9, 4.5 ], "texture": "#down" },
        "up":    { "uv": [ 8.5, 4.5, 9, 5 ], "texture": "#down" },
        "north": { "uv": [ 9, 15.5, 8.5, 16 ], "texture": "#down" },
        "south": { "uv": [ 8.5, 15.5, 9, 16 ], "texture": "#down" },
        "west":  { "uv": [ 4.5, 15.5, 5, 16 ], "texture": "#down" },
        "east":  { "uv": [ 5, 15.5, 4.5, 16 ], "texture": "#down" }
    }
},
{
    "from": [ 2.5, 0, 8 ],
    "to": [ 3, 0.5, 8.5 ],
    "__comment": "Cube*",
    "faces": {
        "down":  { "uv": [ 2.5, 8.5, 3, 8 ], "texture": "#down" },
        "up":    { "uv": [ 2.5, 8, 3, 8.5 ], "texture": "#down" },
        "north": { "uv": [ 3, 15.5, 2.5, 16 ], "texture": "#down" },
        "south": { "uv": [ 2.5, 15.5, 3, 16 ], "texture": "#down" },
        "west":  { "uv": [ 8, 15.5, 8.5, 16 ], "texture": "#down" },
        "east":  { "uv": [ 8.5, 15.5, 8, 16 ], "texture": "#down" }
    }
},
{
    "from": [ 4, 0, 5.5 ],
    "to": [ 4.5, 0.5, 6 ],
    "__comment": "Cube*",
    "faces": {
        "down":  { "uv": [ 4, 6, 4.5, 5.5 ], "texture": "#down" },
        "up":    { "uv": [ 4, 5.5, 4.5, 6 ], "texture": "#down" },
        "north": { "uv": [ 4.5, 15.5, 4, 16 ], "texture": "#down" },
        "south": { "uv": [ 4, 15.5, 4.5, 16 ], "texture": "#down" },
        "west":  { "uv": [ 5.5, 15.5, 6, 16 ], "texture": "#down" },
        "east":  { "uv": [ 6, 15.5, 5.5, 16 ], "texture": "#down" }
    }
},
{
    "from": [ 8.5, 0, 2 ],
    "to": [ 9, 0.5, 2.5 ],
    "__comment": "Cube*",
    "faces": {
        "down":  { "uv": [ 8.5, 2.5, 9, 2 ], "texture": "#down" },
        "up":    { "uv": [ 8.5, 2, 9, 2.5 ], "texture": "#down" },
        "north": { "uv": [ 9, 15.5, 8.5, 16 ], "texture": "#down" },
        "south": { "uv": [ 8.5, 15.5, 9, 16 ], "texture": "#down" },
        "west":  { "uv": [ 2, 15.5, 2.5, 16 ], "texture": "#down" },
        "east":  { "uv": [ 2.5, 15.5, 2, 16 ], "texture": "#down" }
    }
},
{
    "from": [ 7.5, 0, 10 ],
    "to": [ 8, 0.5, 10.5 ],
    "faces": {
        "down":  { "uv": [ 7.5, 10.5, 8, 10 ], "texture": "#down" },
        "up":    { "uv": [ 7.5, 10, 8, 10.5 ], "texture": "#down" },
        "north": { "uv": [ 8, 15.5, 7.5, 16 ], "texture": "#down" },
        "south": { "uv": [ 7.5, 15.5, 8, 16 ], "texture": "#down" },
        "west":  { "uv": [ 10, 15.5, 10.5, 16 ], "texture": "#down" },
        "east":  { "uv": [ 10.5, 15.5, 10, 16 ], "texture": "#down" }
    }
},
{
    "from": [ 1.5, 0.125, 0.375 ],
    "to": [ 11.5, 0.1875, 10.375 ],
    "__comment": "PlaneY",
    "faces": {
        "down":  { "uv": [ 1.5, 10.375, 11.5, 0.375 ], "texture": "#up" },
        "up":    { "uv": [ 1.5, 0.375, 11.5, 10.375 ], "texture": "#up" }
    }
},
{
    "from": [ 8, 0.5, 6 ],
    "to": [ 8.5, 2, 6.5 ],
    "__comment": "Mid",
    "faces": {
        "down":  { "uv": [ 8, 6.5, 8.5, 6 ], "texture": "#down" },
        "up":    { "uv": [ 8, 6, 8.5, 6.5 ], "texture": "#down" },
        "north": { "uv": [ 8.5, 14, 8, 15.5 ], "texture": "#down" },
        "south": { "uv": [ 8, 14, 8.5, 15.5 ], "texture": "#down" },
        "west":  { "uv": [ 6, 14, 6.5, 15.5 ], "texture": "#down" },
        "east":  { "uv": [ 6.5, 14, 6, 15.5 ], "texture": "#down" }
    }
},
{
    "from": [ 7.8125, 2.5, 5.875 ],
    "to": [ 8.8125, 3, 6.875 ],
    "__comment": "Red",
    "faces": {
        "down":  { "uv": [ 8, 7, 9, 6 ], "texture": "#down" },
        "up":    { "uv": [ 8, 6, 9, 7 ], "texture": "#north" },
        "north": { "uv": [ 9, 13, 8, 13.5 ], "texture": "#north" },
        "south": { "uv": [ 8, 13, 9, 13.5 ], "texture": "#north" },
        "west":  { "uv": [ 6, 13, 7, 13.5 ], "texture": "#north" },
        "east":  { "uv": [ 7, 13, 6, 13.5 ], "texture": "#north" }
    }
},
{
    "from": [ 7.5, 2, 5.5 ],
    "to": [ 9, 2.5, 7 ],
    "__comment": "Red",
    "faces": {
        "down":  { "uv": [ 7.5, 7, 9, 5.5 ], "texture": "#down" },
        "up":    { "uv": [ 7.5, 5.5, 9, 7 ], "texture": "#north" },
        "north": { "uv": [ 9, 13.5, 7.5, 14 ], "texture": "#north" },
        "south": { "uv": [ 7.5, 13.5, 9, 14 ], "texture": "#north" },
        "west":  { "uv": [ 5.5, 13.5, 7, 14 ], "texture": "#north" },
        "east":  { "uv": [ 7, 13.5, 5.5, 14 ], "texture": "#north" }
    }
},
{
    "from": [ 6, 0, 5 ],
    "to": [ 8.5, 1, 8.5 ],
    "__comment": "Mid",
    "faces": {
        "down":  { "uv": [ 6, 8.5, 8.5, 5 ], "texture": "#down" },
        "up":    { "uv": [ 6, 5, 8.5, 8.5 ], "texture": "#down" },
        "north": { "uv": [ 8.5, 15, 6, 16 ], "texture": "#down" },
        "south": { "uv": [ 6, 15, 8.5, 16 ], "texture": "#down" },
        "west":  { "uv": [ 5, 15, 8.5, 16 ], "texture": "#down" },
        "east":  { "uv": [ 8.5, 15, 5, 16 ], "texture": "#down" }
    }
},
{
    "from": [ 6.5, 0, 5.5 ],
    "to": [ 8.5, 1.5, 7.5 ],
    "__comment": "Mid",
    "faces": {
        "down":  { "uv": [ 6.5, 7.5, 8.5, 5.5 ], "texture": "#down" },
        "up":    { "uv": [ 6.5, 5.5, 8.5, 7.5 ], "texture": "#down" },
        "north": { "uv": [ 8.5, 14.5, 6.5, 16 ], "texture": "#down" },
        "south": { "uv": [ 6.5, 14.5, 8.5, 16 ], "texture": "#down" },
        "west":  { "uv": [ 5.5, 14.5, 7.5, 16 ], "texture": "#down" },
        "east":  { "uv": [ 7.5, 14.5, 5.5, 16 ], "texture": "#down" }
    }
},
{
    "from": [ 5.5, 0.5, 5.5 ],
    "to": [ 7, 3, 7 ],
    "__comment": "Mid",
    "faces": {
        "down":  { "uv": [ 5.5, 7, 7, 5.5 ], "texture": "#down" },
        "up":    { "uv": [ 5.5, 5.5, 7, 7 ], "texture": "#down" },
        "north": { "uv": [ 7, 13, 5.5, 15.5 ], "texture": "#down" },
        "south": { "uv": [ 5.5, 13, 7, 15.5 ], "texture": "#down" },
        "west":  { "uv": [ 5.5, 13, 7, 15.5 ], "texture": "#down" },
        "east":  { "uv": [ 7, 13, 5.5, 15.5 ], "texture": "#down" }
    }
},
{
    "from": [ 8, 2, 8.5 ],
    "to": [ 9, 3.5, 9.5 ],
    "__comment": "Mid",
    "faces": {
        "down":  { "uv": [ 8, 9.5, 9, 8.5 ], "texture": "#down" },
        "up":    { "uv": [ 8, 8.5, 9, 9.5 ], "texture": "#down" },
        "north": { "uv": [ 9, 12.5, 8, 14 ], "texture": "#down" },
        "south": { "uv": [ 8, 12.5, 9, 14 ], "texture": "#down" },
        "west":  { "uv": [ 8.5, 12.5, 9.5, 14 ], "texture": "#down" },
        "east":  { "uv": [ 9.5, 12.5, 8.5, 14 ], "texture": "#down" }
    }
},
{
    "from": [ 7.5, 0.5, 8 ],
    "to": [ 8.5, 2.5, 9 ],
    "__comment": "Mid",
    "faces": {
        "down":  { "uv": [ 7.5, 9, 8.5, 8 ], "texture": "#down" },
        "up":    { "uv": [ 7.5, 8, 8.5, 9 ], "texture": "#down" },
        "north": { "uv": [ 8.5, 13.5, 7.5, 15.5 ], "texture": "#down" },
        "south": { "uv": [ 7.5, 13.5, 8.5, 15.5 ], "texture": "#down" },
        "west":  { "uv": [ 8, 13.5, 9, 15.5 ], "texture": "#down" },
        "east":  { "uv": [ 9, 13.5, 8, 15.5 ], "texture": "#down" }
    }
},
{
    "from": [ 8.5, 0, 5.5 ],
    "to": [ 9.5, 0.5, 7.5 ],
    "__comment": "Mid",
    "faces": {
        "down":  { "uv": [ 8.5, 7.5, 9.5, 5.5 ], "texture": "#down" },
        "up":    { "uv": [ 8.5, 5.5, 9.5, 7.5 ], "texture": "#down" },
        "north": { "uv": [ 9.5, 15.5, 8.5, 16 ], "texture": "#down" },
        "south": { "uv": [ 8.5, 15.5, 9.5, 16 ], "texture": "#down" },
        "west":  { "uv": [ 5.5, 15.5, 7.5, 16 ], "texture": "#down" },
        "east":  { "uv": [ 7.5, 15.5, 5.5, 16 ], "texture": "#down" }
    }
},
{
    "from": [ 9.5, 0, 3 ],
    "to": [ 11, 1, 4.5 ],
    "__comment": "Mid",
    "faces": {
        "down":  { "uv": [ 9.5, 4.5, 11, 3 ], "texture": "#down" },
        "up":    { "uv": [ 9.5, 3, 11, 4.5 ], "texture": "#down" },
        "north": { "uv": [ 11, 15, 9.5, 16 ], "texture": "#down" },
        "south": { "uv": [ 9.5, 15, 11, 16 ], "texture": "#down" },
        "west":  { "uv": [ 3, 15, 4.5, 16 ], "texture": "#down" },
        "east":  { "uv": [ 4.5, 15, 3, 16 ], "texture": "#down" }
    }
},
{
    "from": [ 10, 1, 3.5 ],
    "to": [ 11, 2.5, 4.5 ],
    "__comment": "Mid",
    "faces": {
        "down":  { "uv": [ 10, 4.5, 11, 3.5 ], "texture": "#down" },
        "up":    { "uv": [ 10, 3.5, 11, 4.5 ], "texture": "#down" },
        "north": { "uv": [ 11, 13.5, 10, 15 ], "texture": "#down" },
        "south": { "uv": [ 10, 13.5, 11, 15 ], "texture": "#down" },
        "west":  { "uv": [ 3.5, 13.5, 4.5, 15 ], "texture": "#down" },
        "east":  { "uv": [ 4.5, 13.5, 3.5, 15 ], "texture": "#down" }
    }
},
{
    "from": [ 10, 0, 3.5 ],
    "to": [ 11.5, 0.5, 5 ],
    "__comment": "Mid",
    "faces": {
        "down":  { "uv": [ 10, 5, 11.5, 3.5 ], "texture": "#down" },
        "up":    { "uv": [ 10, 3.5, 11.5, 5 ], "texture": "#down" },
        "north": { "uv": [ 11.5, 15.5, 10, 16 ], "texture": "#down" },
        "south": { "uv": [ 10, 15.5, 11.5, 16 ], "texture": "#down" },
        "west":  { "uv": [ 3.5, 15.5, 5, 16 ], "texture": "#down" },
        "east":  { "uv": [ 5, 15.5, 3.5, 16 ], "texture": "#down" }
    }
},
{
    "from": [ 5, 2, 5.5 ],
    "to": [ 6, 4.5, 6.5 ],
    "__comment": "Mid",
    "faces": {
        "down":  { "uv": [ 5, 6.5, 6, 5.5 ], "texture": "#down" },
        "up":    { "uv": [ 5, 5.5, 6, 6.5 ], "texture": "#down" },
        "north": { "uv": [ 6, 11.5, 5, 14 ], "texture": "#down" },
        "south": { "uv": [ 5, 11.5, 6, 14 ], "texture": "#down" },
        "west":  { "uv": [ 5.5, 11.5, 6.5, 14 ], "texture": "#down" },
        "east":  { "uv": [ 6.5, 11.5, 5.5, 14 ], "texture": "#down" }
    }
},
{
    "from": [ 3.5, 4, 5 ],
    "to": [ 6, 5.5, 8 ],
    "__comment": "Red",
    "faces": {
        "down":  { "uv": [ 3.5, 8, 6, 5 ], "texture": "#down" },
        "up":    { "uv": [ 3.5, 5, 6, 8 ], "texture": "#north" },
        "north": { "uv": [ 6, 10.5, 3.5, 12 ], "texture": "#north" },
        "south": { "uv": [ 3.5, 10.5, 6, 12 ], "texture": "#north" },
        "west":  { "uv": [ 5, 10.5, 8, 12 ], "texture": "#north" },
        "east":  { "uv": [ 8, 10.5, 5, 12 ], "texture": "#north" }
    }
},
{
    "from": [ 5, 4, 5 ],
    "to": [ 7.5, 5, 8 ],
    "__comment": "Red",
    "faces": {
        "down":  { "uv": [ 5, 8, 7.5, 5 ], "texture": "#down" },
        "up":    { "uv": [ 5, 5, 7.5, 8 ], "texture": "#north" },
        "north": { "uv": [ 7.5, 11, 5, 12 ], "texture": "#north" },
        "south": { "uv": [ 5, 11, 7.5, 12 ], "texture": "#north" },
        "west":  { "uv": [ 5, 11, 8, 12 ], "texture": "#north" },
        "east":  { "uv": [ 8, 11, 5, 12 ], "texture": "#north" }
    }
},
{
    "from": [ 4, 4, 6.5 ],
    "to": [ 7, 5.5, 8.5 ],
    "__comment": "Red",
    "faces": {
        "down":  { "uv": [ 4, 8.5, 7, 6.5 ], "texture": "#down" },
        "up":    { "uv": [ 4, 6.5, 7, 8.5 ], "texture": "#north" },
        "north": { "uv": [ 7, 10.5, 4, 12 ], "texture": "#north" },
        "south": { "uv": [ 4, 10.5, 7, 12 ], "texture": "#north" },
        "west":  { "uv": [ 6.5, 10.5, 8.5, 12 ], "texture": "#north" },
        "east":  { "uv": [ 8.5, 10.5, 6.5, 12 ], "texture": "#north" }
    }
},
{
    "from": [ 4, 4, 4.5 ],
    "to": [ 7, 5, 6.5 ],
    "__comment": "Red",
    "faces": {
        "down":  { "uv": [ 4, 6.5, 7, 4.5 ], "texture": "#down" },
        "up":    { "uv": [ 4, 4.5, 7, 6.5 ], "texture": "#north" },
        "north": { "uv": [ 7, 11, 4, 12 ], "texture": "#north" },
        "south": { "uv": [ 4, 11, 7, 12 ], "texture": "#north" },
        "west":  { "uv": [ 4.5, 11, 6.5, 12 ], "texture": "#north" },
        "east":  { "uv": [ 6.5, 11, 4.5, 12 ], "texture": "#north" }
    }
},
{
    "from": [ 7.5, 3.5, 7.5 ],
    "to": [ 9.5, 4.5, 10.5 ],
    "__comment": "Red",
    "faces": {
        "down":  { "uv": [ 7.5, 10.5, 9.5, 7.5 ], "texture": "#down" },
        "up":    { "uv": [ 7.5, 7.5, 9.5, 10.5 ], "texture": "#north" },
        "north": { "uv": [ 9.5, 11.5, 7.5, 12.5 ], "texture": "#north" },
        "south": { "uv": [ 7.5, 11.5, 9.5, 12.5 ], "texture": "#north" },
        "west":  { "uv": [ 7.5, 11.5, 10.5, 12.5 ], "texture": "#north" },
        "east":  { "uv": [ 10.5, 11.5, 7.5, 12.5 ], "texture": "#north" }
    }
},
{
    "from": [ 7, 3.5, 8 ],
    "to": [ 10, 4.5, 10 ],
    "__comment": "Red",
    "faces": {
        "down":  { "uv": [ 7, 10, 10, 8 ], "texture": "#down" },
        "up":    { "uv": [ 7, 8, 10, 10 ], "texture": "#north" },
        "north": { "uv": [ 10, 11.5, 7, 12.5 ], "texture": "#north" },
        "south": { "uv": [ 7, 11.5, 10, 12.5 ], "texture": "#north" },
        "west":  { "uv": [ 8, 11.5, 10, 12.5 ], "texture": "#north" },
        "east":  { "uv": [ 10, 11.5, 8, 12.5 ], "texture": "#north" }
    }
},
{
    "from": [ 7.5, 4.5, 8 ],
    "to": [ 9.5, 5, 10 ],
    "__comment": "Red",
    "faces": {
        "down":  { "uv": [ 7.5, 10, 9.5, 8 ], "texture": "#down" },
        "up":    { "uv": [ 7.5, 8, 9.5, 10 ], "texture": "#north" },
        "north": { "uv": [ 9.5, 11, 7.5, 11.5 ], "texture": "#north" },
        "south": { "uv": [ 7.5, 11, 9.5, 11.5 ], "texture": "#north" },
        "west":  { "uv": [ 8, 11, 10, 11.5 ], "texture": "#north" },
        "east":  { "uv": [ 10, 11, 8, 11.5 ], "texture": "#north" }
    }
},
{
    "from": [ 4.5, 5.5, 6.5 ],
    "to": [ 6, 6, 8 ],
    "__comment": "Red",
    "faces": {
        "down":  { "uv": [ 4.5, 8, 6, 6.5 ], "texture": "#down" },
        "up":    { "uv": [ 4.5, 6.5, 6, 8 ], "texture": "#north" },
        "north": { "uv": [ 6, 10, 4.5, 10.5 ], "texture": "#north" },
        "south": { "uv": [ 4.5, 10, 6, 10.5 ], "texture": "#north" },
        "west":  { "uv": [ 6.5, 10, 8, 10.5 ], "texture": "#north" },
        "east":  { "uv": [ 8, 10, 6.5, 10.5 ], "texture": "#north" }
    }
},
{
    "from": [ 4.5, 3.5, 6 ],
    "to": [ 5.5, 4.5, 7 ],
    "__comment": "Mid*",
    "faces": {
        "down":  { "uv": [ 4.5, 7, 5.5, 6 ], "texture": "#down" },
        "up":    { "uv": [ 4.5, 6, 5.5, 7 ], "texture": "#down" },
        "north": { "uv": [ 5.5, 11.5, 4.5, 12.5 ], "texture": "#down" },
        "south": { "uv": [ 4.5, 11.5, 5.5, 12.5 ], "texture": "#down" },
        "west":  { "uv": [ 6, 11.5, 7, 12.5 ], "texture": "#down" },
        "east":  { "uv": [ 7, 11.5, 6, 12.5 ], "texture": "#down" }
    }
},
{
    "from": [ 9.875, 2, 3.1875 ],
    "to": [ 11.875, 3, 5.1875 ],
    "__comment": "Red*",
    "faces": {
        "down":  { "uv": [ 10, 5.5, 12, 3.5 ], "texture": "#down" },
        "up":    { "uv": [ 10, 3.5, 12, 5.5 ], "texture": "#north" },
        "north": { "uv": [ 12, 13, 10, 14 ], "texture": "#north" },
        "south": { "uv": [ 10, 13, 12, 14 ], "texture": "#north" },
        "west":  { "uv": [ 3.5, 13, 5.5, 14 ], "texture": "#north" },
        "east":  { "uv": [ 5.5, 13, 3.5, 14 ], "texture": "#north" }
    }
},
{
    "from": [ 9.6875, 2.8125, 2.875 ],
    "to": [ 11.6875, 3.8125, 4.875 ],
    "__comment": "Red*",
    "faces": {
        "down":  { "uv": [ 9.5, 4.5, 11.5, 2.5 ], "texture": "#down" },
        "up":    { "uv": [ 10, 3, 12, 5 ], "texture": "#north" },
        "north": { "uv": [ 11.5, 12, 9.5, 13 ], "texture": "#north" },
        "south": { "uv": [ 9.5, 12, 11.5, 13 ], "texture": "#north" },
        "west":  { "uv": [ 2.5, 12, 4.5, 13 ], "texture": "#north" },
        "east":  { "uv": [ 4.5, 12, 2.5, 13 ], "texture": "#north" }
    }
},
{
    "from": [ 9.5, 2, 2.5 ],
    "to": [ 11.5, 3.5625, 4.5 ],
    "__comment": "Red*",
    "faces": {
        "down":  { "uv": [ 9.5, 4.5, 11.5, 2.5 ], "texture": "#down" },
        "up":    { "uv": [ 9.5, 2.5, 11.5, 4.5 ], "texture": "#north" },
        "north": { "uv": [ 11.5, 12.4375, 9.5, 14 ], "texture": "#north" },
        "south": { "uv": [ 9.5, 12.4375, 11.5, 14 ], "texture": "#north" },
        "west":  { "uv": [ 2.5, 12.4375, 4.5, 14 ], "texture": "#north" },
        "east":  { "uv": [ 4.5, 12.4375, 2.5, 14 ], "texture": "#north" }
    }
}
]
}