{
"__comment": "Fair warning, this format is highly likely to change even more in the future!",
"ambientocclusion": false,
"textures": {
    "particle": "blocks/planks_spruce",
    "side": "blocks/spruce_fence",
    "top": "blocks/spruce_fence_top"
},
"elements": [ 
{
    "from": [ 6, 0, 6 ],
    "to": [ 10, 16, 10 ],
    "__comment": "Center post",
    "faces": {
        "down":  { "uv": [ 6, 10, 10, 6 ], "texture": "#top", "cullface": "down" },
        "up":    { "uv": [ 6, 6, 10, 10 ], "texture": "#top" },
        "north": { "uv": [ 10, 0, 6, 16 ], "texture": "#side" },
        "south": { "uv": [ 6, 0, 10, 16 ], "texture": "#side" },
        "west":  { "uv": [ 6, 0, 10, 16 ], "texture": "#side" },
        "east":  { "uv": [ 10, 0, 6, 16 ], "texture": "#side" }
    }
},
{
    "from": [ 6.5, 13, 0 ],
    "to": [ 9.5, 15, 6 ],
    "__comment": "NStrats",
    "faces": {
        "down":  { "uv": [ 6.5, 6, 9.5, 0 ], "texture": "#top", "cullface": "down" },
        "up":    { "uv": [ 6.5, 0, 9.5, 6 ], "texture": "#top" },
        "north": { "uv": [ 9.5, 1, 6.5, 3 ], "texture": "#side", "cullface": "north" },
        "west":  { "uv": [ 0, 1, 6, 3 ], "texture": "#side" },
        "east":  { "uv": [ 6, 1, 0, 3 ], "texture": "#side" }
    }
},
{
    "from": [ 6.5, 1, 0 ],
    "to": [ 9.5, 3, 6 ],
    "__comment": "NStrats",
    "faces": {
        "down":  { "uv": [ 6.5, 6, 9.5, 0 ], "texture": "#top", "cullface": "down" },
        "up":    { "uv": [ 6.5, 0, 9.5, 6 ], "texture": "#top" },
        "north": { "uv": [ 9.5, 13, 6.5, 15 ], "texture": "#side", "cullface": "north" },
        "west":  { "uv": [ 0, 13, 6, 15 ], "texture": "#side" },
        "east":  { "uv": [ 6, 13, 0, 15 ], "texture": "#side" }
    }
},
{
    "from": [ 10, 13, 6.5 ],
    "to": [ 16, 15, 9.5 ],
    "__comment": "EStrats",
    "faces": {
        "down":  { "uv": [ 10, 9.5, 16, 6.5 ], "texture": "#top", "cullface": "down" },
        "up":    { "uv": [ 10, 6.5, 16, 9.5 ], "texture": "#top" },
        "north": { "uv": [ 16, 1, 10, 3 ], "texture": "#side", "cullface": "north" },
        "south": { "uv": [ 10, 1, 16, 3 ], "texture": "#side", "cullface": "south" },
        "east":  { "uv": [ 9.5, 1, 6.5, 3 ], "texture": "#side" }
    }
},
{
    "from": [ 10, 1, 6.5 ],
    "to": [ 16, 3, 9.5 ],
    "__comment": "EStrats",
    "faces": {
        "down":  { "uv": [ 10, 9.5, 16, 6.5 ], "texture": "#top", "cullface": "down" },
        "up":    { "uv": [ 10, 6.5, 16, 9.5 ], "texture": "#top" },
        "north": { "uv": [ 16, 13, 10, 15 ], "texture": "#side", "cullface": "north" },
        "south": { "uv": [ 10, 13, 16, 15 ], "texture": "#side", "cullface": "south" },
        "east":  { "uv": [ 9.5, 13, 6.5, 15 ], "texture": "#side" }
    }
},
{
    "from": [ 7, 3, 0 ],
    "to": [ 9, 13, 1 ],
    "__comment": "NVerts*",
    "faces": {
        "north": { "uv": [ 9, 3, 7, 13 ], "texture": "#side" },
        "south": { "uv": [ 7, 3, 9, 13 ], "texture": "#side" },
        "west":  { "uv": [ 0, 3, 1, 13 ], "texture": "#side" },
        "east":  { "uv": [ 1, 3, 0, 13 ], "texture": "#side" }
    }
},
{
    "from": [ 7, 3, 2.5 ],
    "to": [ 9, 13, 4.5 ],
    "__comment": "NVerts*",
    "faces": {
        "north": { "uv": [ 9, 3, 7, 13 ], "texture": "#side" },
        "south": { "uv": [ 7, 3, 9, 13 ], "texture": "#side" },
        "west":  { "uv": [ 2.5, 3, 4.5, 13 ], "texture": "#side" },
        "east":  { "uv": [ 4.5, 3, 2.5, 13 ], "texture": "#side" }
    }
},
{
    "from": [ 15, 3, 7 ],
    "to": [ 16, 13, 9 ],
    "__comment": "EVerts*",
    "faces": {
        "north": { "uv": [ 16, 3, 15, 13 ], "texture": "#side" },
        "south": { "uv": [ 15, 3, 16, 13 ], "texture": "#side" },
        "west":  { "uv": [ 7, 3, 9, 13 ], "texture": "#side" },
        "east":  { "uv": [ 9, 3, 7, 13 ], "texture": "#side" }
    }
},
{
    "from": [ 11.5, 3, 7 ],
    "to": [ 13.5, 13, 9 ],
    "__comment": "EVerts*",
    "faces": {
        "north": { "uv": [ 13.5, 3, 11.5, 13 ], "texture": "#side" },
        "south": { "uv": [ 11.5, 3, 13.5, 13 ], "texture": "#side" },
        "west":  { "uv": [ 7, 3, 9, 13 ], "texture": "#side" },
        "east":  { "uv": [ 9, 3, 7, 13 ], "texture": "#side" }
    }
}
]
}