{
"__comment": "Fair warning, this format is highly likely to change even more in the future!",
"ambientocclusion": false,
"textures": {
    "particle": "blocks/planks_spruce",
    "side": "blocks/spruce_fence",
    "top": "blocks/spruce_fence_top"
},
"elements": [ 
{
    "from": [ 0, 13, 2 ],
    "to": [ 3, 15, 9.5 ],
    "__comment": "WStrats",
    "faces": {
        "down":  { "uv": [ 6, 9, 9, 1.5 ], "texture": "#side", "cullface": "down" },
        "up":    { "uv": [ 7, 4.5, 10, 12 ], "texture": "#side" },
        "north": { "uv": [ 10.5, 7, 7.5, 9 ], "texture": "#top", "cullface": "north" },
        "south": { "uv": [ 6.5, 7.5, 9.5, 9.5 ], "texture": "#top", "cullface": "south" },
        "west":  { "uv": [ 8.5, 12, 16, 14 ], "texture": "#top" },
        "east":  { "uv": [ 7.5, 4, 0, 6 ], "texture": "#top" }
    }
},
{
    "from": [ 0, 1, 2 ],
    "to": [ 3, 3, 9.5 ],
    "__comment": "WStrats",
    "faces": {
        "down":  { "uv": [ 6.5, 14, 9.5, 6.5 ], "texture": "#side", "cullface": "down" },
        "up":    { "uv": [ 6.5, 4.5, 9.5, 12 ], "texture": "#side" },
        "north": { "uv": [ 10.5, 6, 7.5, 8 ], "texture": "#top", "cullface": "north" },
        "south": { "uv": [ 12.5, 8, 15.5, 10 ], "texture": "#top", "cullface": "south" },
        "west":  { "uv": [ 0, 3.5, 7.5, 5.5 ], "texture": "#top" },
        "east":  { "uv": [ 7.5, 12.5, 0, 14.5 ], "texture": "#top" }
    }
},
{
    "from": [ 0, 3, 7 ],
    "to": [ 2, 13, 9 ],
    "__comment": "WVerts",
    "faces": {
        "north": { "uv": [ 4, 3, 2, 13 ], "texture": "#side" },
        "south": { "uv": [ 2, 3, 4, 13 ], "texture": "#side" },
        "west":  { "uv": [ 7, 3, 9, 13 ], "texture": "#side" },
        "east":  { "uv": [ 9, 3, 7, 13 ], "texture": "#side" }
    }
},
{
    "from": [ 0.5, 3, 3.5 ],
    "to": [ 2.5, 13, 5.5 ],
    "__comment": "WVerts",
    "faces": {
        "north": { "uv": [ 8, 3, 6, 13 ], "texture": "#side" },
        "south": { "uv": [ 6, 3, 8, 13 ], "texture": "#side" },
        "west":  { "uv": [ 7, 3, 9, 13 ], "texture": "#side" },
        "east":  { "uv": [ 9, 3, 7, 13 ], "texture": "#side" }
    }
},
{
    "from": [ 13, 13, 2 ],
    "to": [ 16, 15, 9.5 ],
    "__comment": "EStrats",
    "faces": {
        "down":  { "uv": [ 6, 7.5, 9, 0 ], "texture": "#side", "cullface": "down" },
        "up":    { "uv": [ 6.5, 7.5, 9.5, 15 ], "texture": "#side" },
        "north": { "uv": [ 16, 1, 13, 3 ], "texture": "#top", "cullface": "north" },
        "south": { "uv": [ 13, 0.5, 16, 2.5 ], "texture": "#top", "cullface": "south" },
        "west":  { "uv": [ 0, 10.5, 7.5, 12.5 ], "texture": "#top" },
        "east":  { "uv": [ 7.5, 8, 0, 10 ], "texture": "#top" }
    }
},
{
    "from": [ 13, 1, 2 ],
    "to": [ 16, 3, 9.5 ],
    "__comment": "EStrats",
    "faces": {
        "down":  { "uv": [ 6.5, 7.5, 9.5, 0 ], "texture": "#side", "cullface": "down" },
        "up":    { "uv": [ 6.5, 0, 9.5, 7.5 ], "texture": "#side" },
        "north": { "uv": [ 10, 8, 7, 10 ], "texture": "#top", "cullface": "north" },
        "south": { "uv": [ 13, 0, 16, 2 ], "texture": "#top", "cullface": "south" },
        "west":  { "uv": [ 0, 14, 7.5, 16 ], "texture": "#top" },
        "east":  { "uv": [ 7.5, 4, 0, 6 ], "texture": "#top" }
    }
},
{
    "from": [ 14, 3, 7 ],
    "to": [ 16, 13, 9 ],
    "__comment": "EVerts*",
    "faces": {
        "north": { "uv": [ 14, 3, 12, 13 ], "texture": "#side" },
        "south": { "uv": [ 12, 3, 14, 13 ], "texture": "#side" },
        "west":  { "uv": [ 7, 3, 9, 13 ], "texture": "#side" },
        "east":  { "uv": [ 9, 3, 7, 13 ], "texture": "#side" }
    }
},
{
    "from": [ 13.5, 3, 3.5 ],
    "to": [ 15.5, 13, 5.5 ],
    "__comment": "EVerts*",
    "faces": {
        "north": { "uv": [ 10, 3, 8, 13 ], "texture": "#side" },
        "south": { "uv": [ 8, 3, 10, 13 ], "texture": "#side" },
        "west":  { "uv": [ 7, 3, 9, 13 ], "texture": "#side" },
        "east":  { "uv": [ 9, 3, 7, 13 ], "texture": "#side" }
    }
}
]
}