{
"__comment": "Fair warning, this format is highly likely to change even more in the future!",
"ambientocclusion": false,
"inventoryRender3D": false,
"textures": {
    "texture": "blocks/trapdoor",
    "particle": "blocks/trapdoor"
},
"elements": [ 
{
    "from": [ 3, 3, 14.375 ],
    "to": [ 13, 13, 14.4375 ],
    "__comment": "PlaneZ*",
    "faces": {
        "north": { "uv": [ 13, 3, 3, 13 ], "texture": "#texture" },
        "south": { "uv": [ 3, 3, 13, 13 ], "texture": "#texture" }
    }
},
{
    "from": [ 3, 3, 14.625 ],
    "to": [ 13, 13, 14.6875 ],
    "__comment": "PlaneZ*",
    "faces": {
        "north": { "uv": [ 13, 3, 3, 13 ], "texture": "#texture" },
        "south": { "uv": [ 3, 3, 13, 13 ], "texture": "#texture" }
    }
},
{
    "from": [ 3, 3, 14.5 ],
    "to": [ 13, 13, 14.5625 ],
    "__comment": "PlaneZ",
    "faces": {
        "north": { "uv": [ 13, 3, 3, 13 ], "texture": "#texture" },
        "south": { "uv": [ 3, 3, 13, 13 ], "texture": "#texture" }
    }
},
{
    "from": [ 13, 3, 13 ],
    "to": [ 16, 13, 16 ],
    "faces": {
        "down":  { "uv": [ 13, 16, 16, 13 ], "texture": "#texture" },
        "up":    { "uv": [ 13, 13, 16, 16 ], "texture": "#texture" },
        "north": { "uv": [ 16, 3, 13, 13 ], "texture": "#texture" },
        "south": { "uv": [ 13, 3, 16, 13 ], "texture": "#texture" },
        "west":  { "uv": [ 13, 3, 16, 13 ], "texture": "#texture" },
        "east":  { "uv": [ 16, 3, 13, 13 ], "texture": "#texture" }
    }
},
{
    "from": [ 0, 0, 13 ],
    "to": [ 16, 3, 16 ],
    "faces": {
        "down":  { "uv": [ 0, 16, 16, 13 ], "texture": "#texture" },
        "up":    { "uv": [ 0, 13, 16, 16 ], "texture": "#texture" },
        "north": { "uv": [ 16, 13, 0, 16 ], "texture": "#texture" },
        "south": { "uv": [ 0, 13, 16, 16 ], "texture": "#texture" },
        "west":  { "uv": [ 13, 13, 16, 16 ], "texture": "#texture" },
        "east":  { "uv": [ 16, 13, 13, 16 ], "texture": "#texture" }
    }
},
{
    "from": [ 0, 3, 13 ],
    "to": [ 3, 13, 16 ],
    "faces": {
        "down":  { "uv": [ 0, 16, 3, 13 ], "texture": "#texture" },
        "up":    { "uv": [ 0, 13, 3, 16 ], "texture": "#texture" },
        "north": { "uv": [ 3, 3, 0, 13 ], "texture": "#texture" },
        "south": { "uv": [ 0, 3, 3, 13 ], "texture": "#texture" },
        "west":  { "uv": [ 13, 3, 16, 13 ], "texture": "#texture" },
        "east":  { "uv": [ 16, 3, 13, 13 ], "texture": "#texture" }
    }
},
{
    "from": [ 0, 13, 13 ],
    "to": [ 16, 16, 16 ],
    "faces": {
        "down":  { "uv": [ 0, 16, 16, 13 ], "texture": "#texture" },
        "up":    { "uv": [ 0, 13, 16, 16 ], "texture": "#texture" },
        "north": { "uv": [ 16, 0, 0, 3 ], "texture": "#texture" },
        "south": { "uv": [ 0, 0, 16, 3 ], "texture": "#texture" },
        "west":  { "uv": [ 13, 0, 16, 3 ], "texture": "#texture" },
        "east":  { "uv": [ 16, 0, 13, 3 ], "texture": "#texture" }
    }
}
]
}