{
"__comment": "Fair warning, this format is highly likely to change even more in the future!",
"ambientocclusion": false,
"inventoryRender3D": false,
"textures": {
    "texture": "blocks/trapdoor",
    "particle": "blocks/trapdoor"
},
"elements": [ 
{
    "from": [ 3, 1.3125, 3 ],
    "to": [ 13, 1.375, 13 ],
    "__comment": "PlaneY*",
    "faces": {
        "down":  { "uv": [ 3, 13, 13, 3 ], "texture": "#texture" },
        "up":    { "uv": [ 3, 3, 13, 13 ], "texture": "#texture" }
    }
},
{
    "from": [ 3, 1.5625, 3 ],
    "to": [ 13, 1.625, 13 ],
    "__comment": "PlaneY*",
    "faces": {
        "down":  { "uv": [ 3, 13, 13, 3 ], "texture": "#texture" },
        "up":    { "uv": [ 3, 3, 13, 13 ], "texture": "#texture" }
    }
},
{
    "from": [ 3, 1.4375, 3 ],
    "to": [ 13, 1.5, 13 ],
    "__comment": "PlaneY",
    "faces": {
        "down":  { "uv": [ 3, 13, 13, 3 ], "texture": "#texture" },
        "up":    { "uv": [ 3, 3, 13, 13 ], "texture": "#texture" }
    }
},
{
    "from": [ 0, 0, 13 ],
    "to": [ 16, 3, 16 ],
    "faces": {
        "down":  { "uv": [ 0, 16, 16, 13 ], "texture": "#texture" },
        "up":    { "uv": [ 0, 13, 16, 16 ], "texture": "#texture" },
        "north": { "uv": [ 16, 13, 0, 16 ], "texture": "#texture" },
        "south": { "uv": [ 0, 13, 16, 16 ], "texture": "#texture" },
        "west":  { "uv": [ 13, 13, 16, 16 ], "texture": "#texture" },
        "east":  { "uv": [ 16, 13, 13, 16 ], "texture": "#texture" }
    }
},
{
    "from": [ 13, 0, 3 ],
    "to": [ 16, 3, 13 ],
    "faces": {
        "down":  { "uv": [ 13, 13, 16, 3 ], "texture": "#texture" },
        "up":    { "uv": [ 13, 3, 16, 13 ], "texture": "#texture" },
        "north": { "uv": [ 16, 13, 13, 16 ], "texture": "#texture" },
        "south": { "uv": [ 13, 13, 16, 16 ], "texture": "#texture" },
        "west":  { "uv": [ 3, 13, 13, 16 ], "texture": "#texture" },
        "east":  { "uv": [ 13, 13, 3, 16 ], "texture": "#texture" }
    }
},
{
    "from": [ 0, 0, 3 ],
    "to": [ 3, 3, 13 ],
    "faces": {
        "down":  { "uv": [ 0, 13, 3, 3 ], "texture": "#texture" },
        "up":    { "uv": [ 0, 3, 3, 13 ], "texture": "#texture" },
        "north": { "uv": [ 3, 13, 0, 16 ], "texture": "#texture" },
        "south": { "uv": [ 0, 13, 3, 16 ], "texture": "#texture" },
        "west":  { "uv": [ 3, 13, 13, 16 ], "texture": "#texture" },
        "east":  { "uv": [ 13, 13, 3, 16 ], "texture": "#texture" }
    }
},
{
    "from": [ 0, 0, 0 ],
    "to": [ 16, 3, 3 ],
    "faces": {
        "down":  { "uv": [ 0, 3, 16, 0 ], "texture": "#texture" },
        "up":    { "uv": [ 0, 0, 16, 3 ], "texture": "#texture" },
        "north": { "uv": [ 16, 13, 0, 16 ], "texture": "#texture" },
        "south": { "uv": [ 0, 13, 16, 16 ], "texture": "#texture" },
        "west":  { "uv": [ 0, 13, 3, 16 ], "texture": "#texture" },
        "east":  { "uv": [ 3, 13, 0, 16 ], "texture": "#texture" }
    }
}
]
}