{
"__comment": "3D Mesh designed with BDcraft Cubik - Version PRO 0.4.1 Beta",
"textures": {
    "particle": "blocks/redstone_torch_off",
    "top": "blocks/redstone_torch_off",
    "bottom": "blocks/redstone_torch_off",
    "end": "blocks/redstone_torch_off",
    "side": "blocks/redstone_torch_off"
},
"elements": [ 
{
"from":[0,0,5.5],
"to":[1,5.5,10.5],
"__comment":"piedistallo",
"faces":{
"down":{ "uv":[10,0,11,5],"texture":"#top" },
"up":{ "uv":[10,0,11,5],"texture":"#top" },
"north":{ "uv":[10,0,11,5.5],"texture":"#top" },
"south":{ "uv":[10,0,11,5.5],"texture":"#top" },
"west":{ "uv":[10,0,15,5.5],"texture":"#top" },
"east":{ "uv":[10,0,15,5.5],"texture":"#top" }}},
{
"from":[1,0.5,7.5],
"to":[3.5,1.5,8.5],
"__comment":"piedistallo",
"faces":{
"down":{ "uv":[10.5,0.5,13,1.5],"texture":"#top" },
"up":{ "uv":[10.5,0.5,13,1.5],"texture":"#top" },
"north":{ "uv":[10.5,0.5,13,1.5],"texture":"#top" },
"south":{ "uv":[10.5,0.5,13,1.5],"texture":"#top" },
"west":{ "uv":[10,0,11,1],"texture":"#top" },
"east":{ "uv":[10,0,11,1],"texture":"#top" }}},
{
"from":[3.5,0.5,7.5],
"to":[4.5,2.5,8.5],
"__comment":"piedistallo",
"faces":{
"down":{ "uv":[10,0,11,1],"texture":"#top" },
"up":{ "uv":[10,0,11,1],"texture":"#top" },
"north":{ "uv":[10,0,11,2],"texture":"#top" },
"south":{ "uv":[10,0,11,2],"texture":"#top" },
"west":{ "uv":[10,0,11,2],"texture":"#top" },
"east":{ "uv":[10,0,11,2],"texture":"#top" }}
},
{
    "type": "cube",
	"__comment":"stoppino",
    "from": [ 3.75, 12.5, 7.75 ],
    "to": [ 4.25, 13.5, 8.25 ],
    "faces": {
        "down": {
            "uv": [8,5.5,8.5,6],
            "texture": "#top",
            "cull": false
        },
        "up": {
            "uv": [8,5.5,8.5,6],
            "texture": "#top",
            "cull": false
        },
        "north": {
            "uv": [8,5.5,8.5,6],
            "texture": "#top",
            "cull": false
        },
        "south": {
            "uv": [8,5.5,8.5,6],
            "texture": "#top",
            "cull": false
        },
        "west": {
            "uv": [8,5.5,8.5,6],
            "texture": "#top",
            "cull": false
        },
        "east": {
            "uv": [8,5.5,8.5,6],
            "texture": "#top",
            "cull": false
        }
    }
},
{

"__comment":"candle",
"from":[2.75,4.5,6.75],
"to":[5.25,5,9.25],
"faces":{
"down":{ "uv":[13,15.5,15.5,13],"texture":"#top" },
"up":{ "uv":[13,13,15.5,15.5],"texture":"#top" },
"north":{ "uv":[9.5,13.5,7,14],"texture":"#top" },
"south":{ "uv":[7,13.5,9.5,14],"texture":"#top" },
"west":{ "uv":[7,13.5,9.5,14],"texture":"#top" },
"east":{ "uv":[9.5,13.5,7,14],"texture":"#top" }}},
{
"from":[5.25,5,6.25],
"to":[5.25,12.5,9.75],
"__comment":"PlaneX",
"faces":{
"west":{ "uv":[6.5,6,10,13.5],"texture":"#top" },
"east":{ "uv":[6.5,6,10,13.5],"texture":"#top" }}},
{
"from":[2.25,5,9.25],
"to":[5.75,12.5,9.25],
"__comment":"PlaneZ",
"faces":{
"north":{ "uv":[6.5,6,10,13.5],"texture":"#top" },
"south":{ "uv":[6.5,6,10,13.5],"texture":"#top" }}},
{
"from":[2.25,5,6.75],
"to":[5.75,12.5,6.75],
"__comment":"PlaneZ",
"faces":{
"north":{ "uv":[6.5,6,10,13.5],"texture":"#top" },
"south":{ "uv":[6.5,6,10,13.5],"texture":"#top" }}},
{
"from":[2.75,5,6.25],
"to":[2.75,12.5,9.75],
"__comment":"PlaneX",
"faces":{
"west":{ "uv":[6.5,6,10,13.5],"texture":"#top" },
"east":{ "uv":[6.5,6,10,13.5],"texture":"#top" }}


},
{
    "type": "cube",
    "from": [ 5.25, 4.5, 8.25 ],
    "to": [ 5.75, 5, 8.75 ],
    "faces": {
        "down": {
            "uv": [ 9, 14, 9.5, 14.5 ],
            "texture": "#top",
            "cull": false
        },
        "up": {
            "uv": [ 9, 14, 9.5, 14.5 ],
            "texture": "#top",
            "cull": false
        },
        "north": {
            "uv": [ 9.5, 13.5, 10, 14 ],
            "texture": "#top",
            "cull": false
        },
        "south": {
            "uv": [ 9.5, 13.5, 10, 14 ],
            "texture": "#top",
            "cull": false
        },
        "west": {
            "uv": [ 8.5, 13.5, 9, 14 ],
            "texture": "#top",
            "cull": false
        },
        "east": {
            "uv": [ 8.5, 13.5, 9, 14 ],
            "texture": "#top",
            "cull": false
        }
    }
},
{
    "type": "cube",
    "from": [ 5.25, 4.5, 7.25 ],
    "to": [ 5.75, 5, 7.75 ],
    "faces": {
        "down": {
            "uv": [ 9, 14, 9.5, 14.5 ],
            "texture": "#top",
            "cull": false
        },
        "up": {
            "uv": [ 9, 14, 9.5, 14.5 ],
            "texture": "#top",
            "cull": false
        },
        "north": {
            "uv": [ 9.5, 13.5, 10, 14 ],
            "texture": "#top",
            "cull": false
        },
        "south": {
            "uv": [ 9.5, 13.5, 10, 14 ],
            "texture": "#top",
            "cull": false
        },
        "west": {
            "uv": [ 7.5, 13.5, 8, 14 ],
            "texture": "#top",
            "cull": false
        },
        "east": {
            "uv": [ 7.5, 13.5, 8, 14 ],
            "texture": "#top",
            "cull": false
        }
    }
},
{
    "type": "cube",
    "from": [ 4.25, 4.5, 9.25 ],
    "to": [ 4.75, 5, 9.75 ],
    "faces": {
        "down": {
            "uv": [ 9, 14, 9.5, 14.5 ],
            "texture": "#top",
            "cull": false
        },
        "up": {
            "uv": [ 9, 14, 9.5, 14.5 ],
            "texture": "#top",
            "cull": false
        },
        "north": {
            "uv": [ 8.5, 13.5, 9, 14 ],
            "texture": "#top",
            "cull": false
        },
        "south": {
            "uv": [ 8.5, 13.5, 9, 14 ],
            "texture": "#top",
            "cull": false
        },
        "west": {
            "uv": [ 9.5, 13.5, 10, 14 ],
			"texture": "#top",
            "cull": false
        },
        "east": {
            "uv": [ 9.5, 13.5, 10, 14 ],
            "texture": "#top",
            "cull": false
        }
    }
},
{
    "type": "cube",
    "from": [ 3.25, 4.5, 9.25 ],
    "to": [ 3.75, 5, 9.75 ],
    "faces": {
        "down": {
            "uv": [ 9, 14, 9.5, 14.5 ],
            "texture": "#top",
            "cull": false
        },
        "up": {
            "uv": [ 9, 14, 9.5, 14.5 ],
            "texture": "#top",
            "cull": false
        },
        "north": {
            "uv": [ 7.5, 13.5, 8, 14 ],
            "texture": "#top",
            "cull": false
        },
        "south": {
            "uv": [ 7.5, 13.5, 8, 14 ],
            "texture": "#top",
            "cull": false
        },
        "west": {
            "uv": [ 9.5, 13.5, 10, 14 ],
            "texture": "#top",
            "cull": false
        },
        "east": {
            "uv": [ 9.5, 13.5, 10, 14 ],
            "texture": "#top",
            "cull": false
        }
    }
},
{
    "type": "cube",
    "from": [ 2.25, 4.5, 8.25 ],
    "to": [ 2.75, 5, 8.75 ],
    "faces": {
        "down": {
            "uv": [ 9, 14, 9.5, 14.5 ],
            "texture": "#top",
            "cull": false
        },
        "up": {
            "uv": [ 9, 14, 9.5, 14.5 ],
            "texture": "#top",
            "cull": false
        },
        "north": {
            "uv": [ 6.5, 13.5, 7, 14 ],
            "texture": "#top",
            "cull": false
        },
        "south": {
            "uv": [ 6.5, 13.5, 7, 14 ],
            "texture": "#top",
            "cull": false
        },
        "west": {
            "uv": [ 8.5, 13.5, 9, 14 ],
            "texture": "#top",
            "cull": false
        },
        "east": {
            "uv": [ 8.5, 13.5, 9, 14 ],
            "texture": "#top",
            "cull": false
        }
    }
},
{
    "type": "cube",
    "from": [ 2.25, 4.5, 7.25 ],
    "to": [ 2.75, 5, 7.75 ],
    "faces": {
        "down": {
            "uv": [ 9, 14, 9.5, 14.5 ],
            "texture": "#top",
            "cull": false
        },
        "up": {
            "uv": [ 9, 14, 9.5, 14.5 ],
            "texture": "#top",
            "cull": false
        },
        "north": {
            "uv": [ 6.5, 13.5, 7, 14 ],
            "texture": "#top",
            "cull": false
        },
        "south": {
            "uv": [ 6.5, 13.5, 7, 14 ],
            "texture": "#top",
            "cull": false
        },
        "west": {
            "uv": [ 7.5, 13.5, 8, 14 ],
            "texture": "#top",
            "cull": false
        },
        "east": {
            "uv": [ 7.5, 13.5, 8, 14 ],
            "texture": "#top",
            "cull": false
        }
    }
},
{
    "type": "cube",
    "from": [ 4.25, 4.5, 6.25 ],
    "to": [ 4.75, 5, 6.75 ],
    "faces": {
        "down": {
            "uv": [ 9, 14, 9.5, 14.5 ],
            "texture": "#top",
            "cull": false
        },
        "up": {
            "uv": [ 9, 14, 9.5, 14.5 ],
            "texture": "#top",
            "cull": false
        },
        "north": {
            "uv": [ 8.5, 13.5, 9, 14 ],
            "texture": "#top",
            "cull": false
        },
        "south": {
            "uv": [ 8.5, 13.5, 9, 14 ],
            "texture": "#top",
            "cull": false
        },
        "west": {
            "uv": [ 6.5, 13.5, 7, 14 ],
            "texture": "#top",
            "cull": false
        },
        "east": {
            "uv": [ 6.5, 13.5, 7, 14 ],
            "texture": "#top",
            "cull": false
        }
    }
},
{
    "type": "cube",
    "from": [ 3.25, 4.5, 6.25 ],
    "to": [ 3.75, 5, 6.75 ],
    "faces": {
        "down": {
            "uv": [ 9, 14, 9.5, 14.5 ],
            "texture": "#top",
            "cull": false
        },
        "up": {
            "uv": [ 9, 14, 9.5, 14.5 ],
            "texture": "#top",
            "cull": false
        },
        "north": {
            "uv": [ 7.5, 13.5, 8, 14 ],
            "texture": "#top",
            "cull": false
        },
        "south": {
            "uv": [ 7.5, 13.5, 8, 14 ],
            "texture": "#top",
            "cull": false
        },
        "west": {
            "uv": [ 6.5, 13.5, 7, 14 ],
            "texture": "#top",
            "cull": false
        },
        "east": {
            "uv": [ 6.5, 13.5, 7, 14 ],
            "texture": "#top",
            "cull": false
        }
    }
},
{
    "type": "cube",
    "from": [ 5.25, 4.5, 9.25 ],
    "to": [ 6.25, 5, 10.25 ],
    "faces": {
        "down": {
            "uv": [ 11, 3, 12, 4 ],
            "texture": "#top",
            "cull": false
        },
        "up": {
            "uv": [ 11, 3, 12, 4 ],
            "texture": "#top",
            "cull": false
        },
        "north": {
            "uv": [ 9.5, 13.5, 10.5, 14 ],
            "texture": "#top",
            "cull": false
        },
        "south": {
            "uv": [ 9.5, 13.5, 10.5, 14 ],
            "texture": "#top",
            "cull": false
        },
        "west": {
            "uv": [ 9.5, 13.5, 10.5, 14 ],
            "texture": "#top",
            "cull": false
        },
        "east": {
            "uv": [ 9.5, 13.5, 10.5, 14 ],
            "texture": "#top",
            "cull": false
        }
    }
},
{
    "type": "cube",
    "from": [ 1.75, 4.5, 9.25 ],
    "to": [ 2.75, 5, 10.25 ],
    "faces": {
        "down": {
            "uv": [ 11, 3, 12, 4 ],
            "texture": "#top",
            "cull": false
        },
        "up": {
            "uv": [ 11, 3, 12, 4 ],
            "texture": "#top",
            "cull": false
        },
        "north": {
            "uv": [ 6, 13.5, 7, 14 ],
            "texture": "#top",
            "cull": false
        },
        "south": {
            "uv": [ 6, 13.5, 7, 14 ],
            "texture": "#top",
            "cull": false
        },
        "west": {
            "uv": [ 9.5, 13.5, 10.5, 14 ],
            "texture": "#top",
            "cull": false
        },
        "east": {
            "uv": [ 9.5, 13.5, 10.5, 14 ],
            "texture": "#top",
            "cull": false
        }
    }
},
{
    "type": "cube",
    "from": [ 5.25, 4.5, 5.75 ],
    "to": [ 6.25, 5, 6.75 ],
    "faces": {
        "down": {
            "uv": [ 11, 3, 12, 4 ],
            "texture": "#top",
            "cull": false
        },
        "up": {
            "uv": [ 11, 3, 12, 4 ],
            "texture": "#top",
            "cull": false
        },
        "north": {
            "uv": [ 9.5, 13.5, 10.5, 14 ],
            "texture": "#top",
            "cull": false
        },
        "south": {
            "uv": [ 9.5, 13.5, 10.5, 14 ],
            "texture": "#top",
            "cull": false
        },
        "west": {
            "uv": [ 6, 13.5, 7, 14 ],
            "texture": "#top",
            "cull": false
        },
        "east": {
            "uv": [ 6, 13.5, 7, 14 ],
            "texture": "#top",
            "cull": false
        }
    }
},
{
    "type": "cube",
    "from": [ 1.75, 4.5, 5.75 ],
    "to": [ 2.75, 5, 6.75 ],
    "faces": {
        "down": {
            "uv": [ 11, 3, 12, 4 ],
            "texture": "#top",
            "cull": false
        },
        "up": {
            "uv": [ 11, 3, 12, 4 ],
            "texture": "#top",
            "cull": false
        },
        "north": {
            "uv": [ 6, 13.5, 7, 14 ],
            "texture": "#top",
            "cull": false
        },
        "south": {
            "uv": [ 6, 13.5, 7, 14 ],
            "texture": "#top",
            "cull": false
        },
        "west": {
            "uv": [ 6, 13.5, 7, 14 ],
            "texture": "#top",
            "cull": false
        },
        "east": {
            "uv": [ 6, 13.5, 7, 14 ],
            "texture": "#top",
            "cull": false
        }
    }
},
{
    "type": "cube",
    "from": [ 2.25, 3.5, 6.25 ],
    "to": [ 5.75, 4.5, 9.75 ],
    "faces": {
        "down": {
            "uv": [ 0, 0, 3.5, 3.5 ],
            "texture": "#top",
            "cull": false
        },
        "up": {
            "uv": [ 0, 0, 3.5, 3.5 ],
            "texture": "#top",
            "cull": false
        },
        "north": {
            "uv": [ 6.5, 14, 10, 15 ],
            "texture": "#top",
            "cull": false
        },
        "south": {
            "uv": [ 6.5, 14, 10, 15 ],
            "texture": "#top",
            "cull": false
        },
        "west": {
            "uv": [ 6.5, 14, 10, 15 ],
            "texture": "#top",
            "cull": false
        },
        "east": {
            "uv": [ 6.5, 14, 10, 15 ],
            "texture": "#top",
            "cull": false
        }
    }
},
{
    "type": "cube",
    "from": [ 1.25, 3, 5.25 ],
    "to": [ 6.75, 3.5, 10.75 ],
    "faces": {
        "down": {
            "uv": [ 10, 0, 15.5, 5.5 ],
            "texture": "#top",
            "cull": false
        },
        "up": {
            "uv": [ 10, 0, 15.5, 5.5 ],
            "texture": "#top",
            "cull": false
        },
        "north": {
            "uv": [ 5.5, 15, 11, 15.5 ],
            "texture": "#top",
            "cull": false
        },
        "south": {
            "uv": [ 5.5, 15, 11, 15.5 ],
            "texture": "#top",
            "cull": false
        },
        "west": {
            "uv": [ 5.5, 15, 11, 15.5 ],
            "texture": "#top",
            "cull": false
        },
        "east": {
            "uv": [ 5.5, 15, 11, 15.5 ],
            "texture": "#top",
            "cull": false
        }
    }
},

{
"from":[2.5,13,5.5],
"to":[2.5,16.5,9.5],
"rotation": { "origin": [2.5,16.5,9.5], "axis": "y", "angle": -45 },
"__comment":"Fiamma-",
"faces":{
"west":{ "uv":[6.5,2,10,5.5],"texture":"#top" },
"east":{ "uv":[6.5,2,10,5.5],"texture":"#top" }}},
{
"from":[2.5,13,6.5],
"to":[2.5,16.5,10.5],
"rotation": { "origin": [2.5,13,6.5], "axis": "y", "angle": 45 },
"__comment":"Fiamma",
"faces":{
"west":{ "uv":[6.5,2,10,5.5],"texture":"#top" },
"east":{ "uv":[6.5,2,10,5.5],"texture":"#top" }}
},

{
"from":[2.75,9,9.75],
"to":[5.25,12.5,9.75],
"__comment":"PlaneZ",
"faces":{
"north":{ "uv":[3.5,12,1,15.5],"texture":"#top" },
"south":{ "uv":[1,12,3.5,15.5],"texture":"#top" }}},
{
"from":[2.75,9,6.25],
"to":[5.25,12.5,6.25],
"__comment":"PlaneZ",
"faces":{
"north":{ "uv":[1,12,3.5,15.5],"texture":"#top" },
"south":{ "uv":[3.5,12,1,15.5],"texture":"#top" }}},
{
"from":[5.75,9,6.75],
"to":[5.75,12.5,9.25],
"__comment":"PlaneX",
"faces":{
"west":{ "uv":[3.5,12,1,15.5],"texture":"#top" },
"east":{ "uv":[1,12,3.5,15.5],"texture":"#top" }}},
{
"from":[2.25,9,6.75],
"to":[2.25,12.5,9.25],
"__comment":"PlaneX",
"faces":{
"west":{ "uv":[1,12,3.5,15.5],"texture":"#top" },
"east":{ "uv":[3.5,12,1,15.5],"texture":"#top" }}},
{
"from":[2.25,12.5,6.25],
"to":[5.75,12.5,9.75],
"__comment":"PlaneY",
"faces":{
"down":{ "uv":[12.5,12.5,16,16],"texture":"#top" },
"up":{ "uv":[12.5,12.5,16,16],"texture":"#top" }}},


{
    "type": "cube",
    "from": [ 1.75, 2.5, 5.75 ],
    "to": [ 6.25, 3, 10.25 ],
    "faces": {
        "down": {
            "uv": [ 0, 0, 4.5, 4.5 ],
            "texture": "#top",
            "cull": false
        },
        "up": {
            "uv": [ 0, 0, 4.5, 4.5 ],
            "texture": "#top",
            "cull": false
        },
        "north": {
            "uv": [ 6, 15.5, 10.5, 16 ],
            "texture": "#top",
            "cull": false
        },
        "south": {
            "uv": [ 6, 15.5, 10.5, 16 ],
            "texture": "#top",
            "cull": false
        },
        "west": {
            "uv": [ 6, 15.5, 10.5, 16 ],
            "texture": "#top",
            "cull": false
        },
        "east": {
            "uv": [ 6, 15.5, 10.5, 16 ],
            "texture": "#top",
            "cull": false
        }
    }
}
]
}