{
"__comment": "3D Mesh designed with BDcraft Cubik - Version PRO 0.65 Beta",
"ambientocclusion": true,
"textures": {
    "down": "blocks/fence",
    "up": "blocks/fence",
    "north": "blocks/fence",
    "south": "blocks/fence",
    "west": "blocks/fence",
    "east": "blocks/fence",
    "particle": "blocks/fence"
},
"elements": [ 
{
    "from": [ 7, 9, 4 ],
    "to": [ 9, 11, 12 ],
    "__comment": "Cube*",
    "faces": {
        "down":  { "uv": [ 7, 12, 9, 4 ], "texture": "#down" },
        "up":    { "uv": [ 7, 4, 9, 12 ], "texture": "#up" },
        "west":  { "uv": [ 0, 8, 8, 10 ], "texture": "#west" },
        "east":  { "uv": [ 8, 8, 0, 10 ], "texture": "#east" }
    }
},
{
    "from": [ 7, 5, 4 ],
    "to": [ 9, 7, 12 ],
    "__comment": "Cube*",
    "faces": {
        "down":  { "uv": [ 7, 12, 9, 4 ], "texture": "#down" },
        "up":    { "uv": [ 7, 4, 9, 12 ], "texture": "#up" },
        "west":  { "uv": [ 0, 1.5, 8, 3.5 ], "texture": "#west" },
        "east":  { "uv": [ 8, 1.5, 0, 3.5 ], "texture": "#east" }
    }
},
{
    "from": [ 7, 13, 4 ],
    "to": [ 9, 15, 12 ],
    "faces": {
        "down":  { "uv": [ 7, 12, 9, 4 ], "texture": "#down" },
        "up":    { "uv": [ 7, 4, 9, 12 ], "texture": "#up" },
        "west":  { "uv": [ 0, 1.5, 8, 3.5 ], "texture": "#west" },
        "east":  { "uv": [ 8, 1.5, 0, 3.5 ], "texture": "#east" }
    }
},
{
    "from": [ 6, 0, 0 ],
    "to": [ 10, 16, 4 ],
    "__comment": "Main_Post*",
    "faces": {
        "down":  { "uv": [ 6, 6, 10, 10 ], "texture": "#down" },
        "up":    { "uv": [ 6, 6, 10, 10 ], "texture": "#up" },
        "north": { "uv": [ 10, 0, 6, 16 ], "texture": "#north" },
        "south": { "uv": [ 6, 0, 10, 16 ], "texture": "#south" },
        "west":  { "uv": [ 6, 0, 10, 16 ], "texture": "#west" },
        "east":  { "uv": [ 10, 0, 6, 16 ], "texture": "#east" }
    }
},
{
    "from": [ 6, 17, 0 ],
    "to": [ 9.98, 19, 3.98 ],
    "__comment": "Head_post*",
    "faces": {
        "down":  { "uv": [ 6, 6, 10, 10 ], "texture": "#down" },
        "up":    { "uv": [ 6, 6, 10, 10 ], "texture": "#up" },
        "north": { "uv": [ 6, 0, 10, 2 ], "texture": "#north" },
        "south": { "uv": [ 6, 0, 10, 2 ], "texture": "#south" },
        "west":  { "uv": [ 6, 0, 10, 2 ], "texture": "#west" },
        "east":  { "uv": [ 6, 0, 10, 2 ], "texture": "#east" }
    }
},
{
    "from": [ 6.5, 16, 0.5 ],
    "to": [ 9.5, 17, 3.5 ],
    "__comment": "Inner_post*",
    "faces": {
        "north": { "uv": [ 6.5, 0, 9.5, 1 ], "texture": "#north" },
        "south": { "uv": [ 6.5, 0, 9.5, 1 ], "texture": "#south" },
        "west":  { "uv": [ 6.5, 0, 9.5, 1 ], "texture": "#west" },
        "east":  { "uv": [ 6.5, 0, 9.5, 1 ], "texture": "#east" }
    }
},
{
    "from": [ 6, 0, 12 ],
    "to": [ 10, 16, 16 ],
    "__comment": "Main_Post",
    "faces": {
        "down":  { "uv": [ 6, 6, 10, 10 ], "texture": "#down" },
        "up":    { "uv": [ 6, 6, 10, 10 ], "texture": "#up" },
        "north": { "uv": [ 10, 0, 6, 16 ], "texture": "#north" },
        "south": { "uv": [ 6, 0, 10, 16 ], "texture": "#south" },
        "west":  { "uv": [ 6, 0, 10, 16 ], "texture": "#west" },
        "east":  { "uv": [ 10, 0, 6, 16 ], "texture": "#east" }
    }
},
{
    "from": [ 6, 17, 12 ],
    "to": [ 9.98, 19, 15.98 ],
    "__comment": "Head_post",
    "faces": {
        "down":  { "uv": [ 6, 6, 10, 10 ], "texture": "#down" },
        "up":    { "uv": [ 6, 6, 10, 10 ], "texture": "#up" },
        "north": { "uv": [ 6, 0, 10, 2 ], "texture": "#north" },
        "south": { "uv": [ 6, 0, 10, 2 ], "texture": "#south" },
        "west":  { "uv": [ 6, 0, 10, 2 ], "texture": "#west" },
        "east":  { "uv": [ 6, 0, 10, 2 ], "texture": "#east" }
    }
},
{
    "from": [ 6.5, 16, 12.5 ],
    "to": [ 9.5, 17, 15.5 ],
    "__comment": "Inner_post",
    "faces": {
        "north": { "uv": [ 6.5, 0, 9.5, 1 ], "texture": "#north" },
        "south": { "uv": [ 6.5, 0, 9.5, 1 ], "texture": "#south" },
        "west":  { "uv": [ 6.5, 0, 9.5, 1 ], "texture": "#west" },
        "east":  { "uv": [ 6.5, 0, 9.5, 1 ], "texture": "#east" }
    }
}
]
}