{
"__comment": "3D Mesh designed with BDcraft Cubik - Version PRO 0.65 Beta",
"ambientocclusion": false,
"inventoryRender3D": false,
"textures": {
    "down": "blocks/fence",
    "up": "blocks/fence",
    "north": "blocks/fence",
    "south": "blocks/fence",
    "west": "blocks/fence",
    "east": "blocks/fence",
    "particle": "blocks/fence"
},
"elements": [ 
{
    "from": [ 7, 8.5, 10 ],
    "to": [ 9, 10.5, 16 ],
    "__comment": "lat*",
    "faces": {
        "down":  { "uv": [ 7, 0, 9, 6 ], "texture": "#down" },
        "up":    { "uv": [ 7, 0, 9, 6 ], "texture": "#up" },
        "south": { "uv": [ 7, 5.5, 9, 7.5 ], "texture": "#south" },
        "west":  { "uv": [ 10, 8, 16, 10 ], "texture": "#west" },
        "east":  { "uv": [ 10, 8, 16, 10 ], "texture": "#east" }
    }
},
{
    "from": [ 7, 13, 10 ],
    "to": [ 9, 15, 16 ],
    "__comment": "lat*",
    "faces": {
        "down":  { "uv": [ 7, 0, 9, 6 ], "texture": "#down" },
        "up":    { "uv": [ 7, 0, 9, 6 ], "texture": "#up" },
        "south": { "uv": [ 7, 1, 9, 3 ], "texture": "#south" },
        "west":  { "uv": [ 0, 2, 6, 4 ], "texture": "#west" },
        "east":  { "uv": [ 0, 2, 6, 4 ], "texture": "#east" }
    }
},
{
    "from": [ 7, 4, 10 ],
    "to": [ 9, 6, 16 ],
    "__comment": "lat*",
    "faces": {
        "down":  { "uv": [ 7, 0, 9, 6 ], "texture": "#down" },
        "up":    { "uv": [ 7, 0, 9, 6 ], "texture": "#up" },
        "south": { "uv": [ 7, 10, 9, 12 ], "texture": "#south" },
        "west":  { "uv": [ 0, 8, 6, 10 ], "texture": "#west" },
        "east":  { "uv": [ 0, 8, 6, 10 ], "texture": "#east" }
    }
},
{
    "from": [ 7, 8.5, 0 ],
    "to": [ 9, 10.5, 6 ],
    "__comment": "lat*",
    "faces": {
        "down":  { "uv": [ 7, 0, 9, 6 ], "texture": "#down" },
        "up":    { "uv": [ 7, 0, 9, 6 ], "texture": "#up" },
        "north": { "uv": [ 7, 5.5, 9, 7.5 ], "texture": "#north" },
        "west":  { "uv": [ 10, 8, 16, 10 ], "texture": "#west" },
        "east":  { "uv": [ 10, 8, 16, 10 ], "texture": "#east" }
    }
},
{
    "from": [ 7, 13, 0 ],
    "to": [ 9, 15, 6 ],
    "__comment": "lat*",
    "faces": {
        "down":  { "uv": [ 7, 0, 9, 6 ], "texture": "#down" },
        "up":    { "uv": [ 7, 0, 9, 6 ], "texture": "#up" },
        "north": { "uv": [ 7, 1, 9, 3 ], "texture": "#north" },
        "west":  { "uv": [ 0, 2, 6, 4 ], "texture": "#west" },
        "east":  { "uv": [ 0, 2, 6, 4 ], "texture": "#east" }
    }
},
{
    "from": [ 7, 4, 0 ],
    "to": [ 9, 6, 6 ],
    "__comment": "lat",
    "faces": {
        "down":  { "uv": [ 7, 0, 9, 6 ], "texture": "#down" },
        "up":    { "uv": [ 7, 0, 9, 6 ], "texture": "#up" },
        "north": { "uv": [ 7, 10, 9, 12 ], "texture": "#north" },
        "west":  { "uv": [ 0, 8, 6, 10 ], "texture": "#west" },
        "east":  { "uv": [ 0, 8, 6, 10 ], "texture": "#east" }
    }
},
{
    "from": [ 6.5, 16, 6.5 ],
    "to": [ 9.5, 17, 9.5 ],
    "__comment": "Inner_post",
    "faces": {
        "north": { "uv": [ 6.5, 0, 9.5, 1 ], "texture": "#north" },
        "south": { "uv": [ 6.5, 0, 9.5, 1 ], "texture": "#south" },
        "west":  { "uv": [ 6.5, 0, 9.5, 1 ], "texture": "#west" },
        "east":  { "uv": [ 6.5, 0, 9.5, 1 ], "texture": "#east" }
    }
},
{
    "from": [ 6.125, 17, 6.125 ],
    "to": [ 9.925, 19, 9.925 ],
    "__comment": "Head_post",
    "faces": {
        "down":  { "uv": [ 6, 6, 10, 10 ], "texture": "#down" },
        "up":    { "uv": [ 6, 6, 10, 10 ], "texture": "#up" },
        "north": { "uv": [ 6, 0, 10, 2 ], "texture": "#north" },
        "south": { "uv": [ 6, 0, 10, 2 ], "texture": "#south" },
        "west":  { "uv": [ 6, 0, 10, 2 ], "texture": "#west" },
        "east":  { "uv": [ 6, 0, 10, 2 ], "texture": "#east" }
    }
},
{
    "from": [ 6, 0, 6 ],
    "to": [ 10, 16, 10 ],
    "__comment": "Main_Post",
    "faces": {
        "down":  { "uv": [ 6, 6, 10, 10 ], "texture": "#down" },
        "up":    { "uv": [ 6, 6, 10, 10 ], "texture": "#up" },
        "north": { "uv": [ 10, 0, 6, 16 ], "texture": "#north" },
        "south": { "uv": [ 6, 0, 10, 16 ], "texture": "#south" },
        "west":  { "uv": [ 6, 0, 10, 16 ], "texture": "#west" },
        "east":  { "uv": [ 10, 0, 6, 16 ], "texture": "#east" }
    }
}
]
}